Id,MemberId,LoanAmount,TransactionDate,MaturityDate,LoanStatus,InitialInterestAmount,ProductId,RepaymentAmount,RepaymentDate,RepaymentType
24,16,1500.0,2024-11-23 18:12:45.728862+00:00,2024-11-28 00:00:00+00:00,fully_settled,187.5,1,1687.5,2024-12-02 12:38:55.132321+00:00,self_loan_repayment
41,4,1.0,2024-11-27 10:26:13.037785+00:00,2024-11-28 00:00:00+00:00,fully_settled,0.125,1,1.125,2024-11-29 06:06:47.601286+00:00,self_loan_repayment
22,4,2.0,2024-11-23 04:08:53.435703+00:00,2024-11-28 00:00:00+00:00,fully_settled,0.25,1,2.25,2024-11-29 07:36:36.339257+00:00,self_loan_repayment
20,34,2000.0,2024-11-22 16:11:33.329363+00:00,2024-11-28 00:00:00+00:00,fully_settled,250.0,1,300.0,2024-12-04 14:19:53.561110+00:00,self_loan_repayment
29,5,50.0,2024-11-25 15:47:22.250368+00:00,2024-11-28 00:00:00+00:00,fully_settled,6.25,1,56.25,2024-11-29 07:49:00.759801+00:00,self_loan_repayment
1,4,100.0,2024-11-20 18:17:42.823619+00:00,2024-11-28 00:00:00+00:00,fully_settled,12.5,1,4.0,2024-12-04 20:09:48.246589+00:00,self_loan_repayment
72,3,20.0,2024-11-29 13:17:30.071596+00:00,2024-12-28 00:00:00+00:00,fully_settled,2.5,1,22.5,2024-11-29 13:19:23.261067+00:00,self_loan_repayment
62,4,1.0,2024-11-29 05:46:57.351139+00:00,2024-12-28 00:00:00+00:00,fully_settled,0.125,1,1.125,2024-11-30 04:50:18.281824+00:00,self_loan_repayment
4,4,1.0,2024-11-20 19:01:42.345183+00:00,2024-11-28 00:00:00+00:00,fully_settled,0.125,1,1.125,2024-12-02 07:02:41.728609+00:00,self_loan_repayment
61,4,1.0,2024-11-29 05:43:06.742375+00:00,2024-12-28 00:00:00+00:00,fully_settled,0.125,1,1.125,2024-12-02 07:03:33.736817+00:00,self_loan_repayment
9,5,50.0,2024-11-20 21:28:02.537089+00:00,2024-11-28 00:00:00+00:00,fully_settled,6.25,1,56.25,2024-12-06 06:02:12.337820+00:00,self_loan_repayment
196,4,1.0,2024-12-06 12:28:16.860025+00:00,2024-12-28 00:00:00+00:00,fully_settled,0.125,1,1.125,2024-12-06 12:29:26.545779+00:00,self_loan_repayment
20,34,2000.0,2024-11-22 16:11:33.329363+00:00,2024-11-28 00:00:00+00:00,fully_settled,250.0,1,300.0,2024-12-06 20:00:37.216894+00:00,self_loan_repayment
158,23,1100.0,2024-12-03 08:53:36.075467+00:00,2024-12-28 00:00:00+00:00,fully_settled,137.5,1,1237.0,2024-12-22 18:25:50.768322+00:00,self_loan_repayment
20,34,2000.0,2024-11-22 16:11:33.329363+00:00,2024-11-28 00:00:00+00:00,fully_settled,250.0,1,500.0,2024-12-23 10:26:13.967166+00:00,self_loan_repayment
158,23,1100.0,2024-12-03 08:53:36.075467+00:00,2024-12-28 00:00:00+00:00,fully_settled,137.5,1,0.5,2024-12-24 16:50:22.974747+00:00,self_loan_repayment
169,45,200.0,2024-12-03 15:24:53.070917+00:00,2024-12-14 00:00:00+00:00,fully_settled,37.0,4,237.0,2025-01-04 07:27:54.844618+00:00,allocation_repayment
20,34,2000.0,2024-11-22 16:11:33.329363+00:00,2024-11-28 00:00:00+00:00,fully_settled,250.0,1,500.0,2024-12-25 09:26:30.414349+00:00,self_loan_repayment
5,2,2000.0,2024-11-20 19:05:31.394930+00:00,2024-11-28 00:00:00+00:00,fully_settled,250.0,1,2250.0,2025-01-06 12:51:02.482995+00:00,allocation_repayment
207,23,600.0,2024-12-14 06:15:52.119792+00:00,2024-12-28 00:00:00+00:00,fully_settled,75.0,1,675.0,2024-12-28 08:19:36.271060+00:00,self_loan_repayment
205,4,350.0,2024-12-10 15:01:28.797970+00:00,2024-12-28 00:00:00+00:00,fully_settled,43.75,1,1.0,2024-12-18 09:01:30.828640+00:00,allocation_repayment
20,34,2000.0,2024-11-22 16:11:33.329363+00:00,2024-11-28 00:00:00+00:00,fully_settled,250.0,1,650.0,2025-01-01 07:58:14.992746+00:00,self_loan_repayment
182,14,1.0,2024-12-04 09:41:55.915068+00:00,2024-12-28 00:00:00+00:00,overdue,0.125,1,1.0,2025-01-02 19:02:26.053939+00:00,allocation_repayment
166,14,1.0,2024-12-03 11:19:02.986860+00:00,2024-12-28 00:00:00+00:00,fully_settled,0.125,1,1.0,2025-01-02 19:08:41.912819+00:00,allocation_repayment
92,12,1.0,2024-12-02 09:45:33.770457+00:00,2024-12-28 00:00:00+00:00,fully_settled,0.125,1,1.125,2025-01-03 05:34:59.530561+00:00,allocation_repayment
60,4,1.0,2024-11-29 05:33:04.715750+00:00,2024-12-28 00:00:00+00:00,fully_settled,0.125,1,1.125,2025-01-03 05:43:58.217888+00:00,allocation_repayment
16,12,1.0,2024-11-22 13:24:28.503636+00:00,2024-11-28 00:00:00+00:00,fully_settled,0.125,1,1.125,2025-01-03 05:47:57.076749+00:00,allocation_repayment
17,22,1.0,2024-11-22 13:45:43.701957+00:00,2024-11-28 00:00:00+00:00,fully_settled,0.125,1,1.125,2025-01-03 05:48:21.599484+00:00,allocation_repayment
84,3,10.0,2024-12-01 20:29:05.018234+00:00,2024-12-28 00:00:00+00:00,fully_settled,1.25,1,11.25,2025-01-03 06:03:23.598942+00:00,allocation_repayment
7,1,10.0,2024-11-20 19:09:19.739050+00:00,2024-11-28 00:00:00+00:00,fully_settled,1.25,1,11.25,2025-01-03 06:37:01.991017+00:00,allocation_repayment
3,3,20.0,2024-11-20 18:18:02.792600+00:00,2024-11-28 00:00:00+00:00,fully_settled,2.5,1,22.5,2025-01-04 05:13:23.293463+00:00,allocation_repayment
206,76,1000.0,2024-12-12 13:18:43.156008+00:00,2024-12-14 00:00:00+00:00,fully_settled,185.0,4,1185.0,2025-01-04 07:11:35.383822+00:00,allocation_repayment
201,76,3000.0,2024-12-09 05:55:55.007724+00:00,2024-12-14 00:00:00+00:00,fully_settled,555.0,4,3555.0,2025-01-04 07:11:49.975130+00:00,allocation_repayment
195,69,4000.0,2024-12-06 12:19:09.395712+00:00,2024-12-14 00:00:00+00:00,fully_settled,740.0,4,4740.0,2025-01-04 07:11:59.313440+00:00,allocation_repayment
194,65,500.0,2024-12-06 11:46:31.367918+00:00,2024-12-14 00:00:00+00:00,fully_settled,92.5,4,592.5,2025-01-04 07:12:07.747290+00:00,allocation_repayment
191,61,500.0,2024-12-05 19:37:08.751599+00:00,2024-12-14 00:00:00+00:00,fully_settled,92.5,4,592.5,2025-01-04 07:12:16.343942+00:00,allocation_repayment
190,66,4000.0,2024-12-05 15:20:09.238750+00:00,2024-12-14 00:00:00+00:00,fully_settled,740.0,4,4740.0,2025-01-04 07:12:24.448744+00:00,allocation_repayment
189,63,5000.0,2024-12-05 06:46:56.942012+00:00,2024-12-14 00:00:00+00:00,fully_settled,925.0,4,5925.0,2025-01-04 07:12:34.330281+00:00,allocation_repayment
187,75,3000.0,2024-12-04 18:42:22.851215+00:00,2024-12-14 00:00:00+00:00,fully_settled,555.0,4,3555.0,2025-01-04 07:26:07.798001+00:00,allocation_repayment
185,52,4000.0,2024-12-04 14:10:24.432000+00:00,2024-12-14 00:00:00+00:00,fully_settled,740.0,4,4740.0,2025-01-04 07:26:13.632163+00:00,allocation_repayment
184,73,6000.0,2024-12-04 12:21:15.035277+00:00,2024-12-14 00:00:00+00:00,fully_settled,1110.0,4,7110.0,2025-01-04 07:26:26.958976+00:00,allocation_repayment
181,67,4000.0,2024-12-04 08:49:05.307126+00:00,2024-12-14 00:00:00+00:00,fully_settled,740.0,4,4740.0,2025-01-04 07:26:33.669854+00:00,allocation_repayment
180,60,5000.0,2024-12-04 08:41:26.818926+00:00,2024-12-14 00:00:00+00:00,fully_settled,925.0,4,5925.0,2025-01-04 07:26:39.308483+00:00,allocation_repayment
179,62,6000.0,2024-12-04 08:31:03.678219+00:00,2024-12-14 00:00:00+00:00,fully_settled,1110.0,4,7110.0,2025-01-04 07:26:45.783452+00:00,allocation_repayment
178,74,7000.0,2024-12-03 20:37:00.545443+00:00,2024-12-14 00:00:00+00:00,fully_settled,1295.0,4,8295.0,2025-01-04 07:26:51.393212+00:00,allocation_repayment
177,72,6000.0,2024-12-03 20:08:29.819498+00:00,2024-12-14 00:00:00+00:00,fully_settled,1110.0,4,7110.0,2025-01-04 07:27:01.243029+00:00,allocation_repayment
176,71,1500.0,2024-12-03 19:01:50.902158+00:00,2024-12-14 00:00:00+00:00,fully_settled,277.5,4,1777.5,2025-01-04 07:27:05.881895+00:00,allocation_repayment
175,55,6000.0,2024-12-03 17:58:40.021047+00:00,2024-12-14 00:00:00+00:00,fully_settled,1110.0,4,7110.0,2025-01-04 07:27:10.848634+00:00,allocation_repayment
174,59,6000.0,2024-12-03 17:45:08.131620+00:00,2024-12-14 00:00:00+00:00,fully_settled,1110.0,4,7110.0,2025-01-04 07:27:16.144122+00:00,allocation_repayment
173,54,5000.0,2024-12-03 16:31:34.707832+00:00,2024-12-14 00:00:00+00:00,fully_settled,925.0,4,5925.0,2025-01-04 07:27:21.666715+00:00,allocation_repayment
172,49,4000.0,2024-12-03 15:39:13.719128+00:00,2024-12-14 00:00:00+00:00,fully_settled,740.0,4,4740.0,2025-01-04 07:27:32.885575+00:00,allocation_repayment
171,51,4000.0,2024-12-03 15:35:40.660931+00:00,2024-12-14 00:00:00+00:00,fully_settled,740.0,4,4740.0,2025-01-04 07:27:40.733537+00:00,allocation_repayment
170,47,4500.0,2024-12-03 15:34:21.155102+00:00,2024-12-14 00:00:00+00:00,fully_settled,832.5,4,5332.5,2025-01-04 07:27:48.263857+00:00,allocation_repayment
205,4,350.0,2024-12-10 15:01:28.797970+00:00,2024-12-28 00:00:00+00:00,fully_settled,43.75,1,1.0,2024-12-18 09:48:03.239016+00:00,allocation_repayment
326,4,30.0,2025-01-07 19:39:23.770570+00:00,2025-01-28 00:00:00+00:00,fully_settled,3.75,1,1.0,2025-01-09 13:13:23.199622+00:00,allocation_repayment
326,4,30.0,2025-01-07 19:39:23.770570+00:00,2025-01-28 00:00:00+00:00,fully_settled,3.75,1,1.0,2025-01-09 13:58:02.853042+00:00,allocation_repayment
319,28,10.0,2025-02-22 10:28:14.107000+00:00,2025-01-28 00:00:00+00:00,fully_settled,1.25,1,11.25,2025-01-09 14:03:21.657039+00:00,allocation_repayment
318,28,10.0,2025-02-22 10:27:51.720000+00:00,2025-01-28 00:00:00+00:00,fully_settled,1.25,1,11.25,2025-01-09 14:05:29.136447+00:00,allocation_repayment
317,28,10.0,2025-02-22 10:28:11.758000+00:00,2025-01-28 00:00:00+00:00,fully_settled,1.25,1,2.0,2025-01-09 14:42:25.094398+00:00,allocation_repayment
317,28,10.0,2025-02-22 10:28:11.758000+00:00,2025-01-28 00:00:00+00:00,fully_settled,1.25,1,1.0,2025-01-09 14:59:16.490919+00:00,allocation_repayment
317,28,10.0,2025-02-22 10:28:11.758000+00:00,2025-01-28 00:00:00+00:00,fully_settled,1.25,1,8.25,2025-01-09 14:59:37.945793+00:00,allocation_repayment
316,28,10.0,2025-02-22 10:27:42.001000+00:00,2025-01-28 00:00:00+00:00,fully_settled,1.25,1,1.0,2025-01-09 15:04:06.780814+00:00,allocation_repayment
314,28,10.0,2025-02-22 10:27:47.826000+00:00,2025-01-28 00:00:00+00:00,fully_settled,1.25,1,5.0,2025-01-09 15:10:56.826185+00:00,allocation_repayment
314,28,10.0,2025-02-22 10:27:47.826000+00:00,2025-01-28 00:00:00+00:00,fully_settled,1.25,1,6.25,2025-01-09 15:11:20.059681+00:00,allocation_repayment
312,28,10.0,2025-02-22 10:38:45.778000+00:00,2025-01-28 00:00:00+00:00,fully_settled,1.25,1,11.25,2025-01-09 15:30:13.774184+00:00,allocation_repayment
294,51,4000.0,2025-01-04 07:53:42.099159+00:00,2025-01-14 00:00:00+00:00,fully_settled,740.0,4,4740.0,2025-02-03 11:02:45.562964+00:00,allocation_repayment
32,20,100.0,2024-11-26 13:56:36.933917+00:00,2024-11-28 00:00:00+00:00,fully_settled,12.5,1,112.5,2025-01-10 11:37:17.015247+00:00,self_loan_repayment
341,28,10.0,2025-02-22 10:27:57.181000+00:00,2025-01-28 00:00:00+00:00,fully_settled,1.25,1,1.0,2025-01-10 16:48:36.597380+00:00,allocation_repayment
341,28,10.0,2025-02-22 10:27:57.181000+00:00,2025-01-28 00:00:00+00:00,fully_settled,1.25,1,1.0,2025-01-14 15:35:03.266676+00:00,allocation_repayment
341,28,10.0,2025-02-22 10:27:57.181000+00:00,2025-01-28 00:00:00+00:00,fully_settled,1.25,1,1.0,2025-01-14 15:35:27.986358+00:00,allocation_repayment
325,2,2000.0,2025-01-07 19:01:36.504138+00:00,2025-01-28 00:00:00+00:00,fully_settled,250.0,1,1.0,2025-01-15 13:40:19.272104+00:00,allocation_repayment
316,28,10.0,2025-02-22 10:27:42.001000+00:00,2025-01-28 00:00:00+00:00,fully_settled,1.25,1,10.25,2025-01-15 14:08:50.758856+00:00,allocation_repayment
341,28,10.0,2025-02-22 10:27:57.181000+00:00,2025-01-28 00:00:00+00:00,fully_settled,1.25,1,8.25,2025-01-15 14:09:13.211511+00:00,allocation_repayment
315,28,10.0,2025-02-22 10:28:00.666000+00:00,2025-01-28 00:00:00+00:00,fully_settled,1.25,1,11.25,2025-01-15 14:09:35.330081+00:00,allocation_repayment
326,4,30.0,2025-01-07 19:39:23.770570+00:00,2025-01-28 00:00:00+00:00,fully_settled,3.75,1,1.0,2025-01-15 14:13:08.816935+00:00,allocation_repayment
311,28,10.0,2025-02-22 10:28:05.019000+00:00,2025-01-28 00:00:00+00:00,fully_settled,1.25,1,11.25,2025-01-15 14:51:39.238678+00:00,allocation_repayment
313,28,10.0,2025-02-22 10:28:03.105000+00:00,2025-01-28 00:00:00+00:00,fully_settled,1.25,1,11.25,2025-01-15 14:52:07.101971+00:00,allocation_repayment
326,4,30.0,2025-01-07 19:39:23.770570+00:00,2025-01-28 00:00:00+00:00,fully_settled,3.75,1,30.75,2025-01-21 17:24:42.068233+00:00,allocation_repayment
205,4,350.0,2024-12-10 15:01:28.797970+00:00,2024-12-28 00:00:00+00:00,fully_settled,43.75,1,150.0,2025-01-22 14:01:38.776260+00:00,allocation_repayment
205,4,350.0,2024-12-10 15:01:28.797970+00:00,2024-12-28 00:00:00+00:00,fully_settled,43.75,1,50.0,2025-01-22 14:05:44.443611+00:00,allocation_repayment
205,4,350.0,2024-12-10 15:01:28.797970+00:00,2024-12-28 00:00:00+00:00,fully_settled,43.75,1,191.75,2025-01-22 14:47:01.633758+00:00,allocation_repayment
400,4,100.0,2025-01-22 14:52:28.993469+00:00,2025-01-28 00:00:00+00:00,fully_settled,12.5,1,108.25,2025-01-26 12:41:20.110703+00:00,allocation_repayment
400,4,100.0,2025-01-22 14:52:28.993469+00:00,2025-01-28 00:00:00+00:00,fully_settled,12.5,1,4.25,2025-01-26 12:41:42.344319+00:00,allocation_repayment
40,33,2000.0,2024-11-27 10:26:09.761832+00:00,2024-11-28 00:00:00+00:00,fully_settled,250.0,1,2250.0,2025-01-27 15:20:50.845828+00:00,allocation_repayment
39,33,1000.0,2024-11-27 10:25:01.761930+00:00,2024-11-28 00:00:00+00:00,fully_settled,125.0,1,1125.0,2025-01-27 15:21:06.444847+00:00,allocation_repayment
37,33,1000.0,2024-11-27 10:17:06.955605+00:00,2024-11-28 00:00:00+00:00,fully_settled,125.0,1,1125.0,2025-01-27 15:21:23.954078+00:00,allocation_repayment
36,33,1000.0,2024-11-27 10:16:07.701361+00:00,2024-11-28 00:00:00+00:00,fully_settled,125.0,1,1125.0,2025-01-27 15:21:40.475429+00:00,allocation_repayment
35,33,1000.0,2024-11-27 10:15:16.170251+00:00,2024-11-28 00:00:00+00:00,fully_settled,125.0,1,1125.0,2025-01-27 15:21:57.954117+00:00,allocation_repayment
415,7,500.0,2025-01-27 16:13:22.927823+00:00,2025-01-28 00:00:00+00:00,fully_settled,62.5,1,1.0,2025-01-28 10:24:00.844514+00:00,allocation_repayment
247,23,2000.0,2024-12-28 08:20:48.589711+00:00,2025-01-28 00:00:00+00:00,fully_settled,250.0,1,10.0,2025-01-28 10:27:39.429512+00:00,self_loan_repayment
247,23,2000.0,2024-12-28 08:20:48.589711+00:00,2025-01-28 00:00:00+00:00,fully_settled,250.0,1,1.0,2025-01-28 10:37:07.006078+00:00,allocation_repayment
244,68,5000.0,2024-12-26 13:45:13.106203+00:00,2025-01-14 00:00:00+00:00,fully_settled,925.0,4,5925.0,2025-01-29 10:41:56.328305+00:00,allocation_repayment
350,94,3500.0,2025-01-14 14:54:49.291354+00:00,2025-02-14 00:00:00+00:00,fully_settled,647.5,4,4147.5,2025-02-01 10:58:38.659569+00:00,allocation_repayment
291,54,5000.0,2025-01-04 07:34:43.856875+00:00,2025-01-14 00:00:00+00:00,fully_settled,925.0,4,5925.0,2025-02-02 12:55:51.746445+00:00,allocation_repayment
301,73,6000.0,2025-01-04 10:27:41.895835+00:00,2025-01-14 00:00:00+00:00,fully_settled,1110.0,4,7110.0,2025-02-02 12:57:34.001572+00:00,allocation_repayment
295,47,4500.0,2025-01-04 07:53:52.931901+00:00,2025-01-14 00:00:00+00:00,fully_settled,832.5,4,5332.5,2025-02-02 13:01:47.860587+00:00,allocation_repayment
349,49,500.0,2025-01-12 10:22:03.871638+00:00,2025-01-14 00:00:00+00:00,fully_settled,92.5,4,592.5,2025-02-02 16:23:07.733161+00:00,allocation_repayment
347,49,1000.0,2025-01-11 09:23:58.264678+00:00,2025-01-14 00:00:00+00:00,fully_settled,185.0,4,1185.0,2025-02-02 16:25:04.978763+00:00,allocation_repayment
300,71,1500.0,2025-01-04 10:27:04.349255+00:00,2025-01-14 00:00:00+00:00,fully_settled,277.5,4,1777.5,2025-02-03 12:06:08.016355+00:00,allocation_repayment
299,74,7000.0,2025-01-04 09:07:11.347803+00:00,2025-01-14 00:00:00+00:00,fully_settled,1295.0,4,8295.0,2025-02-03 12:06:33.044850+00:00,allocation_repayment
321,63,3000.0,2025-01-07 07:19:09.469762+00:00,2025-01-14 00:00:00+00:00,fully_settled,555.0,4,3555.0,2025-02-03 12:05:21.854379+00:00,allocation_repayment
293,55,6000.0,2025-01-04 07:50:34.097550+00:00,2025-01-14 00:00:00+00:00,fully_settled,1110.0,4,7110.0,2025-02-03 11:03:30.004143+00:00,allocation_repayment
346,49,500.0,2025-01-11 06:06:37.082387+00:00,2025-01-14 00:00:00+00:00,fully_settled,92.5,4,592.5,2025-02-03 11:06:24.579343+00:00,allocation_repayment
292,60,5000.0,2025-01-04 07:35:20.820084+00:00,2025-01-14 00:00:00+00:00,fully_settled,925.0,4,5925.0,2025-02-03 11:04:05.296392+00:00,allocation_repayment
348,49,500.0,2025-01-12 07:30:53.797477+00:00,2025-01-14 00:00:00+00:00,fully_settled,92.5,4,592.5,2025-02-03 13:26:17.440901+00:00,allocation_repayment
344,62,6000.0,2025-01-10 15:50:46.355816+00:00,2025-01-14 00:00:00+00:00,fully_settled,1110.0,4,7110.0,2025-02-03 13:26:47.579453+00:00,allocation_repayment
342,75,2500.0,2025-01-10 11:29:59.881097+00:00,2025-01-14 00:00:00+00:00,fully_settled,462.5,4,2962.5,2025-02-03 13:39:11.515664+00:00,allocation_repayment
327,71,400.0,2025-01-08 09:50:29.019243+00:00,2025-01-14 00:00:00+00:00,fully_settled,74.0,4,474.0,2025-02-03 13:40:47.011210+00:00,allocation_repayment
324,69,2000.0,2025-01-07 14:28:22.857148+00:00,2025-01-14 00:00:00+00:00,fully_settled,370.0,4,2370.0,2025-02-03 13:41:04.364585+00:00,allocation_repayment
323,88,1000.0,2025-01-07 13:35:11.742919+00:00,2025-01-14 00:00:00+00:00,fully_settled,185.0,4,1185.0,2025-02-03 13:41:27.542882+00:00,allocation_repayment
322,88,5000.0,2025-01-07 13:33:03.327525+00:00,2025-01-14 00:00:00+00:00,fully_settled,925.0,4,5925.0,2025-02-03 13:41:49.288795+00:00,allocation_repayment
320,49,2500.0,2025-01-07 05:39:19.025342+00:00,2025-01-14 00:00:00+00:00,fully_settled,462.5,4,2962.5,2025-02-03 13:42:40.496030+00:00,allocation_repayment
306,79,1000.0,2025-01-05 20:09:49.866502+00:00,2025-01-14 00:00:00+00:00,fully_settled,185.0,4,1185.0,2025-02-03 13:43:05.795152+00:00,allocation_repayment
304,79,1000.0,2025-01-05 15:03:50.028734+00:00,2025-01-14 00:00:00+00:00,fully_settled,185.0,4,1185.0,2025-02-03 13:43:23.947816+00:00,allocation_repayment
303,76,4000.0,2025-01-05 08:24:05.071682+00:00,2025-01-14 00:00:00+00:00,fully_settled,740.0,4,4740.0,2025-02-03 13:43:48.728623+00:00,allocation_repayment
302,71,100.0,2025-01-04 11:45:32.375613+00:00,2025-01-14 00:00:00+00:00,fully_settled,18.5,4,118.5,2025-02-03 13:44:03.801361+00:00,allocation_repayment
298,67,4000.0,2025-01-04 08:01:17.312723+00:00,2025-01-14 00:00:00+00:00,fully_settled,740.0,4,4740.0,2025-02-03 13:44:26.322157+00:00,allocation_repayment
297,66,4000.0,2025-01-04 08:01:00.147565+00:00,2025-01-14 00:00:00+00:00,fully_settled,740.0,4,4740.0,2025-02-03 13:45:12.745245+00:00,allocation_repayment
296,69,8000.0,2025-01-04 07:55:15.979460+00:00,2025-01-14 00:00:00+00:00,fully_settled,1480.0,4,9480.0,2025-02-03 13:45:31.598792+00:00,allocation_repayment
265,49,2000.0,2025-01-03 18:49:00.362332+00:00,2025-01-14 00:00:00+00:00,fully_settled,370.0,4,2370.0,2025-02-03 13:46:01.876109+00:00,allocation_repayment
257,79,500.0,2025-01-02 20:02:50.307140+00:00,2025-01-14 00:00:00+00:00,fully_settled,92.5,4,592.5,2025-02-03 13:47:00.246290+00:00,allocation_repayment
251,79,1000.0,2024-12-31 12:26:32.369325+00:00,2025-01-14 00:00:00+00:00,fully_settled,185.0,4,1185.0,2025-02-03 14:04:23.958308+00:00,allocation_repayment
249,87,10000.0,2024-12-29 04:25:30.983437+00:00,2025-01-14 00:00:00+00:00,fully_settled,1850.0,4,11850.0,2025-02-03 14:04:42.497639+00:00,allocation_repayment
248,79,1000.0,2024-12-28 11:09:51.353171+00:00,2025-01-14 00:00:00+00:00,fully_settled,185.0,4,1185.0,2025-02-03 14:05:02.110992+00:00,allocation_repayment
245,65,2000.0,2024-12-27 18:48:15.662056+00:00,2025-01-14 00:00:00+00:00,fully_settled,370.0,4,2370.0,2025-02-03 14:08:42.093968+00:00,allocation_repayment
214,71,100.0,2024-12-17 16:38:40.192918+00:00,2025-01-14 00:00:00+00:00,fully_settled,18.5,4,118.0,2025-02-03 14:09:20.624095+00:00,allocation_repayment
214,71,100.0,2024-12-17 16:38:40.192918+00:00,2025-01-14 00:00:00+00:00,fully_settled,18.5,4,0.5,2025-02-03 14:10:08.304487+00:00,allocation_repayment
213,64,2000.0,2024-12-17 16:27:15.112348+00:00,2025-01-14 00:00:00+00:00,fully_settled,370.0,4,2370.0,2025-02-03 14:10:39.830962+00:00,allocation_repayment
212,53,3000.0,2024-12-17 05:59:59.827382+00:00,2025-01-14 00:00:00+00:00,fully_settled,555.0,4,3555.0,2025-02-03 14:10:56.900552+00:00,allocation_repayment
479,74,7000.0,2025-02-03 14:18:52.718195+00:00,2025-02-14 00:00:00+00:00,fully_settled,1295.0,4,1800.0,2025-02-03 14:50:00.328174+00:00,self_loan_repayment
247,23,2000.0,2024-12-28 08:20:48.589711+00:00,2025-01-28 00:00:00+00:00,fully_settled,250.0,1,2239.0,2025-01-31 16:44:36.457513+00:00,self_loan_repayment
551,188,2000.0,2025-02-12 19:44:50.771384+00:00,2025-02-28 00:00:00+00:00,fully_settled,370.0,4,500.0,2025-02-13 00:59:34.100346+00:00,self_loan_repayment
551,188,2000.0,2025-02-12 19:44:50.771384+00:00,2025-02-28 00:00:00+00:00,fully_settled,370.0,4,100.0,2025-02-14 00:24:59.601270+00:00,self_loan_repayment
366,49,1000.0,2025-01-18 12:12:29.517643+00:00,2025-02-14 00:00:00+00:00,fully_settled,185.0,4,1185.0,2025-02-17 09:04:14.836078+00:00,allocation_repayment
434,46,3000.0,2025-02-02 09:41:10.078748+00:00,2025-02-14 00:00:00+00:00,fully_settled,555.0,4,3555.0,2025-02-17 13:17:03.877369+00:00,allocation_repayment
551,188,2000.0,2025-02-12 19:44:50.771384+00:00,2025-02-28 00:00:00+00:00,fully_settled,370.0,4,1770.0,2025-02-14 00:17:51.013690+00:00,self_loan_repayment
421,68,3000.0,2025-01-29 14:38:05.050788+00:00,2025-02-14 00:00:00+00:00,fully_settled,555.0,4,5.0,2025-02-14 14:07:00.511206+00:00,self_loan_repayment
193,16,2000.0,2024-12-06 07:46:50.759606+00:00,2024-12-28 00:00:00+00:00,fully_settled,250.0,1,200.0,2025-02-05 10:57:20.964355+00:00,self_loan_repayment
559,23,500.0,2025-02-13 09:42:57.429452+00:00,2025-02-28 00:00:00+00:00,fully_settled,62.5,1,562.5,2025-02-13 09:51:15.653389+00:00,self_loan_repayment
372,3,500.0,2025-01-19 15:09:06.337469+00:00,2025-01-28 00:00:00+00:00,fully_settled,62.5,1,562.5,2025-02-16 16:08:22.218009+00:00,self_loan_repayment
369,3,50.0,2025-01-19 10:50:55.234861+00:00,2025-01-28 00:00:00+00:00,fully_settled,6.25,1,56.25,2025-02-16 16:11:06.258564+00:00,self_loan_repayment
583,178,300.0,2025-02-14 09:44:38.142201+00:00,2025-02-28 00:00:00+00:00,fully_settled,55.5,4,355.5,2025-02-17 20:06:24.176919+00:00,self_loan_repayment
649,282,350.0,2025-02-19 08:35:50.355945+00:00,2025-02-28 00:00:00+00:00,overdue,64.75,4,100.0,2025-03-04 08:41:05.776917+00:00,self_loan_repayment
432,68,2000.0,2025-02-01 16:33:06.229078+00:00,2025-02-14 00:00:00+00:00,fully_settled,370.0,4,2370.0,2025-02-27 13:10:14.445724+00:00,allocation_repayment
432,68,2000.0,2025-02-01 16:33:06.229078+00:00,2025-02-14 00:00:00+00:00,fully_settled,370.0,4,2370.0,2025-02-14 13:25:22.840837+00:00,self_loan_repayment
624,22,1000.0,2025-02-18 06:26:21.964526+00:00,2025-02-28 00:00:00+00:00,fully_settled,125.0,1,1000.0,2025-02-20 10:07:31.684352+00:00,self_loan_repayment
858,4,140.0,2025-02-25 11:17:22.586191+00:00,2025-02-28 00:00:00+00:00,fully_settled,17.5,1,1.0,2025-02-27 11:17:35.984882+00:00,self_loan_repayment
874,4,10.0,2025-02-27 11:48:02.549767+00:00,2025-02-28 00:00:00+00:00,fully_settled,1.25,1,1.0,2025-02-27 12:21:09.072302+00:00,self_loan_repayment
874,4,10.0,2025-02-27 11:48:02.549767+00:00,2025-02-28 00:00:00+00:00,fully_settled,1.25,1,1.0,2025-02-27 12:30:33.806043+00:00,self_loan_repayment
874,4,10.0,2025-02-27 11:48:02.549767+00:00,2025-02-28 00:00:00+00:00,fully_settled,1.25,1,1.0,2025-02-27 12:45:17.385781+00:00,self_loan_repayment
421,68,3000.0,2025-01-29 14:38:05.050788+00:00,2025-02-14 00:00:00+00:00,fully_settled,555.0,4,2370.0,2025-02-27 13:10:54.263384+00:00,allocation_repayment
421,68,3000.0,2025-01-29 14:38:05.050788+00:00,2025-02-14 00:00:00+00:00,fully_settled,555.0,4,1180.0,2025-02-27 13:11:36.713496+00:00,allocation_repayment
619,72,200.0,2025-02-17 18:03:35.977170+00:00,2025-03-14 00:00:00+00:00,fully_settled,37.0,4,237.0,2025-03-04 09:45:33.420708+00:00,allocation_repayment
451,51,4000.0,2025-02-03 13:24:31.952318+00:00,2025-02-14 00:00:00+00:00,fully_settled,740.0,4,4740.0,2025-02-28 17:46:44.228755+00:00,allocation_repayment
481,65,3500.0,2025-02-03 14:36:30.025130+00:00,2025-02-14 00:00:00+00:00,fully_settled,647.5,4,4147.5,2025-02-28 17:47:22.260709+00:00,allocation_repayment
636,320,1000.0,2025-02-19 07:23:39.210382+00:00,2025-02-28 00:00:00+00:00,fully_settled,185.0,4,1185.0,2025-03-04 09:36:08.182425+00:00,self_loan_repayment
538,217,800.0,2025-02-11 17:13:38.052537+00:00,2025-02-28 00:00:00+00:00,fully_settled,148.0,4,948.0,2025-02-28 18:44:26.853347+00:00,self_loan_repayment
874,4,10.0,2025-02-27 11:48:02.549767+00:00,2025-02-28 00:00:00+00:00,fully_settled,1.25,1,1.0,2025-03-03 07:30:04.758936+00:00,self_loan_repayment
650,246,1000.0,2025-02-19 08:47:22.239138+00:00,2025-02-28 00:00:00+00:00,fully_settled,185.0,4,1185.0,2025-03-04 08:24:50.962386+00:00,self_loan_repayment
569,49,1000.0,2025-02-13 20:17:52.100753+00:00,2025-02-14 00:00:00+00:00,fully_settled,185.0,4,1185.0,2025-03-04 09:46:53.965220+00:00,allocation_repayment
597,94,2000.0,2025-02-15 17:39:49.454911+00:00,2025-03-14 00:00:00+00:00,fully_settled,370.0,4,2370.0,2025-03-04 09:46:05.695334+00:00,allocation_repayment
617,215,2000.0,2025-02-17 16:35:28.029742+00:00,2025-02-28 00:00:00+00:00,fully_settled,370.0,4,1000.0,2025-03-04 09:45:42.262962+00:00,self_loan_repayment
483,63,6000.0,2025-02-03 14:51:50.294482+00:00,2025-02-14 00:00:00+00:00,fully_settled,1110.0,4,7110.0,2025-03-04 10:41:43.125332+00:00,allocation_repayment
480,67,4000.0,2025-02-03 14:28:10.789573+00:00,2025-02-14 00:00:00+00:00,fully_settled,740.0,4,4740.0,2025-03-04 10:42:09.285923+00:00,allocation_repayment
854,236,1000.0,2025-02-25 04:59:22.065978+00:00,2025-02-28 00:00:00+00:00,fully_settled,185.0,4,1185.0,2025-03-04 10:07:03.155496+00:00,self_loan_repayment
479,74,7000.0,2025-02-03 14:18:52.718195+00:00,2025-02-14 00:00:00+00:00,fully_settled,1295.0,4,6495.0,2025-03-04 10:43:20.097737+00:00,allocation_repayment
579,157,500.0,2025-02-14 06:34:47.976949+00:00,2025-02-28 00:00:00+00:00,fully_settled,92.5,4,592.0,2025-03-04 10:34:22.184824+00:00,self_loan_repayment
488,75,4000.0,2025-02-04 16:55:16.814702+00:00,2025-02-14 00:00:00+00:00,fully_settled,740.0,4,4740.0,2025-03-04 10:40:15.367118+00:00,allocation_repayment
486,62,6000.0,2025-02-03 15:36:01.703316+00:00,2025-02-14 00:00:00+00:00,fully_settled,1110.0,4,7110.0,2025-03-04 10:40:49.580854+00:00,allocation_repayment
485,69,10000.0,2025-02-03 15:04:46.400458+00:00,2025-02-14 00:00:00+00:00,fully_settled,1850.0,4,11850.0,2025-03-04 10:41:22.683241+00:00,allocation_repayment
478,60,5000.0,2025-02-03 14:18:39.914601+00:00,2025-02-14 00:00:00+00:00,fully_settled,925.0,4,5925.0,2025-03-04 10:44:04.526131+00:00,allocation_repayment
477,57,6000.0,2025-02-03 14:15:52.687418+00:00,2025-02-14 00:00:00+00:00,fully_settled,1110.0,4,7110.0,2025-03-04 10:44:30.505227+00:00,allocation_repayment
500,64,3000.0,2025-02-08 07:53:10.456687+00:00,2025-02-14 00:00:00+00:00,fully_settled,555.0,4,3555.0,2025-03-04 10:44:56.011605+00:00,allocation_repayment
498,66,4000.0,2025-02-07 10:31:26.802951+00:00,2025-02-14 00:00:00+00:00,fully_settled,740.0,4,4740.0,2025-03-04 10:45:28.697447+00:00,allocation_repayment
494,71,500.0,2025-02-05 11:31:53.767274+00:00,2025-02-14 00:00:00+00:00,fully_settled,92.5,4,592.5,2025-03-04 10:45:50.486248+00:00,allocation_repayment
540,49,500.0,2025-02-11 22:14:17.179529+00:00,2025-02-14 00:00:00+00:00,fully_settled,92.5,4,592.5,2025-03-04 10:47:02.687321+00:00,allocation_repayment
536,72,1000.0,2025-02-11 15:44:07.170332+00:00,2025-02-14 00:00:00+00:00,fully_settled,185.0,4,1185.0,2025-03-04 10:47:18.220410+00:00,allocation_repayment
534,79,1500.0,2025-02-11 11:40:28.148847+00:00,2025-02-14 00:00:00+00:00,fully_settled,277.5,4,1777.5,2025-03-04 10:47:46.877167+00:00,allocation_repayment
527,79,2000.0,2025-02-10 11:56:13.407466+00:00,2025-02-14 00:00:00+00:00,fully_settled,370.0,4,2370.0,2025-03-04 10:48:12.834338+00:00,allocation_repayment
563,286,3000.0,2025-02-13 12:28:09.067174+00:00,2025-02-14 00:00:00+00:00,fully_settled,555.0,4,3555.0,2025-03-04 10:48:34.127651+00:00,allocation_repayment
546,49,200.0,2025-02-12 09:23:10.445196+00:00,2025-02-14 00:00:00+00:00,fully_settled,37.0,4,237.0,2025-03-04 10:52:28.326423+00:00,allocation_repayment
545,49,300.0,2025-02-12 09:18:20.405674+00:00,2025-02-14 00:00:00+00:00,fully_settled,55.5,4,355.5,2025-03-04 10:53:41.840880+00:00,allocation_repayment
606,72,350.0,2025-02-16 19:17:23.939033+00:00,2025-03-14 00:00:00+00:00,fully_settled,64.75,4,414.75,2025-03-04 10:55:02.367012+00:00,allocation_repayment
595,88,6000.0,2025-02-15 09:40:49.073219+00:00,2025-03-14 00:00:00+00:00,fully_settled,1110.0,4,7110.0,2025-03-04 10:55:28.933062+00:00,allocation_repayment
594,49,500.0,2025-02-15 09:17:02.761604+00:00,2025-03-14 00:00:00+00:00,fully_settled,92.5,4,592.5,2025-03-04 10:56:02.865160+00:00,allocation_repayment
580,72,500.0,2025-02-14 06:47:34.333242+00:00,2025-03-14 00:00:00+00:00,fully_settled,92.5,4,592.5,2025-03-04 10:56:24.786700+00:00,allocation_repayment
578,79,1000.0,2025-02-14 06:26:00.814676+00:00,2025-03-14 00:00:00+00:00,fully_settled,185.0,4,1185.0,2025-03-04 10:56:45.627579+00:00,allocation_repayment
450,55,6000.0,2025-02-03 12:51:56.121650+00:00,2025-02-14 00:00:00+00:00,fully_settled,1110.0,4,7110.0,2025-03-04 10:57:47.406095+00:00,allocation_repayment
440,73,6000.0,2025-02-02 16:10:23.124394+00:00,2025-02-14 00:00:00+00:00,fully_settled,1110.0,4,7110.0,2025-03-04 10:58:05.914976+00:00,allocation_repayment
439,54,5000.0,2025-02-02 13:16:44.376142+00:00,2025-02-14 00:00:00+00:00,fully_settled,925.0,4,5925.0,2025-03-04 11:03:08.381550+00:00,allocation_repayment
438,47,4500.0,2025-02-02 13:04:31.471652+00:00,2025-02-14 00:00:00+00:00,fully_settled,832.5,4,5332.5,2025-03-04 11:03:48.595681+00:00,allocation_repayment
433,46,7000.0,2025-02-01 18:29:19.151994+00:00,2025-02-14 00:00:00+00:00,fully_settled,1295.0,4,8295.0,2025-03-04 11:04:26.926886+00:00,allocation_repayment
426,59,6000.0,2025-01-30 13:08:31.389942+00:00,2025-02-14 00:00:00+00:00,fully_settled,1110.0,4,7110.0,2025-03-04 11:06:08.328728+00:00,allocation_repayment
419,71,500.0,2025-01-28 16:54:55.749686+00:00,2025-02-14 00:00:00+00:00,fully_settled,92.5,4,592.5,2025-03-04 11:06:32.274603+00:00,allocation_repayment
408,81,3000.0,2025-01-27 12:55:53.707050+00:00,2025-02-14 00:00:00+00:00,fully_settled,555.0,4,3555.0,2025-03-04 11:06:51.533163+00:00,allocation_repayment
254,79,500.0,2025-01-02 09:47:15.974779+00:00,2025-01-14 00:00:00+00:00,fully_settled,92.5,4,592.5,2025-03-04 11:07:31.238286+00:00,allocation_repayment
537,217,200.0,2025-02-11 16:25:18.163004+00:00,2025-02-28 00:00:00+00:00,fully_settled,37.0,4,237.0,2025-03-04 19:44:13.451105+00:00,self_loan_repayment
664,309,1000.0,2025-02-19 10:19:58.960093+00:00,2025-02-28 00:00:00+00:00,fully_settled,185.0,4,1185.0,2025-03-04 11:31:06.389039+00:00,self_loan_repayment
660,318,1000.0,2025-02-19 10:00:37.246494+00:00,2025-02-28 00:00:00+00:00,fully_settled,185.0,4,1185.0,2025-03-04 11:36:15.276231+00:00,self_loan_repayment
734,121,1000.0,2025-02-21 13:56:06.955433+00:00,2025-02-28 00:00:00+00:00,fully_settled,185.0,4,1185.0,2025-03-05 05:16:01.795180+00:00,self_loan_repayment
625,114,1500.0,2025-02-18 08:54:14.487945+00:00,2025-02-28 00:00:00+00:00,fully_settled,277.5,4,1777.5,2025-03-04 15:29:39.877598+00:00,self_loan_repayment
530,214,2000.0,2025-02-11 06:39:43.561288+00:00,2025-02-28 00:00:00+00:00,fully_settled,370.0,4,2370.0,2025-03-05 12:18:12.162386+00:00,self_loan_repayment
532,225,2000.0,2025-02-11 07:38:38.527196+00:00,2025-02-28 00:00:00+00:00,fully_settled,370.0,4,2370.0,2025-03-04 15:52:38.192122+00:00,self_loan_repayment
927,266,100.0,2025-03-03 08:24:06.062804+00:00,2025-03-28 00:00:00+00:00,fully_settled,18.5,4,118.0,2025-03-05 06:43:27.666856+00:00,self_loan_repayment
618,218,2000.0,2025-02-17 16:36:52.841807+00:00,2025-02-28 00:00:00+00:00,fully_settled,370.0,4,600.0,2025-03-04 17:22:45.239416+00:00,self_loan_repayment
674,201,200.0,2025-02-19 16:16:06.576400+00:00,2025-02-28 00:00:00+00:00,fully_settled,37.0,4,237.0,2025-03-04 19:04:33.295512+00:00,self_loan_repayment
924,266,100.0,2025-03-02 17:37:00.218976+00:00,2025-03-28 00:00:00+00:00,fully_settled,18.5,4,118.0,2025-03-05 06:46:34.691002+00:00,self_loan_repayment
585,116,1200.0,2025-02-14 10:25:36.661165+00:00,2025-02-28 00:00:00+00:00,fully_settled,222.0,4,1422.0,2025-03-05 12:44:20.955295+00:00,self_loan_repayment
670,323,1000.0,2025-02-19 12:34:17.770150+00:00,2025-02-28 00:00:00+00:00,fully_settled,185.0,4,1185.0,2025-03-05 07:59:07.920776+00:00,self_loan_repayment
588,112,500.0,2025-02-14 12:43:59.248498+00:00,2025-02-28 00:00:00+00:00,fully_settled,92.5,4,592.5,2025-03-05 09:10:18.952400+00:00,self_loan_repayment
855,338,500.0,2025-02-25 05:24:10.354323+00:00,2025-02-28 00:00:00+00:00,fully_settled,92.5,4,592.5,2025-03-05 14:34:28.892750+00:00,self_loan_repayment
618,218,2000.0,2025-02-17 16:36:52.841807+00:00,2025-02-28 00:00:00+00:00,fully_settled,370.0,4,500.0,2025-03-05 16:26:25.271982+00:00,self_loan_repayment
688,224,2000.0,2025-02-20 07:19:49.411817+00:00,2025-02-28 00:00:00+00:00,fully_settled,370.0,4,2370.0,2025-03-06 09:39:27.721332+00:00,self_loan_repayment
1053,291,200.0,2025-03-05 16:27:47.307435+00:00,2025-03-28 00:00:00+00:00,fully_settled,37.0,4,237.0,2025-03-06 10:05:47.038377+00:00,self_loan_repayment
1058,202,150.0,2025-03-05 20:34:45.798067+00:00,2025-03-28 00:00:00+00:00,fully_settled,27.75,4,177.75,2025-03-06 11:48:39.675057+00:00,self_loan_repayment
584,176,1000.0,2025-02-14 10:19:53.234786+00:00,2025-02-28 00:00:00+00:00,fully_settled,185.0,4,1185.0,2025-03-07 06:00:50.128469+00:00,self_loan_repayment
611,176,500.0,2025-02-17 11:29:39.821790+00:00,2025-02-28 00:00:00+00:00,fully_settled,92.5,4,592.5,2025-03-07 06:02:39.574387+00:00,self_loan_repayment
592,176,500.0,2025-02-14 14:10:48.891170+00:00,2025-02-28 00:00:00+00:00,fully_settled,92.5,4,592.0,2025-03-07 06:06:14.409322+00:00,self_loan_repayment
592,176,500.0,2025-02-14 14:10:48.891170+00:00,2025-02-28 00:00:00+00:00,fully_settled,92.5,4,0.5,2025-03-07 06:08:50.120748+00:00,self_loan_repayment
739,157,100.0,2025-02-21 16:58:49.886419+00:00,2025-02-28 00:00:00+00:00,fully_settled,18.5,4,118.5,2025-03-07 07:20:06.925053+00:00,self_loan_repayment
935,321,800.0,2025-03-03 18:15:12.872496+00:00,2025-03-28 00:00:00+00:00,fully_settled,148.0,4,400.0,2025-03-14 03:29:30.472943+00:00,self_loan_repayment
579,157,500.0,2025-02-14 06:34:47.976949+00:00,2025-02-28 00:00:00+00:00,fully_settled,92.5,4,0.5,2025-03-07 07:25:37.703769+00:00,self_loan_repayment
1813,631,100.0,2025-03-20 14:32:12.552291+00:00,2025-03-28 00:00:00+00:00,fully_settled,18.5,4,118.5,2025-03-20 15:49:09.980856+00:00,self_loan_repayment
557,205,1600.0,2025-02-13 04:56:48.903193+00:00,2025-02-28 00:00:00+00:00,fully_settled,296.0,4,1896.0,2025-03-07 11:07:58.270925+00:00,self_loan_repayment
497,169,2000.0,2025-02-07 08:07:29.398756+00:00,2025-02-28 00:00:00+00:00,fully_settled,370.0,4,2370.0,2025-03-14 05:12:48.990002+00:00,self_loan_repayment
845,205,200.0,2025-02-24 14:50:52.999137+00:00,2025-02-28 00:00:00+00:00,fully_settled,37.0,4,237.0,2025-03-07 11:10:18.958486+00:00,self_loan_repayment
876,205,100.0,2025-02-27 12:21:48.972123+00:00,2025-02-28 00:00:00+00:00,fully_settled,18.5,4,118.5,2025-03-07 11:13:03.579174+00:00,self_loan_repayment
1532,402,100.0,2025-03-17 12:17:49.409036+00:00,2025-03-28 00:00:00+00:00,fully_settled,18.5,4,118.5,2025-03-17 13:11:41.547419+00:00,self_loan_repayment
618,218,2000.0,2025-02-17 16:36:52.841807+00:00,2025-02-28 00:00:00+00:00,fully_settled,370.0,4,500.0,2025-03-14 07:14:03.230753+00:00,self_loan_repayment
864,57,3000.0,2025-02-25 20:40:15.098653+00:00,2025-03-14 00:00:00+00:00,fully_settled,555.0,4,3555.0,2025-03-12 11:51:32.488040+00:00,allocation_repayment
1059,57,3000.0,2025-03-05 22:27:26.129676+00:00,2025-03-14 00:00:00+00:00,fully_settled,555.0,4,3555.0,2025-03-12 11:52:13.246003+00:00,allocation_repayment
883,68,3000.0,2025-02-27 14:26:05.942158+00:00,2025-03-14 00:00:00+00:00,fully_settled,555.0,4,3555.0,2025-03-14 13:53:09.448161+00:00,self_loan_repayment
672,259,1000.0,2025-02-19 15:03:07.800322+00:00,2025-02-28 00:00:00+00:00,fully_settled,185.0,4,1185.0,2025-03-13 18:34:49.302786+00:00,self_loan_repayment
1226,47,2000.0,2025-03-13 19:28:51.909564+00:00,2025-03-14 00:00:00+00:00,fully_settled,370.0,4,2370.0,2025-03-14 16:41:05.651377+00:00,self_loan_repayment
618,218,2000.0,2025-02-17 16:36:52.841807+00:00,2025-02-28 00:00:00+00:00,fully_settled,370.0,4,500.0,2025-03-14 17:10:32.542947+00:00,self_loan_repayment
1208,57,3900.0,2025-03-13 14:42:26.966849+00:00,2025-03-14 00:00:00+00:00,fully_settled,721.5,4,4621.5,2025-03-16 23:32:16.619231+00:00,allocation_repayment
1171,57,4000.0,2025-03-12 16:07:17.118830+00:00,2025-03-14 00:00:00+00:00,fully_settled,740.0,4,4740.0,2025-03-17 10:16:06.557490+00:00,allocation_repayment
998,69,15000.0,2025-03-04 11:25:03.138794+00:00,2025-03-14 00:00:00+00:00,fully_settled,2775.0,4,17775.0,2025-04-02 17:22:34.914710+00:00,allocation_repayment
1659,418,500.0,2025-03-19 15:38:10.091366+00:00,2025-03-28 00:00:00+00:00,overdue,92.5,4,500.0,2025-03-21 18:14:09.243777+00:00,self_loan_repayment
2207,654,100.0,2025-03-23 11:20:07.295415+00:00,2025-03-28 00:00:00+00:00,fully_settled,18.5,4,118.5,2025-03-23 11:58:20.672126+00:00,self_loan_repayment
305,1,800.0,2025-01-05 16:53:18.521638+00:00,2025-01-28 00:00:00+00:00,fully_settled,100.0,1,900.0,2025-03-24 08:09:54.926748+00:00,allocation_repayment
1606,519,200.0,2025-03-18 17:48:44.253350+00:00,2025-03-28 00:00:00+00:00,fully_settled,37.0,4,237.0,2025-03-24 11:25:35.476775+00:00,self_loan_repayment
1605,519,800.0,2025-03-18 17:31:44.451439+00:00,2025-03-28 00:00:00+00:00,fully_settled,148.0,4,240.0,2025-03-24 11:29:19.937548+00:00,self_loan_repayment
1605,519,800.0,2025-03-18 17:31:44.451439+00:00,2025-03-28 00:00:00+00:00,fully_settled,148.0,4,80.0,2025-03-24 11:34:42.842716+00:00,self_loan_repayment
888,68,2000.0,2025-02-28 12:22:17.443044+00:00,2025-03-14 00:00:00+00:00,fully_settled,370.0,4,2370.0,2025-04-02 17:28:14.621677+00:00,allocation_repayment
887,52,2000.0,2025-02-28 11:55:39.690079+00:00,2025-03-14 00:00:00+00:00,fully_settled,370.0,4,2370.0,2025-04-02 17:29:32.465768+00:00,allocation_repayment
2172,331,100.0,2025-03-23 07:29:05.919129+00:00,2025-03-28 00:00:00+00:00,overdue,18.5,4,30.0,2025-03-26 17:11:54.116216+00:00,self_loan_repayment
1889,178,500.0,2025-03-21 05:28:58.652631+00:00,2025-03-28 00:00:00+00:00,fully_settled,92.5,4,592.5,2025-04-02 07:34:18.438371+00:00,self_loan_repayment
936,321,200.0,2025-03-03 18:23:38.034657+00:00,2025-03-28 00:00:00+00:00,fully_settled,37.0,4,200.0,2025-03-27 05:36:01.100426+00:00,self_loan_repayment
1730,415,100.0,2025-03-20 08:40:27.458394+00:00,2025-03-28 00:00:00+00:00,overdue,18.5,4,50.0,2025-03-29 06:10:21.408958+00:00,self_loan_repayment
895,51,4000.0,2025-02-28 17:50:29.176806+00:00,2025-03-14 00:00:00+00:00,fully_settled,740.0,4,4740.0,2025-04-02 09:54:20.248398+00:00,allocation_repayment
896,65,3200.0,2025-02-28 17:56:05.727666+00:00,2025-03-14 00:00:00+00:00,fully_settled,592.0,4,3792.0,2025-04-02 09:57:21.119859+00:00,allocation_repayment
2665,486,1000.0,2025-03-28 06:59:39.427127+00:00,2025-04-28 00:00:00+00:00,overdue,185.0,4,200.0,2025-03-29 17:30:45.762160+00:00,self_loan_repayment
1452,47,600.0,2025-03-15 18:37:22.189042+00:00,2025-04-14 00:00:00+00:00,fully_settled,111.0,4,711.0,2025-04-02 10:01:19.040449+00:00,allocation_repayment
2833,478,1000.0,2025-03-31 08:19:14.931951+00:00,2025-04-28 00:00:00+00:00,fully_settled,185.0,4,800.0,2025-03-31 08:32:02.002638+00:00,self_loan_repayment
1126,355,4500.0,2025-03-10 08:16:00.818166+00:00,2025-03-28 00:00:00+00:00,fully_settled,832.5,4,5332.0,2025-03-31 10:40:15.416553+00:00,self_loan_repayment
1126,355,4500.0,2025-03-10 08:16:00.818166+00:00,2025-03-28 00:00:00+00:00,fully_settled,832.5,4,0.5,2025-03-31 10:42:02.704114+00:00,self_loan_repayment
1218,72,1000.0,2025-03-13 16:36:42.664153+00:00,2025-03-14 00:00:00+00:00,fully_settled,185.0,4,1185.0,2025-03-31 13:05:22.109221+00:00,allocation_repayment
1181,358,1000.0,2025-03-12 17:51:20.686987+00:00,2025-03-14 00:00:00+00:00,fully_settled,185.0,4,1185.0,2025-03-31 13:08:15.336175+00:00,allocation_repayment
1217,72,1000.0,2025-03-13 16:35:12.544817+00:00,2025-03-14 00:00:00+00:00,fully_settled,185.0,4,1110.0,2025-03-31 20:23:20.157093+00:00,allocation_repayment
1217,72,1000.0,2025-03-13 16:35:12.544817+00:00,2025-03-14 00:00:00+00:00,fully_settled,185.0,4,75.0,2025-03-31 20:24:47.721533+00:00,allocation_repayment
1216,266,100.0,2025-03-13 15:52:13.699675+00:00,2025-03-28 00:00:00+00:00,fully_settled,18.5,4,118.0,2025-04-02 10:40:52.452365+00:00,self_loan_repayment
1569,149,2000.0,2025-03-18 07:12:00.029398+00:00,2025-03-28 00:00:00+00:00,fully_settled,370.0,4,1370.0,2025-04-02 10:27:45.986663+00:00,self_loan_repayment
1098,129,600.0,2025-03-07 07:54:03.352250+00:00,2025-03-28 00:00:00+00:00,fully_settled,111.0,4,711.0,2025-04-02 10:30:38.387353+00:00,self_loan_repayment
1867,384,600.0,2025-03-20 20:04:59.655064+00:00,2025-03-28 00:00:00+00:00,fully_settled,111.0,4,711.0,2025-04-02 11:03:13.243910+00:00,self_loan_repayment
1222,266,150.0,2025-03-13 17:55:47.447844+00:00,2025-03-28 00:00:00+00:00,fully_settled,27.75,4,177.0,2025-04-02 10:34:26.296862+00:00,self_loan_repayment
1151,266,100.0,2025-03-11 17:40:55.144385+00:00,2025-03-28 00:00:00+00:00,fully_settled,18.5,4,118.0,2025-04-02 10:42:42.904644+00:00,self_loan_repayment
1089,176,2000.0,2025-03-07 06:10:51.635378+00:00,2025-03-28 00:00:00+00:00,fully_settled,370.0,4,2370.0,2025-04-02 10:36:02.119323+00:00,self_loan_repayment
1083,266,200.0,2025-03-07 04:27:17.781691+00:00,2025-03-28 00:00:00+00:00,fully_settled,37.0,4,237.0,2025-04-02 10:36:52.000281+00:00,self_loan_repayment
1216,266,100.0,2025-03-13 15:52:13.699675+00:00,2025-03-28 00:00:00+00:00,fully_settled,18.5,4,0.5,2025-04-02 10:57:46.530991+00:00,self_loan_repayment
1222,266,150.0,2025-03-13 17:55:47.447844+00:00,2025-03-28 00:00:00+00:00,fully_settled,27.75,4,0.75,2025-04-02 10:54:33.265531+00:00,self_loan_repayment
2223,553,1000.0,2025-03-23 15:18:50.285842+00:00,2025-03-28 00:00:00+00:00,fully_settled,185.0,4,1185.0,2025-04-02 10:56:48.484421+00:00,self_loan_repayment
2205,384,400.0,2025-03-23 10:56:59.185505+00:00,2025-03-28 00:00:00+00:00,fully_settled,74.0,4,474.0,2025-04-02 11:00:30.600865+00:00,self_loan_repayment
927,266,100.0,2025-03-03 08:24:06.062804+00:00,2025-03-28 00:00:00+00:00,fully_settled,18.5,4,0.5,2025-04-02 11:12:52.720144+00:00,self_loan_repayment
1151,266,100.0,2025-03-11 17:40:55.144385+00:00,2025-03-28 00:00:00+00:00,fully_settled,18.5,4,0.5,2025-04-02 11:10:35.578831+00:00,self_loan_repayment
924,266,100.0,2025-03-02 17:37:00.218976+00:00,2025-03-28 00:00:00+00:00,fully_settled,18.5,4,0.5,2025-04-02 11:23:34.507111+00:00,self_loan_repayment
1215,133,550.0,2025-03-13 15:44:37.651157+00:00,2025-03-28 00:00:00+00:00,fully_settled,101.75,4,651.75,2025-04-02 11:40:15.514613+00:00,self_loan_repayment
1516,251,5000.0,2025-03-17 10:02:12.606879+00:00,2025-03-28 00:00:00+00:00,fully_settled,925.0,4,5925.0,2025-04-02 11:57:18.928418+00:00,self_loan_repayment
1509,445,260.0,2025-03-17 09:09:10.742911+00:00,2025-03-28 00:00:00+00:00,overdue,48.1,4,308.0,2025-04-02 13:08:13.505781+00:00,self_loan_repayment
587,211,1000.0,2025-02-14 12:18:34.493444+00:00,2025-02-28 00:00:00+00:00,overdue,185.0,4,700.0,2025-04-02 12:45:02.859426+00:00,self_loan_repayment
1740,444,900.0,2025-03-20 09:19:08.927718+00:00,2025-03-28 00:00:00+00:00,fully_settled,166.5,4,1066.5,2025-04-02 12:48:21.944567+00:00,self_loan_repayment
1740,444,900.0,2025-03-20 09:19:08.927718+00:00,2025-03-28 00:00:00+00:00,fully_settled,166.5,4,1066.5,2025-04-02 12:46:18.877688+00:00,self_loan_repayment
1934,656,600.0,2025-03-21 08:26:59.482378+00:00,2025-03-28 00:00:00+00:00,fully_settled,111.0,4,600.0,2025-04-02 12:54:14.146339+00:00,self_loan_repayment
2451,763,500.0,2025-03-25 08:37:40.696888+00:00,2025-03-28 00:00:00+00:00,fully_settled,92.5,4,592.5,2025-04-02 13:10:00.041486+00:00,self_loan_repayment
2176,445,485.0,2025-03-23 07:47:52.262194+00:00,2025-03-28 00:00:00+00:00,fully_settled,89.725,4,574.725,2025-04-02 13:01:51.148792+00:00,self_loan_repayment
1147,190,500.0,2025-03-11 13:58:14.030549+00:00,2025-03-28 00:00:00+00:00,fully_settled,92.5,4,592.5,2025-04-02 13:03:32.008321+00:00,self_loan_repayment
1627,442,1000.0,2025-03-19 08:53:43.684729+00:00,2025-03-28 00:00:00+00:00,fully_settled,185.0,4,1185.0,2025-04-02 13:10:37.444427+00:00,self_loan_repayment
2556,773,1000.0,2025-03-26 13:15:17.563543+00:00,2025-03-28 00:00:00+00:00,fully_settled,185.0,4,1185.0,2025-04-02 13:04:02.337581+00:00,self_loan_repayment
1414,460,1000.0,2025-03-15 06:56:51.633663+00:00,2025-03-28 00:00:00+00:00,fully_settled,185.0,4,1185.0,2025-04-02 13:04:20.896527+00:00,self_loan_repayment
1582,445,255.0,2025-03-18 11:36:48.808970+00:00,2025-03-28 00:00:00+00:00,overdue,47.175,4,302.0,2025-04-02 13:04:52.827481+00:00,self_loan_repayment
941,246,1000.0,2025-03-04 08:29:09.007455+00:00,2025-03-28 00:00:00+00:00,fully_settled,185.0,4,1185.0,2025-04-02 13:12:31.581342+00:00,self_loan_repayment
1597,538,1000.0,2025-03-18 15:54:34.130960+00:00,2025-03-28 00:00:00+00:00,fully_settled,185.0,4,1185.0,2025-04-02 13:14:31.588608+00:00,self_loan_repayment
1447,412,950.0,2025-03-15 17:18:37.930523+00:00,2025-03-28 00:00:00+00:00,fully_settled,175.75,4,1125.75,2025-04-02 13:36:19.043323+00:00,self_loan_repayment
1668,526,100.0,2025-03-19 17:11:02.259750+00:00,2025-03-28 00:00:00+00:00,fully_settled,18.5,4,118.5,2025-04-02 13:15:38.587329+00:00,self_loan_repayment
2433,763,500.0,2025-03-25 06:58:53.345861+00:00,2025-03-28 00:00:00+00:00,fully_settled,92.5,4,592.5,2025-04-02 13:16:28.938689+00:00,self_loan_repayment
1941,672,1000.0,2025-03-21 08:36:25.417391+00:00,2025-03-28 00:00:00+00:00,overdue,185.0,4,200.0,2025-04-02 13:36:58.312193+00:00,self_loan_repayment
1567,487,1000.0,2025-03-18 06:24:06.031350+00:00,2025-03-28 00:00:00+00:00,fully_settled,185.0,4,1185.0,2025-04-02 14:08:01.460478+00:00,self_loan_repayment
2379,761,1000.0,2025-03-24 14:20:35.544534+00:00,2025-03-28 00:00:00+00:00,fully_settled,185.0,4,1185.0,2025-04-02 13:37:52.034435+00:00,self_loan_repayment
1078,307,1000.0,2025-03-06 16:51:37.787605+00:00,2025-03-28 00:00:00+00:00,fully_settled,185.0,4,1185.0,2025-04-02 13:44:18.737930+00:00,self_loan_repayment
1581,548,1000.0,2025-03-18 11:23:07.087088+00:00,2025-03-28 00:00:00+00:00,fully_settled,185.0,4,1185.0,2025-04-02 13:48:19.393873+00:00,self_loan_repayment
1569,149,2000.0,2025-03-18 07:12:00.029398+00:00,2025-03-28 00:00:00+00:00,fully_settled,370.0,4,1000.0,2025-04-02 14:14:02.651328+00:00,self_loan_repayment
1390,404,900.0,2025-03-14 18:13:39.014413+00:00,2025-03-28 00:00:00+00:00,fully_settled,166.5,4,1066.5,2025-04-02 14:14:09.378279+00:00,self_loan_repayment
2040,727,1000.0,2025-03-21 12:53:33.078722+00:00,2025-03-28 00:00:00+00:00,fully_settled,185.0,4,1185.0,2025-04-02 14:17:25.890592+00:00,self_loan_repayment
1361,404,100.0,2025-03-14 13:37:23.153157+00:00,2025-03-28 00:00:00+00:00,fully_settled,18.5,4,118.5,2025-04-02 14:21:41.368229+00:00,self_loan_repayment
1609,528,900.0,2025-03-19 05:59:38.716484+00:00,2025-03-28 00:00:00+00:00,fully_settled,166.5,4,1066.0,2025-04-02 14:52:52.317733+00:00,self_loan_repayment
1379,396,1000.0,2025-03-14 16:21:00.975042+00:00,2025-03-28 00:00:00+00:00,fully_settled,185.0,4,1185.0,2025-04-02 15:11:08.693455+00:00,self_loan_repayment
1117,63,6000.0,2025-03-08 12:10:39.798916+00:00,2025-03-14 00:00:00+00:00,fully_settled,1110.0,4,7110.0,2025-04-02 17:15:51.154307+00:00,allocation_repayment
2728,417,100.0,2025-03-29 10:15:49.106903+00:00,2025-04-28 00:00:00+00:00,fully_settled,18.5,4,118.0,2025-04-02 15:21:32.977939+00:00,self_loan_repayment
1112,67,4000.0,2025-03-08 05:55:30.098271+00:00,2025-03-14 00:00:00+00:00,fully_settled,740.0,4,4739.0,2025-04-02 17:17:12.194502+00:00,allocation_repayment
2362,401,500.0,2025-03-24 09:29:43.015702+00:00,2025-03-28 00:00:00+00:00,fully_settled,92.5,4,592.5,2025-04-02 15:44:41.835554+00:00,self_loan_repayment
2546,680,1000.0,2025-03-26 10:51:46.707393+00:00,2025-03-28 00:00:00+00:00,overdue,185.0,4,185.0,2025-04-02 16:42:50.485469+00:00,self_loan_repayment
2606,778,1000.0,2025-03-27 07:23:58.498893+00:00,2025-03-28 00:00:00+00:00,fully_settled,185.0,4,1185.0,2025-04-02 15:45:27.561335+00:00,self_loan_repayment
2045,731,1000.0,2025-03-21 13:24:13.447436+00:00,2025-03-28 00:00:00+00:00,fully_settled,185.0,4,1185.0,2025-04-02 15:49:22.559653+00:00,self_loan_repayment
1072,49,500.0,2025-03-06 11:46:47.510403+00:00,2025-03-14 00:00:00+00:00,fully_settled,92.5,4,592.5,2025-04-02 17:17:44.033235+00:00,allocation_repayment
1070,57,100.0,2025-03-06 10:55:51.871339+00:00,2025-03-14 00:00:00+00:00,fully_settled,18.5,4,118.5,2025-04-02 17:18:12.910909+00:00,allocation_repayment
1578,528,100.0,2025-03-18 09:40:12.625407+00:00,2025-03-28 00:00:00+00:00,fully_settled,18.5,4,118.5,2025-04-02 16:04:50.003117+00:00,self_loan_repayment
1642,46,1000.0,2025-03-19 10:39:23.665970+00:00,2025-04-14 00:00:00+00:00,fully_settled,185.0,4,1185.0,2025-04-02 17:05:47.905269+00:00,allocation_repayment
1609,528,900.0,2025-03-19 05:59:38.716484+00:00,2025-03-28 00:00:00+00:00,fully_settled,166.5,4,0.5,2025-04-02 16:06:56.885873+00:00,self_loan_repayment
1229,47,1000.0,2025-03-13 22:38:08.602301+00:00,2025-03-14 00:00:00+00:00,fully_settled,185.0,4,1185.0,2025-04-02 17:07:11.237699+00:00,allocation_repayment
1056,221,2000.0,2025-03-05 18:25:32.242433+00:00,2025-03-28 00:00:00+00:00,fully_settled,370.0,4,1370.0,2025-04-02 16:08:48.814347+00:00,self_loan_repayment
1049,46,5000.0,2025-03-05 13:45:34.497667+00:00,2025-03-14 00:00:00+00:00,fully_settled,925.0,4,5924.0,2025-04-02 17:18:30.694885+00:00,allocation_repayment
1228,47,1500.0,2025-03-13 22:12:56.960017+00:00,2025-03-14 00:00:00+00:00,fully_settled,277.5,4,1775.0,2025-04-02 17:10:58.014785+00:00,allocation_repayment
1418,424,1000.0,2025-03-15 07:40:58.777824+00:00,2025-03-28 00:00:00+00:00,fully_settled,185.0,4,1185.0,2025-04-02 17:10:46.603826+00:00,self_loan_repayment
1430,63,3000.0,2025-03-15 10:58:12.855659+00:00,2025-04-14 00:00:00+00:00,fully_settled,555.0,4,3555.0,2025-04-02 17:11:31.302287+00:00,allocation_repayment
1219,46,1000.0,2025-03-13 16:44:57.968144+00:00,2025-03-14 00:00:00+00:00,fully_settled,185.0,4,1185.0,2025-04-02 17:12:14.105895+00:00,allocation_repayment
1026,72,350.0,2025-03-05 04:54:33.261217+00:00,2025-03-14 00:00:00+00:00,fully_settled,64.75,4,414.75,2025-04-02 17:19:05.536886+00:00,allocation_repayment
617,215,2000.0,2025-02-17 16:35:28.029742+00:00,2025-02-28 00:00:00+00:00,fully_settled,370.0,4,1370.0,2025-04-02 17:12:20.508886+00:00,self_loan_repayment
1205,46,2000.0,2025-03-13 13:49:26.159317+00:00,2025-03-14 00:00:00+00:00,fully_settled,370.0,4,2370.0,2025-04-02 17:12:50.169320+00:00,allocation_repayment
1169,94,3000.0,2025-03-12 15:37:56.905421+00:00,2025-03-14 00:00:00+00:00,fully_settled,555.0,4,3555.0,2025-04-02 17:14:08.580612+00:00,allocation_repayment
1163,71,500.0,2025-03-12 11:23:33.748704+00:00,2025-03-14 00:00:00+00:00,fully_settled,92.5,4,592.5,2025-04-02 17:14:41.834587+00:00,allocation_repayment
1144,49,1000.0,2025-03-11 11:39:25.595922+00:00,2025-03-14 00:00:00+00:00,fully_settled,185.0,4,1185.0,2025-04-02 17:15:05.055732+00:00,allocation_repayment
1125,62,6000.0,2025-03-09 22:30:24.807266+00:00,2025-03-14 00:00:00+00:00,fully_settled,1110.0,4,7110.0,2025-04-02 17:15:27.823900+00:00,allocation_repayment
1010,350,4000.0,2025-03-04 14:40:58.643556+00:00,2025-03-14 00:00:00+00:00,fully_settled,740.0,4,4740.0,2025-04-02 17:20:19.825971+00:00,allocation_repayment
1006,79,5000.0,2025-03-04 13:24:05.009080+00:00,2025-03-14 00:00:00+00:00,fully_settled,925.0,4,5925.0,2025-04-02 17:20:49.073501+00:00,allocation_repayment
1005,55,6000.0,2025-03-04 12:36:17.939527+00:00,2025-03-14 00:00:00+00:00,fully_settled,1110.0,4,7110.0,2025-04-02 17:21:09.985378+00:00,allocation_repayment
1004,49,2500.0,2025-03-04 11:58:00.651264+00:00,2025-03-14 00:00:00+00:00,fully_settled,462.5,4,2962.5,2025-04-02 17:21:30.944211+00:00,allocation_repayment
1001,66,3000.0,2025-03-04 11:40:37.401615+00:00,2025-03-14 00:00:00+00:00,fully_settled,555.0,4,3555.0,2025-04-02 17:22:04.539341+00:00,allocation_repayment
997,88,6000.0,2025-03-04 11:23:22.980433+00:00,2025-03-14 00:00:00+00:00,fully_settled,1110.0,4,7110.0,2025-04-02 17:22:59.135005+00:00,allocation_repayment
996,54,5000.0,2025-03-04 11:18:37.756356+00:00,2025-03-14 00:00:00+00:00,fully_settled,925.0,4,5925.0,2025-04-02 17:26:17.977407+00:00,allocation_repayment
995,81,3000.0,2025-03-04 11:16:12.847692+00:00,2025-03-14 00:00:00+00:00,fully_settled,555.0,4,3555.0,2025-04-02 17:26:52.043391+00:00,allocation_repayment
993,60,5000.0,2025-03-04 11:13:05.423879+00:00,2025-03-14 00:00:00+00:00,fully_settled,925.0,4,5925.0,2025-04-02 17:27:10.286863+00:00,allocation_repayment
937,75,1000.0,2025-03-04 04:53:41.076550+00:00,2025-03-14 00:00:00+00:00,fully_settled,185.0,4,1185.0,2025-04-02 17:27:38.376878+00:00,allocation_repayment
853,72,100.0,2025-02-25 04:55:48.398108+00:00,2025-03-14 00:00:00+00:00,fully_settled,18.5,4,118.5,2025-04-02 17:30:08.652368+00:00,allocation_repayment
852,72,100.0,2025-02-24 18:50:11.290872+00:00,2025-03-14 00:00:00+00:00,fully_settled,18.5,4,118.5,2025-04-02 17:30:36.427921+00:00,allocation_repayment
847,64,2000.0,2025-02-24 15:12:43.129057+00:00,2025-03-14 00:00:00+00:00,fully_settled,370.0,4,2370.0,2025-04-02 17:33:00.419234+00:00,allocation_repayment
742,72,500.0,2025-02-21 17:58:42.691317+00:00,2025-03-14 00:00:00+00:00,fully_settled,92.5,4,592.5,2025-04-02 17:36:05.183357+00:00,allocation_repayment
729,49,1000.0,2025-02-21 09:53:30.462077+00:00,2025-03-14 00:00:00+00:00,fully_settled,185.0,4,1185.0,2025-04-02 17:36:30.882575+00:00,allocation_repayment
716,49,500.0,2025-02-20 19:50:09.196829+00:00,2025-03-14 00:00:00+00:00,fully_settled,92.5,4,592.5,2025-04-02 17:36:53.988461+00:00,allocation_repayment
1650,481,250.0,2025-03-19 12:47:22.703590+00:00,2025-03-28 00:00:00+00:00,overdue,46.25,4,296.0,2025-04-02 19:30:29.313356+00:00,self_loan_repayment
715,72,700.0,2025-02-20 18:13:44.145240+00:00,2025-03-14 00:00:00+00:00,fully_settled,129.5,4,829.5,2025-04-02 17:37:46.093179+00:00,allocation_repayment
687,49,200.0,2025-02-20 06:24:19.347600+00:00,2025-03-14 00:00:00+00:00,fully_settled,37.0,4,237.0,2025-04-02 17:38:02.851264+00:00,allocation_repayment
683,49,300.0,2025-02-20 00:18:27.663345+00:00,2025-03-14 00:00:00+00:00,fully_settled,55.5,4,355.5,2025-04-02 17:38:30.600464+00:00,allocation_repayment
1994,686,1000.0,2025-03-21 09:38:11.210772+00:00,2025-03-28 00:00:00+00:00,fully_settled,185.0,4,1185.0,2025-04-02 17:37:14.633152+00:00,self_loan_repayment
623,72,250.0,2025-02-18 05:33:46.982330+00:00,2025-03-14 00:00:00+00:00,fully_settled,46.25,4,296.25,2025-04-02 17:40:07.891928+00:00,allocation_repayment
630,72,700.0,2025-02-18 15:08:02.404543+00:00,2025-03-14 00:00:00+00:00,fully_settled,129.5,4,829.5,2025-04-02 17:40:52.073014+00:00,allocation_repayment
627,45,500.0,2025-02-18 14:19:53.604761+00:00,2025-03-14 00:00:00+00:00,fully_settled,92.5,4,592.5,2025-04-02 17:41:20.699211+00:00,allocation_repayment
3050,778,1000.0,2025-04-02 16:48:26.061459+00:00,2025-04-28 00:00:00+00:00,fully_settled,185.0,4,1185.0,2025-04-02 17:41:21.093981+00:00,self_loan_repayment
671,49,500.0,2025-02-19 14:22:27.906174+00:00,2025-03-14 00:00:00+00:00,fully_settled,92.5,4,592.5,2025-04-02 17:41:46.708688+00:00,allocation_repayment
682,72,300.0,2025-02-19 19:01:26.507301+00:00,2025-03-14 00:00:00+00:00,fully_settled,55.5,4,355.5,2025-04-02 17:43:31.294798+00:00,allocation_repayment
1112,67,4000.0,2025-03-08 05:55:30.098271+00:00,2025-03-14 00:00:00+00:00,fully_settled,740.0,4,1.0,2025-04-02 17:44:59.941138+00:00,allocation_repayment
1228,47,1500.0,2025-03-13 22:12:56.960017+00:00,2025-03-14 00:00:00+00:00,fully_settled,277.5,4,2.5,2025-04-02 17:45:28.765377+00:00,allocation_repayment
1206,88,6000.0,2025-03-13 14:00:16.667938+00:00,2025-03-14 00:00:00+00:00,fully_settled,1110.0,4,2370.0,2025-04-02 17:46:01.383880+00:00,allocation_repayment
1123,177,2000.0,2025-03-09 12:16:04.362498+00:00,2025-03-28 00:00:00+00:00,fully_settled,370.0,4,2370.0,2025-04-02 17:46:01.242029+00:00,self_loan_repayment
1455,47,1400.0,2025-03-15 19:07:53.206870+00:00,2025-04-14 00:00:00+00:00,fully_settled,259.0,4,1659.0,2025-04-02 17:46:48.019394+00:00,allocation_repayment
2506,57,3000.0,2025-03-25 22:42:45.781794+00:00,2025-04-14 00:00:00+00:00,fully_settled,555.0,4,3555.0,2025-04-02 17:47:56.329748+00:00,allocation_repayment
2655,57,3000.0,2025-03-28 00:03:09.604060+00:00,2025-04-14 00:00:00+00:00,fully_settled,555.0,4,3555.0,2025-04-02 17:48:43.801038+00:00,allocation_repayment
2915,57,6000.0,2025-04-01 23:22:58.950225+00:00,2025-04-14 00:00:00+00:00,fully_settled,1110.0,4,5925.0,2025-04-02 17:49:41.351449+00:00,allocation_repayment
2598,481,100.0,2025-03-27 05:42:50.325158+00:00,2025-03-28 00:00:00+00:00,fully_settled,18.5,4,118.5,2025-04-02 19:41:09.396545+00:00,self_loan_repayment
2042,729,1000.0,2025-03-21 13:08:00.953945+00:00,2025-03-28 00:00:00+00:00,fully_settled,185.0,4,1185.0,2025-04-02 18:36:59.153307+00:00,self_loan_repayment
2450,481,250.0,2025-03-25 08:24:42.927334+00:00,2025-03-28 00:00:00+00:00,overdue,46.25,4,296.0,2025-04-02 19:32:49.729291+00:00,self_loan_repayment
2452,689,250.0,2025-03-25 08:43:51.034123+00:00,2025-03-28 00:00:00+00:00,overdue,46.25,4,296.0,2025-04-02 19:09:54.522611+00:00,self_loan_repayment
2369,757,1000.0,2025-03-24 10:48:51.564748+00:00,2025-03-28 00:00:00+00:00,fully_settled,185.0,4,1185.0,2025-04-02 19:10:16.629879+00:00,self_loan_repayment
2866,689,100.0,2025-04-01 07:15:18.101613+00:00,2025-04-28 00:00:00+00:00,overdue,18.5,4,118.3,2025-04-02 19:22:26.777515+00:00,self_loan_repayment
2117,481,200.0,2025-03-22 08:13:33.929544+00:00,2025-03-28 00:00:00+00:00,fully_settled,37.0,4,237.0,2025-04-02 19:36:18.968706+00:00,self_loan_repayment
1621,481,100.0,2025-03-19 07:13:47.548354+00:00,2025-03-28 00:00:00+00:00,fully_settled,18.5,4,118.5,2025-04-02 19:44:25.797365+00:00,self_loan_repayment
2693,782,100.0,2025-03-28 13:15:48.180435+00:00,2025-04-28 00:00:00+00:00,fully_settled,18.5,4,118.5,2025-04-02 19:35:43.690699+00:00,self_loan_repayment
1564,481,100.0,2025-03-18 05:14:35.686074+00:00,2025-03-28 00:00:00+00:00,fully_settled,18.5,4,118.5,2025-04-02 19:48:35.178341+00:00,self_loan_repayment
2000,616,1000.0,2025-03-21 09:59:50.935897+00:00,2025-03-28 00:00:00+00:00,fully_settled,185.0,4,1185.0,2025-04-02 19:46:40.764461+00:00,self_loan_repayment
1604,483,500.0,2025-03-18 16:43:01.967305+00:00,2025-03-28 00:00:00+00:00,fully_settled,92.5,4,592.0,2025-04-02 20:08:08.330097+00:00,self_loan_repayment
1603,483,500.0,2025-03-18 16:40:42.498292+00:00,2025-03-28 00:00:00+00:00,fully_settled,92.5,4,592.5,2025-04-02 20:30:26.620960+00:00,self_loan_repayment
1645,618,400.0,2025-03-19 11:33:47.319282+00:00,2025-03-28 00:00:00+00:00,fully_settled,74.0,4,474.0,2025-04-03 05:58:39.017219+00:00,self_loan_repayment
1602,483,500.0,2025-03-18 16:33:36.426750+00:00,2025-03-28 00:00:00+00:00,fully_settled,92.5,4,592.5,2025-04-02 21:07:00.660233+00:00,self_loan_repayment
1604,483,500.0,2025-03-18 16:43:01.967305+00:00,2025-03-28 00:00:00+00:00,fully_settled,92.5,4,0.5,2025-04-02 22:07:50.337868+00:00,self_loan_repayment
1775,403,500.0,2025-03-20 11:08:13.432530+00:00,2025-03-28 00:00:00+00:00,fully_settled,92.5,4,592.5,2025-04-03 01:20:38.557839+00:00,self_loan_repayment
1743,422,1000.0,2025-03-20 09:31:31.526298+00:00,2025-03-28 00:00:00+00:00,fully_settled,185.0,4,1185.0,2025-04-03 06:47:52.536872+00:00,self_loan_repayment
1529,493,1000.0,2025-03-17 11:51:48.076606+00:00,2025-03-28 00:00:00+00:00,fully_settled,185.0,4,1185.0,2025-04-03 01:22:10.460682+00:00,self_loan_repayment
2493,403,100.0,2025-03-25 17:45:31.513678+00:00,2025-03-28 00:00:00+00:00,fully_settled,18.5,4,118.5,2025-04-03 01:22:25.668314+00:00,self_loan_repayment
1848,618,410.0,2025-03-20 16:05:50.349868+00:00,2025-03-28 00:00:00+00:00,fully_settled,75.85,4,485.85,2025-04-03 06:01:33.795493+00:00,self_loan_repayment
2446,403,100.0,2025-03-25 07:46:10.091072+00:00,2025-03-28 00:00:00+00:00,fully_settled,18.5,4,118.5,2025-04-03 01:23:41.725862+00:00,self_loan_repayment
2454,403,120.0,2025-03-25 08:46:22.856435+00:00,2025-03-28 00:00:00+00:00,fully_settled,22.2,4,142.2,2025-04-03 01:24:55.145838+00:00,self_loan_repayment
2384,762,1000.0,2025-03-24 14:47:25.490185+00:00,2025-03-28 00:00:00+00:00,fully_settled,185.0,4,1185.0,2025-04-03 06:29:11.702347+00:00,self_loan_repayment
1522,477,1000.0,2025-03-17 10:45:41.196028+00:00,2025-03-28 00:00:00+00:00,fully_settled,185.0,4,1185.0,2025-04-03 05:52:13.940198+00:00,self_loan_repayment
2531,618,190.0,2025-03-26 08:27:15.872979+00:00,2025-03-28 00:00:00+00:00,fully_settled,35.15,4,225.15,2025-04-03 06:07:53.088204+00:00,self_loan_repayment
2728,417,100.0,2025-03-29 10:15:49.106903+00:00,2025-04-28 00:00:00+00:00,fully_settled,18.5,4,0.5,2025-04-03 05:58:07.363507+00:00,self_loan_repayment
2677,795,1000.0,2025-03-28 10:05:04.115044+00:00,2025-04-28 00:00:00+00:00,fully_settled,185.0,4,1000.0,2025-04-03 06:33:51.965380+00:00,self_loan_repayment
2677,795,1000.0,2025-03-28 10:05:04.115044+00:00,2025-04-28 00:00:00+00:00,fully_settled,185.0,4,185.0,2025-04-03 06:16:22.051959+00:00,self_loan_repayment
1643,426,1000.0,2025-03-19 10:42:57.838596+00:00,2025-03-28 00:00:00+00:00,fully_settled,185.0,4,1185.0,2025-04-03 06:16:53.022041+00:00,self_loan_repayment
1368,443,1000.0,2025-03-14 14:47:31.553459+00:00,2025-03-28 00:00:00+00:00,fully_settled,185.0,4,1185.0,2025-04-03 06:18:13.362169+00:00,self_loan_repayment
2400,666,1000.0,2025-03-24 17:01:36.162196+00:00,2025-03-28 00:00:00+00:00,fully_settled,185.0,4,1185.0,2025-04-03 06:48:50.991848+00:00,self_loan_repayment
1320,420,1000.0,2025-03-14 10:45:34.683091+00:00,2025-03-28 00:00:00+00:00,fully_settled,185.0,4,1185.0,2025-04-03 06:47:02.426203+00:00,self_loan_repayment
2387,105,100.0,2025-03-24 14:57:01.169167+00:00,2025-03-28 00:00:00+00:00,fully_settled,18.5,4,118.5,2025-04-03 06:51:59.679759+00:00,self_loan_repayment
2918,792,100.0,2025-04-02 06:23:38.861921+00:00,2025-04-28 00:00:00+00:00,fully_settled,18.5,4,118.5,2025-04-03 06:58:26.200565+00:00,self_loan_repayment
1706,534,900.0,2025-03-20 06:39:56.628471+00:00,2025-03-28 00:00:00+00:00,fully_settled,166.5,4,1066.0,2025-04-03 06:58:36.862942+00:00,self_loan_repayment
2411,509,300.0,2025-03-24 18:58:23.882372+00:00,2025-03-28 00:00:00+00:00,fully_settled,55.5,4,355.0,2025-04-03 06:59:38.247959+00:00,self_loan_repayment
1399,463,1000.0,2025-03-15 05:33:10.312167+00:00,2025-03-28 00:00:00+00:00,fully_settled,185.0,4,1185.0,2025-04-03 07:00:24.353996+00:00,self_loan_repayment
2826,792,100.0,2025-03-31 05:45:45.468667+00:00,2025-04-28 00:00:00+00:00,fully_settled,18.5,4,118.5,2025-04-03 07:01:14.836076+00:00,self_loan_repayment
1706,534,900.0,2025-03-20 06:39:56.628471+00:00,2025-03-28 00:00:00+00:00,fully_settled,166.5,4,0.5,2025-04-03 07:03:49.381322+00:00,self_loan_repayment
2662,509,150.0,2025-03-28 06:50:45.124913+00:00,2025-04-28 00:00:00+00:00,fully_settled,27.75,4,177.0,2025-04-03 07:07:07.272516+00:00,self_loan_repayment
2668,509,100.0,2025-03-28 08:24:58.682509+00:00,2025-04-28 00:00:00+00:00,fully_settled,18.5,4,118.0,2025-04-03 07:08:37.065403+00:00,self_loan_repayment
2824,509,150.0,2025-03-31 05:17:41.280409+00:00,2025-04-28 00:00:00+00:00,fully_settled,27.75,4,117.0,2025-04-03 07:10:08.909039+00:00,self_loan_repayment
2890,509,150.0,2025-04-01 15:20:42.791489+00:00,2025-04-28 00:00:00+00:00,fully_settled,27.75,4,117.0,2025-04-03 07:12:07.261315+00:00,self_loan_repayment
2678,792,100.0,2025-03-28 10:16:50.544270+00:00,2025-04-28 00:00:00+00:00,fully_settled,18.5,4,118.5,2025-04-03 07:12:54.154783+00:00,self_loan_repayment
2890,509,150.0,2025-04-01 15:20:42.791489+00:00,2025-04-28 00:00:00+00:00,fully_settled,27.75,4,60.0,2025-04-03 07:15:14.429008+00:00,self_loan_repayment
2824,509,150.0,2025-03-31 05:17:41.280409+00:00,2025-04-28 00:00:00+00:00,fully_settled,27.75,4,60.0,2025-04-03 07:26:32.084283+00:00,self_loan_repayment
1639,598,1000.0,2025-03-19 09:57:32.638273+00:00,2025-03-28 00:00:00+00:00,fully_settled,185.0,4,1185.0,2025-04-03 07:48:01.015737+00:00,self_loan_repayment
2662,509,150.0,2025-03-28 06:50:45.124913+00:00,2025-04-28 00:00:00+00:00,fully_settled,27.75,4,0.75,2025-04-03 07:28:06.490316+00:00,self_loan_repayment
2114,257,1000.0,2025-03-22 08:04:39.625647+00:00,2025-03-28 00:00:00+00:00,fully_settled,185.0,4,1185.0,2025-04-03 07:40:14.185153+00:00,self_loan_repayment
2890,509,150.0,2025-04-01 15:20:42.791489+00:00,2025-04-28 00:00:00+00:00,fully_settled,27.75,4,0.75,2025-04-03 07:42:55.917381+00:00,self_loan_repayment
2824,509,150.0,2025-03-31 05:17:41.280409+00:00,2025-04-28 00:00:00+00:00,fully_settled,27.75,4,0.75,2025-04-03 07:44:32.669338+00:00,self_loan_repayment
2567,770,1000.0,2025-03-26 15:37:39.448253+00:00,2025-03-28 00:00:00+00:00,fully_settled,185.0,4,1185.0,2025-04-03 07:58:22.553295+00:00,self_loan_repayment
2668,509,100.0,2025-03-28 08:24:58.682509+00:00,2025-04-28 00:00:00+00:00,fully_settled,18.5,4,0.5,2025-04-03 08:07:42.935521+00:00,self_loan_repayment
1669,614,1000.0,2025-03-19 17:21:55.697232+00:00,2025-03-28 00:00:00+00:00,fully_settled,185.0,4,685.0,2025-04-03 08:10:58.347759+00:00,self_loan_repayment
2411,509,300.0,2025-03-24 18:58:23.882372+00:00,2025-03-28 00:00:00+00:00,fully_settled,55.5,4,0.5,2025-04-03 08:08:45.727008+00:00,self_loan_repayment
1669,614,1000.0,2025-03-19 17:21:55.697232+00:00,2025-03-28 00:00:00+00:00,fully_settled,185.0,4,685.0,2025-04-03 08:09:42.784163+00:00,self_loan_repayment
2780,794,100.0,2025-03-30 12:25:56.227163+00:00,2025-04-28 00:00:00+00:00,fully_settled,18.5,4,118.0,2025-04-03 08:13:02.669519+00:00,self_loan_repayment
2508,465,500.0,2025-03-26 04:44:18.679183+00:00,2025-03-28 00:00:00+00:00,fully_settled,92.5,4,592.5,2025-04-03 08:28:18.051111+00:00,self_loan_repayment
1677,605,1000.0,2025-03-19 18:50:47.982179+00:00,2025-03-28 00:00:00+00:00,fully_settled,185.0,4,1185.0,2025-04-03 08:29:43.087049+00:00,self_loan_repayment
1610,490,1000.0,2025-03-19 06:10:14.598956+00:00,2025-03-28 00:00:00+00:00,fully_settled,185.0,4,1185.0,2025-04-03 09:11:04.484565+00:00,self_loan_repayment
2780,794,100.0,2025-03-30 12:25:56.227163+00:00,2025-04-28 00:00:00+00:00,fully_settled,18.5,4,0.5,2025-04-03 08:36:44.171509+00:00,self_loan_repayment
2025,712,1000.0,2025-03-21 11:59:11.718117+00:00,2025-03-28 00:00:00+00:00,fully_settled,185.0,4,1185.0,2025-04-03 09:17:04.484423+00:00,self_loan_repayment
2867,637,100.0,2025-04-01 07:19:04.531527+00:00,2025-04-28 00:00:00+00:00,fully_settled,18.5,4,118.5,2025-04-03 11:01:17.030432+00:00,self_loan_repayment
2015,401,200.0,2025-03-21 11:27:11.053994+00:00,2025-03-28 00:00:00+00:00,fully_settled,37.0,4,237.0,2025-04-03 09:37:32.983970+00:00,self_loan_repayment
1521,401,200.0,2025-03-17 10:27:57.189536+00:00,2025-03-28 00:00:00+00:00,fully_settled,37.0,4,237.0,2025-04-03 09:44:22.291977+00:00,self_loan_repayment
2827,637,130.0,2025-03-31 06:40:08.445360+00:00,2025-04-28 00:00:00+00:00,fully_settled,24.05,4,154.05,2025-04-03 11:02:32.010627+00:00,self_loan_repayment
2688,470,400.0,2025-03-28 12:17:47.952527+00:00,2025-04-28 00:00:00+00:00,fully_settled,74.0,4,474.0,2025-04-03 09:58:28.116321+00:00,self_loan_repayment
2735,637,100.0,2025-03-29 16:27:00.654518+00:00,2025-04-28 00:00:00+00:00,fully_settled,18.5,4,118.5,2025-04-03 11:03:40.039384+00:00,self_loan_repayment
2737,201,200.0,2025-03-29 16:32:44.754629+00:00,2025-04-28 00:00:00+00:00,fully_settled,37.0,4,50.0,2025-04-03 10:31:47.540981+00:00,self_loan_repayment
2727,642,1000.0,2025-03-29 10:10:34.150155+00:00,2025-04-28 00:00:00+00:00,overdue,185.0,4,500.0,2025-04-03 10:32:58.122603+00:00,self_loan_repayment
1445,457,150.0,2025-03-15 17:06:09.773836+00:00,2025-03-28 00:00:00+00:00,fully_settled,27.75,4,177.0,2025-04-03 11:05:31.123493+00:00,self_loan_repayment
2885,637,100.0,2025-04-01 14:05:53.908561+00:00,2025-04-28 00:00:00+00:00,fully_settled,18.5,4,118.5,2025-04-03 10:57:48.663741+00:00,self_loan_repayment
1697,457,350.0,2025-03-20 05:35:51.490682+00:00,2025-03-28 00:00:00+00:00,fully_settled,64.75,4,414.75,2025-04-03 10:58:51.788524+00:00,self_loan_repayment
2841,637,150.0,2025-03-31 09:34:43.139427+00:00,2025-04-28 00:00:00+00:00,fully_settled,27.75,4,177.75,2025-04-03 10:59:54.039114+00:00,self_loan_repayment
2634,667,750.0,2025-03-27 12:04:38.951080+00:00,2025-03-28 00:00:00+00:00,fully_settled,138.75,4,888.75,2025-04-03 12:39:32.515763+00:00,self_loan_repayment
2575,739,200.0,2025-03-26 17:14:06.780511+00:00,2025-03-28 00:00:00+00:00,fully_settled,37.0,4,237.0,2025-04-03 12:28:08.222489+00:00,self_loan_repayment
1079,338,1000.0,2025-03-06 16:54:38.100606+00:00,2025-03-28 00:00:00+00:00,fully_settled,185.0,4,1185.0,2025-04-03 12:49:30.190617+00:00,self_loan_repayment
1158,214,1000.0,2025-03-12 04:41:43.736195+00:00,2025-03-28 00:00:00+00:00,fully_settled,185.0,4,1185.0,2025-04-03 14:18:41.411410+00:00,self_loan_repayment
1540,506,1000.0,2025-03-17 12:54:16.536214+00:00,2025-03-28 00:00:00+00:00,fully_settled,185.0,4,1185.0,2025-04-03 12:55:06.211918+00:00,self_loan_repayment
1910,435,1000.0,2025-03-21 07:17:22.155568+00:00,2025-03-28 00:00:00+00:00,fully_settled,185.0,4,1185.0,2025-04-03 13:27:37.232716+00:00,self_loan_repayment
2896,739,105.0,2025-04-01 16:26:41.855898+00:00,2025-04-28 00:00:00+00:00,overdue,19.425,4,124.0,2025-04-03 13:12:49.878070+00:00,self_loan_repayment
2481,366,200.0,2025-03-25 14:19:47.996216+00:00,2025-03-28 00:00:00+00:00,fully_settled,37.0,4,237.0,2025-04-03 14:17:50.229964+00:00,self_loan_repayment
2171,641,1000.0,2025-03-23 07:21:21.313733+00:00,2025-03-28 00:00:00+00:00,fully_settled,185.0,4,1185.0,2025-04-03 13:59:34.067417+00:00,self_loan_repayment
2699,366,200.0,2025-03-28 16:52:06.612546+00:00,2025-04-28 00:00:00+00:00,fully_settled,37.0,4,237.0,2025-04-03 14:14:22.412004+00:00,self_loan_repayment
1113,214,1000.0,2025-03-08 08:14:49.941482+00:00,2025-03-28 00:00:00+00:00,fully_settled,185.0,4,1185.0,2025-04-03 14:19:51.637845+00:00,self_loan_repayment
1445,457,150.0,2025-03-15 17:06:09.773836+00:00,2025-03-28 00:00:00+00:00,fully_settled,27.75,4,0.75,2025-04-03 14:53:15.911378+00:00,self_loan_repayment
1500,311,100.0,2025-03-16 17:18:04.762635+00:00,2025-03-28 00:00:00+00:00,fully_settled,18.5,4,118.5,2025-04-03 14:54:29.359521+00:00,self_loan_repayment
1409,457,500.0,2025-03-15 06:34:29.024139+00:00,2025-03-28 00:00:00+00:00,fully_settled,92.5,4,592.5,2025-04-03 14:55:33.442603+00:00,self_loan_repayment
1580,407,350.0,2025-03-18 10:35:42.309646+00:00,2025-03-28 00:00:00+00:00,fully_settled,64.75,4,414.0,2025-04-03 15:45:23.749160+00:00,self_loan_repayment
1608,121,1000.0,2025-03-19 05:23:36.762492+00:00,2025-03-28 00:00:00+00:00,fully_settled,185.0,4,1185.0,2025-04-03 15:46:05.821482+00:00,self_loan_repayment
1607,121,1000.0,2025-03-19 05:20:23.536562+00:00,2025-03-28 00:00:00+00:00,fully_settled,185.0,4,1185.0,2025-04-03 15:47:28.876571+00:00,self_loan_repayment
1580,407,350.0,2025-03-18 10:35:42.309646+00:00,2025-03-28 00:00:00+00:00,fully_settled,64.75,4,0.75,2025-04-03 15:55:57.283389+00:00,self_loan_repayment
2151,414,200.0,2025-03-22 18:23:47.326555+00:00,2025-03-28 00:00:00+00:00,fully_settled,37.0,4,237.0,2025-04-03 16:11:01.311171+00:00,self_loan_repayment
2831,414,150.0,2025-03-31 07:16:04.044005+00:00,2025-04-28 00:00:00+00:00,fully_settled,27.75,4,177.75,2025-04-03 16:14:46.513050+00:00,self_loan_repayment
2140,715,350.0,2025-03-22 15:19:33.404634+00:00,2025-03-28 00:00:00+00:00,fully_settled,64.75,4,414.0,2025-04-03 20:28:54.993997+00:00,self_loan_repayment
2660,366,100.0,2025-03-28 06:12:20.618227+00:00,2025-04-28 00:00:00+00:00,fully_settled,18.5,4,118.5,2025-04-03 16:15:44.099293+00:00,self_loan_repayment
2700,414,150.0,2025-03-28 16:53:10.271560+00:00,2025-04-28 00:00:00+00:00,fully_settled,27.75,4,177.75,2025-04-03 16:17:17.900539+00:00,self_loan_repayment
1863,366,100.0,2025-03-20 18:14:14.603124+00:00,2025-03-28 00:00:00+00:00,fully_settled,18.5,4,118.5,2025-04-03 16:19:30.257311+00:00,self_loan_repayment
2140,715,350.0,2025-03-22 15:19:33.404634+00:00,2025-03-28 00:00:00+00:00,fully_settled,64.75,4,0.75,2025-04-03 20:30:43.272696+00:00,self_loan_repayment
1995,656,400.0,2025-03-21 09:41:50.143903+00:00,2025-03-28 00:00:00+00:00,fully_settled,74.0,4,474.0,2025-04-03 16:25:26.184113+00:00,self_loan_repayment
1934,656,600.0,2025-03-21 08:26:59.482378+00:00,2025-03-28 00:00:00+00:00,fully_settled,111.0,4,111.0,2025-04-03 16:33:28.526406+00:00,self_loan_repayment
1435,429,1000.0,2025-03-15 13:26:55.133924+00:00,2025-03-28 00:00:00+00:00,fully_settled,185.0,4,1185.0,2025-04-03 17:04:35.786911+00:00,self_loan_repayment
2011,643,1000.0,2025-03-21 11:12:09.706648+00:00,2025-03-28 00:00:00+00:00,overdue,185.0,4,185.0,2025-04-03 17:04:54.061175+00:00,self_loan_repayment
1784,397,1000.0,2025-03-20 12:08:11.149386+00:00,2025-03-28 00:00:00+00:00,fully_settled,185.0,4,1185.0,2025-04-04 03:48:01.917319+00:00,self_loan_repayment
1666,602,1000.0,2025-03-19 16:43:25.818463+00:00,2025-03-28 00:00:00+00:00,overdue,185.0,4,185.0,2025-04-03 17:27:59.258793+00:00,self_loan_repayment
2559,715,250.0,2025-03-26 13:40:44.619596+00:00,2025-03-28 00:00:00+00:00,fully_settled,46.25,4,296.25,2025-04-03 20:12:47.196844+00:00,self_loan_repayment
2704,797,500.0,2025-03-28 19:56:51.223296+00:00,2025-04-28 00:00:00+00:00,fully_settled,92.5,4,592.5,2025-04-03 20:21:56.656037+00:00,self_loan_repayment
2367,715,400.0,2025-03-24 10:09:34.861768+00:00,2025-03-28 00:00:00+00:00,fully_settled,74.0,4,474.0,2025-04-03 20:24:27.286902+00:00,self_loan_repayment
935,321,800.0,2025-03-03 18:15:12.872496+00:00,2025-03-28 00:00:00+00:00,fully_settled,148.0,4,548.0,2025-04-04 04:34:14.770859+00:00,self_loan_repayment
2147,717,300.0,2025-03-22 16:51:19.953698+00:00,2025-03-28 00:00:00+00:00,fully_settled,55.5,4,355.5,2025-04-04 06:52:24.320635+00:00,self_loan_repayment
936,321,200.0,2025-03-03 18:23:38.034657+00:00,2025-03-28 00:00:00+00:00,fully_settled,37.0,4,37.0,2025-04-04 04:36:20.853823+00:00,self_loan_repayment
2572,717,300.0,2025-03-26 16:52:48.596663+00:00,2025-03-28 00:00:00+00:00,fully_settled,55.5,4,355.5,2025-04-04 06:43:37.608648+00:00,self_loan_repayment
1443,454,1000.0,2025-03-15 16:49:57.686784+00:00,2025-03-28 00:00:00+00:00,fully_settled,185.0,4,1185.0,2025-04-04 04:40:13.362533+00:00,self_loan_repayment
1493,330,500.0,2025-03-16 13:41:49.749489+00:00,2025-03-28 00:00:00+00:00,overdue,92.5,4,200.0,2025-04-04 05:46:04.907068+00:00,self_loan_repayment
1483,399,1000.0,2025-03-16 10:47:45.444953+00:00,2025-03-28 00:00:00+00:00,fully_settled,185.0,4,1185.0,2025-04-04 06:52:48.119670+00:00,self_loan_repayment
2186,717,400.0,2025-03-23 09:29:58.994837+00:00,2025-03-28 00:00:00+00:00,fully_settled,74.0,4,474.0,2025-04-04 06:45:49.715269+00:00,self_loan_repayment
1835,620,1000.0,2025-03-20 15:00:14.535347+00:00,2025-03-28 00:00:00+00:00,overdue,185.0,4,600.0,2025-04-04 06:49:59.387728+00:00,self_loan_repayment
1139,222,600.0,2025-03-11 08:22:35.182858+00:00,2025-03-28 00:00:00+00:00,fully_settled,111.0,4,711.0,2025-04-04 06:53:37.130691+00:00,self_loan_repayment
2737,201,200.0,2025-03-29 16:32:44.754629+00:00,2025-04-28 00:00:00+00:00,fully_settled,37.0,4,100.0,2025-04-04 07:44:41.251345+00:00,self_loan_repayment
2457,570,300.0,2025-03-25 08:49:00.074722+00:00,2025-03-28 00:00:00+00:00,fully_settled,55.5,4,355.5,2025-04-04 07:52:12.405354+00:00,self_loan_repayment
2553,570,305.0,2025-03-26 13:00:20.811189+00:00,2025-03-28 00:00:00+00:00,fully_settled,56.425,4,361.425,2025-04-04 07:53:50.506526+00:00,self_loan_repayment
2372,570,300.0,2025-03-24 11:32:02.358697+00:00,2025-03-28 00:00:00+00:00,fully_settled,55.5,4,355.5,2025-04-04 07:57:58.549705+00:00,self_loan_repayment
2336,741,1000.0,2025-03-24 07:25:10.669135+00:00,2025-03-28 00:00:00+00:00,fully_settled,185.0,4,1185.0,2025-04-04 08:56:36.791173+00:00,self_loan_repayment
1384,406,900.0,2025-03-14 17:18:27.870635+00:00,2025-03-28 00:00:00+00:00,fully_settled,166.5,4,1066.5,2025-04-04 11:36:16.061309+00:00,self_loan_repayment
2474,769,250.0,2025-03-25 11:41:17.676041+00:00,2025-03-28 00:00:00+00:00,fully_settled,46.25,4,296.25,2025-04-04 11:37:14.492506+00:00,self_loan_repayment
2942,769,100.0,2025-04-02 10:36:24.923156+00:00,2025-04-28 00:00:00+00:00,fully_settled,18.5,4,118.5,2025-04-04 11:39:23.186281+00:00,self_loan_repayment
1002,317,1000.0,2025-03-04 11:43:13.678506+00:00,2025-03-28 00:00:00+00:00,fully_settled,185.0,4,1185.0,2025-04-04 09:39:23.966280+00:00,self_loan_repayment
2652,409,250.0,2025-03-27 21:18:15.831690+00:00,2025-03-28 00:00:00+00:00,fully_settled,46.25,4,296.25,2025-04-04 10:07:01.053609+00:00,self_loan_repayment
1579,462,305.0,2025-03-18 09:52:22.024875+00:00,2025-03-28 00:00:00+00:00,fully_settled,56.425,4,361.425,2025-04-04 17:24:35.951909+00:00,self_loan_repayment
2722,769,100.0,2025-03-29 08:28:17.214999+00:00,2025-04-28 00:00:00+00:00,fully_settled,18.5,4,118.5,2025-04-04 11:42:39.918792+00:00,self_loan_repayment
639,212,2000.0,2025-02-19 07:37:20.624736+00:00,2025-02-28 00:00:00+00:00,fully_settled,370.0,4,2370.0,2025-04-04 11:01:40.392809+00:00,self_loan_repayment
1789,513,1000.0,2025-03-20 12:33:01.893018+00:00,2025-03-28 00:00:00+00:00,overdue,185.0,4,250.0,2025-04-04 11:29:43.534921+00:00,self_loan_repayment
2711,624,200.0,2025-03-29 06:13:41.205404+00:00,2025-04-28 00:00:00+00:00,fully_settled,37.0,4,237.0,2025-04-04 14:07:50.260708+00:00,self_loan_repayment
1611,485,100.0,2025-03-19 06:11:25.975633+00:00,2025-03-28 00:00:00+00:00,fully_settled,18.5,4,118.5,2025-04-04 14:31:43.214289+00:00,self_loan_repayment
2897,769,105.0,2025-04-01 16:40:41.008636+00:00,2025-04-28 00:00:00+00:00,fully_settled,19.425,4,124.425,2025-04-04 11:44:54.700885+00:00,self_loan_repayment
2188,624,400.0,2025-03-23 09:34:20.077396+00:00,2025-03-28 00:00:00+00:00,fully_settled,74.0,4,474.0,2025-04-04 14:12:26.961257+00:00,self_loan_repayment
2357,625,500.0,2025-03-24 08:57:32.001438+00:00,2025-03-28 00:00:00+00:00,fully_settled,92.5,4,592.0,2025-04-04 13:41:25.158337+00:00,self_loan_repayment
2501,625,300.0,2025-03-25 19:15:06.572451+00:00,2025-03-28 00:00:00+00:00,fully_settled,55.5,4,355.0,2025-04-04 13:47:53.949150+00:00,self_loan_repayment
1660,627,1000.0,2025-03-19 15:56:35.154197+00:00,2025-03-28 00:00:00+00:00,fully_settled,185.0,4,1185.0,2025-04-04 14:12:43.667526+00:00,self_loan_repayment
2712,625,200.0,2025-03-29 06:17:28.268730+00:00,2025-04-28 00:00:00+00:00,fully_settled,37.0,4,237.0,2025-04-04 13:52:17.415608+00:00,self_loan_repayment
2534,624,100.0,2025-03-26 09:40:59.922454+00:00,2025-03-28 00:00:00+00:00,fully_settled,18.5,4,118.5,2025-04-04 14:32:23.545123+00:00,self_loan_repayment
2482,624,150.0,2025-03-25 14:23:56.258712+00:00,2025-03-28 00:00:00+00:00,fully_settled,27.75,4,177.75,2025-04-04 14:19:15.137760+00:00,self_loan_repayment
2667,624,150.0,2025-03-28 08:10:06.050602+00:00,2025-04-28 00:00:00+00:00,fully_settled,27.75,4,177.75,2025-04-04 14:28:04.768489+00:00,self_loan_repayment
1077,225,2000.0,2025-03-06 15:45:03.727365+00:00,2025-03-28 00:00:00+00:00,fully_settled,370.0,4,2370.0,2025-04-04 15:11:06.564486+00:00,self_loan_repayment
2031,721,1000.0,2025-03-21 12:25:16.166028+00:00,2025-03-28 00:00:00+00:00,fully_settled,185.0,4,1185.0,2025-04-04 14:59:50.576682+00:00,self_loan_repayment
2737,201,200.0,2025-03-29 16:32:44.754629+00:00,2025-04-28 00:00:00+00:00,fully_settled,37.0,4,30.0,2025-04-04 16:17:01.033727+00:00,self_loan_repayment
1225,259,3500.0,2025-03-13 18:56:16.911926+00:00,2025-03-28 00:00:00+00:00,fully_settled,647.5,4,4147.5,2025-04-04 17:01:48.418390+00:00,self_loan_repayment
2543,769,105.0,2025-03-26 10:36:39.260203+00:00,2025-03-28 00:00:00+00:00,fully_settled,19.425,4,124.425,2025-04-04 17:36:29.934287+00:00,self_loan_repayment
1538,467,450.0,2025-03-17 12:46:27.825220+00:00,2025-03-28 00:00:00+00:00,fully_settled,83.25,4,533.25,2025-04-04 18:03:07.760005+00:00,self_loan_repayment
2669,726,300.0,2025-03-28 08:32:50.242499+00:00,2025-04-28 00:00:00+00:00,fully_settled,55.5,4,355.5,2025-04-05 19:02:30.232121+00:00,self_loan_repayment
2773,784,100.0,2025-03-30 10:29:29.041730+00:00,2025-04-28 00:00:00+00:00,overdue,18.5,4,118.0,2025-04-05 06:24:16.329369+00:00,self_loan_repayment
2412,539,200.0,2025-03-24 19:15:03.931994+00:00,2025-03-28 00:00:00+00:00,fully_settled,37.0,4,237.0,2025-04-05 06:51:51.380585+00:00,self_loan_repayment
2152,539,100.0,2025-03-22 18:37:34.354354+00:00,2025-03-28 00:00:00+00:00,fully_settled,18.5,4,118.5,2025-04-05 06:54:12.329751+00:00,self_loan_repayment
1593,488,1000.0,2025-03-18 14:38:28.554970+00:00,2025-03-28 00:00:00+00:00,fully_settled,185.0,4,1185.0,2025-04-05 07:12:46.874862+00:00,self_loan_repayment
2501,625,300.0,2025-03-25 19:15:06.572451+00:00,2025-03-28 00:00:00+00:00,fully_settled,55.5,4,0.5,2025-04-05 07:19:13.024923+00:00,self_loan_repayment
1423,408,250.0,2025-03-15 09:46:47.179088+00:00,2025-03-28 00:00:00+00:00,fully_settled,46.25,4,296.25,2025-04-06 15:00:43.329882+00:00,self_loan_repayment
2357,625,500.0,2025-03-24 08:57:32.001438+00:00,2025-03-28 00:00:00+00:00,fully_settled,92.5,4,0.5,2025-04-05 07:27:18.839145+00:00,self_loan_repayment
1245,363,1000.0,2025-03-14 09:07:13.583725+00:00,2025-03-28 00:00:00+00:00,fully_settled,185.0,4,1185.0,2025-04-05 08:04:39.751030+00:00,self_loan_repayment
2220,726,300.0,2025-03-23 14:21:57.019900+00:00,2025-03-28 00:00:00+00:00,fully_settled,55.5,4,355.0,2025-04-05 19:28:07.554858+00:00,self_loan_repayment
1422,326,1000.0,2025-03-15 09:08:24.070723+00:00,2025-03-28 00:00:00+00:00,overdue,185.0,4,185.0,2025-04-05 09:27:33.821667+00:00,self_loan_repayment
1772,619,1000.0,2025-03-20 11:00:57.639352+00:00,2025-03-28 00:00:00+00:00,fully_settled,185.0,4,1185.0,2025-04-05 10:02:35.655014+00:00,self_loan_repayment
1756,501,200.0,2025-03-20 10:15:35.109502+00:00,2025-03-28 00:00:00+00:00,fully_settled,37.0,4,237.0,2025-04-07 10:18:20.364027+00:00,self_loan_repayment
1996,673,1000.0,2025-03-21 09:45:03.563480+00:00,2025-03-28 00:00:00+00:00,overdue,185.0,4,300.0,2025-04-05 10:29:04.501772+00:00,self_loan_repayment
2221,416,1000.0,2025-03-23 15:05:59.683617+00:00,2025-03-28 00:00:00+00:00,fully_settled,185.0,4,1185.0,2025-04-06 04:18:53.915455+00:00,self_loan_repayment
1879,411,1000.0,2025-03-21 01:35:44.575586+00:00,2025-03-28 00:00:00+00:00,overdue,185.0,4,185.0,2025-04-05 11:15:44.994350+00:00,self_loan_repayment
2222,408,750.0,2025-03-23 15:08:02.158911+00:00,2025-03-28 00:00:00+00:00,fully_settled,138.75,4,888.75,2025-04-06 15:07:17.172477+00:00,self_loan_repayment
1264,290,100.0,2025-03-14 10:08:16.017782+00:00,2025-03-28 00:00:00+00:00,fully_settled,18.5,4,118.5,2025-04-06 12:30:19.955414+00:00,self_loan_repayment
1155,209,1100.0,2025-03-11 18:28:34.862920+00:00,2025-03-28 00:00:00+00:00,overdue,203.5,4,500.0,2025-04-06 18:49:39.195297+00:00,self_loan_repayment
1295,409,300.0,2025-03-14 10:29:00.089157+00:00,2025-03-28 00:00:00+00:00,fully_settled,55.5,4,355.5,2025-04-06 14:02:36.234492+00:00,self_loan_repayment
2449,765,1000.0,2025-03-25 08:23:40.481150+00:00,2025-03-28 00:00:00+00:00,fully_settled,185.0,4,1185.0,2025-04-07 06:56:59.455148+00:00,self_loan_repayment
1122,157,1700.0,2025-03-09 08:48:37.771894+00:00,2025-03-28 00:00:00+00:00,overdue,314.5,4,350.0,2025-04-07 18:19:55.595644+00:00,self_loan_repayment
1573,501,500.0,2025-03-18 08:00:12.447583+00:00,2025-03-28 00:00:00+00:00,fully_settled,92.5,4,592.5,2025-04-07 10:15:47.159900+00:00,self_loan_repayment
1761,501,200.0,2025-03-20 10:33:17.015025+00:00,2025-03-28 00:00:00+00:00,fully_settled,37.0,4,237.0,2025-04-07 10:20:43.484724+00:00,self_loan_repayment
2146,501,100.0,2025-03-22 16:42:22.558109+00:00,2025-03-28 00:00:00+00:00,overdue,18.5,4,118.0,2025-04-07 10:22:12.192631+00:00,self_loan_repayment
2149,647,200.0,2025-03-22 17:58:42.126935+00:00,2025-03-28 00:00:00+00:00,fully_settled,37.0,4,237.0,2025-04-07 18:41:52.232036+00:00,self_loan_repayment
1120,202,2000.0,2025-03-08 22:30:03.047010+00:00,2025-03-28 00:00:00+00:00,fully_settled,370.0,4,2370.0,2025-04-08 06:40:06.588462+00:00,self_loan_repayment
3650,73,12000.0,2025-04-04 15:18:17.024918+00:00,2025-04-14 00:00:00+00:00,fully_settled,2220.0,4,8295.0,2025-04-08 14:26:33.330057+00:00,allocation_repayment
3864,792,100.0,2025-04-09 01:07:35.253718+00:00,2025-04-28 00:00:00+00:00,fully_settled,18.5,4,118.5,2025-04-09 02:22:51.759553+00:00,self_loan_repayment
1394,368,100.0,2025-03-14 20:47:50.890555+00:00,2025-03-28 00:00:00+00:00,fully_settled,18.5,4,118.5,2025-04-09 09:05:16.081411+00:00,self_loan_repayment
1644,368,550.0,2025-03-19 10:52:07.086760+00:00,2025-03-28 00:00:00+00:00,fully_settled,101.75,4,651.75,2025-04-09 09:09:45.318106+00:00,self_loan_repayment
2429,596,1000.0,2025-03-25 04:40:08.075414+00:00,2025-03-28 00:00:00+00:00,overdue,185.0,4,185.0,2025-04-09 10:37:47.028531+00:00,self_loan_repayment
2541,530,200.0,2025-03-26 10:27:02.871536+00:00,2025-03-28 00:00:00+00:00,overdue,37.0,4,150.0,2025-04-12 00:46:55.391455+00:00,self_loan_repayment
2838,533,500.0,2025-03-31 08:48:49.521512+00:00,2025-04-28 00:00:00+00:00,fully_settled,92.5,4,592.5,2025-04-09 20:53:57.802448+00:00,self_loan_repayment
2724,533,500.0,2025-03-29 09:05:33.239928+00:00,2025-04-28 00:00:00+00:00,overdue,92.5,4,592.0,2025-04-10 06:14:06.044071+00:00,self_loan_repayment
3870,792,100.0,2025-04-09 05:36:11.494719+00:00,2025-04-28 00:00:00+00:00,fully_settled,18.5,4,118.5,2025-04-10 08:41:57.029830+00:00,self_loan_repayment
3783,105,600.0,2025-04-07 07:25:10.070398+00:00,2025-04-28 00:00:00+00:00,fully_settled,111.0,4,250.0,2025-04-12 05:17:03.956370+00:00,self_loan_repayment
3867,792,200.0,2025-04-09 02:41:20.589857+00:00,2025-04-28 00:00:00+00:00,fully_settled,37.0,4,237.0,2025-04-10 08:54:09.156514+00:00,self_loan_repayment
3907,769,100.0,2025-04-09 23:00:25.790882+00:00,2025-04-28 00:00:00+00:00,overdue,18.5,4,18.5,2025-04-10 09:04:51.623095+00:00,self_loan_repayment
2687,675,1000.0,2025-03-28 12:12:34.964215+00:00,2025-04-28 00:00:00+00:00,overdue,185.0,4,320.0,2025-04-10 15:56:05.135556+00:00,self_loan_repayment
1605,519,800.0,2025-03-18 17:31:44.451439+00:00,2025-03-28 00:00:00+00:00,fully_settled,148.0,4,628.0,2025-04-13 07:14:58.948718+00:00,self_loan_repayment
3963,842,1000.0,2025-04-10 18:39:42.303364+00:00,2025-04-28 00:00:00+00:00,overdue,185.0,4,20.0,2025-04-11 05:40:20.247229+00:00,self_loan_repayment
2854,669,1000.0,2025-03-31 15:49:56.123788+00:00,2025-04-28 00:00:00+00:00,overdue,185.0,4,350.0,2025-04-11 07:25:43.489255+00:00,self_loan_repayment
2969,251,5000.0,2025-04-02 12:42:36.691439+00:00,2025-04-28 00:00:00+00:00,fully_settled,925.0,4,5925.0,2025-04-13 09:37:22.392071+00:00,self_loan_repayment
3957,792,100.0,2025-04-10 16:13:07.094482+00:00,2025-04-28 00:00:00+00:00,overdue,18.5,4,18.5,2025-04-14 11:19:21.432082+00:00,self_loan_repayment
3650,73,12000.0,2025-04-04 15:18:17.024918+00:00,2025-04-14 00:00:00+00:00,fully_settled,2220.0,4,2962.5,2025-04-14 14:01:06.560400+00:00,allocation_repayment
3650,73,12000.0,2025-04-04 15:18:17.024918+00:00,2025-04-14 00:00:00+00:00,fully_settled,2220.0,4,2962.5,2025-04-14 14:01:42.441368+00:00,allocation_repayment
1492,4,500.0,2025-03-16 12:38:53.213699+00:00,2025-03-28 00:00:00+00:00,fully_settled,62.5,1,1.0,2025-04-14 14:14:28.765001+00:00,self_loan_repayment
381,3,10.0,2025-02-22 10:27:38.043000+00:00,2025-01-28 00:00:00+00:00,fully_settled,1.25,1,11.25,2025-04-14 16:56:27.994862+00:00,self_loan_repayment
371,3,1000.0,2025-01-19 11:18:32.189151+00:00,2025-01-28 00:00:00+00:00,fully_settled,125.0,1,1125.0,2025-04-15 06:54:11.233223+00:00,self_loan_repayment
370,3,1000.0,2025-01-19 11:16:33.031880+00:00,2025-01-28 00:00:00+00:00,fully_settled,125.0,1,1125.0,2025-04-15 06:38:07.502252+00:00,self_loan_repayment
1492,4,500.0,2025-03-16 12:38:53.213699+00:00,2025-03-28 00:00:00+00:00,fully_settled,62.5,1,1.0,2025-04-15 08:12:13.237012+00:00,self_loan_repayment
13,3,20.0,2024-11-21 19:05:02.378509+00:00,2024-11-28 00:00:00+00:00,fully_settled,2.5,1,22.5,2025-04-15 09:36:10.965412+00:00,self_loan_repayment
33,3,50.0,2024-11-26 19:40:02.699982+00:00,2024-11-28 00:00:00+00:00,fully_settled,6.25,1,56.25,2025-04-15 09:12:40.620974+00:00,self_loan_repayment
26,3,50.0,2024-11-25 07:15:46.216925+00:00,2024-11-28 00:00:00+00:00,fully_settled,6.25,1,56.25,2025-04-15 09:26:09.395911+00:00,self_loan_repayment
2012,703,1000.0,2025-03-21 11:13:37.287755+00:00,2025-03-28 00:00:00+00:00,fully_settled,185.0,4,1185.0,2025-04-15 10:51:04.658801+00:00,self_loan_repayment
2337,690,315.0,2025-03-24 07:30:18.913277+00:00,2025-03-28 00:00:00+00:00,fully_settled,58.275,4,373.0,2025-04-16 06:44:07.571027+00:00,self_loan_repayment
89,3,10.0,2024-12-02 08:00:09.801797+00:00,2024-12-28 00:00:00+00:00,fully_settled,1.25,1,11.25,2025-04-22 15:07:03.048918+00:00,self_loan_repayment
2115,690,685.0,2025-03-22 08:05:22.198687+00:00,2025-03-28 00:00:00+00:00,fully_settled,126.725,4,811.0,2025-04-16 06:56:40.974685+00:00,self_loan_repayment
2687,675,1000.0,2025-03-28 12:12:34.964215+00:00,2025-04-28 00:00:00+00:00,overdue,185.0,4,180.0,2025-04-19 11:52:00.264720+00:00,self_loan_repayment
1492,4,500.0,2025-03-16 12:38:53.213699+00:00,2025-03-28 00:00:00+00:00,fully_settled,62.5,1,1.0,2025-04-16 10:54:39.614348+00:00,self_loan_repayment
3914,71,1045.0,2025-04-10 07:12:48.250789+00:00,2025-04-14 00:00:00+00:00,fully_settled,193.325,4,1185.0,2025-04-21 16:02:57.130142+00:00,allocation_repayment
3914,71,1045.0,2025-04-10 07:12:48.250789+00:00,2025-04-14 00:00:00+00:00,fully_settled,193.325,4,53.32,2025-04-21 16:04:06.664343+00:00,allocation_repayment
3914,71,1045.0,2025-04-10 07:12:48.250789+00:00,2025-04-14 00:00:00+00:00,fully_settled,193.325,4,0.005000000000109139,2025-04-21 16:04:42.840560+00:00,allocation_repayment
2337,690,315.0,2025-03-24 07:30:18.913277+00:00,2025-03-28 00:00:00+00:00,fully_settled,58.275,4,0.275,2025-04-16 11:38:01.104328+00:00,allocation_repayment
2115,690,685.0,2025-03-22 08:05:22.198687+00:00,2025-03-28 00:00:00+00:00,fully_settled,126.725,4,0.725,2025-04-16 11:38:54.857744+00:00,allocation_repayment
3521,46,2000.0,2025-04-04 07:18:28.746645+00:00,2025-04-14 00:00:00+00:00,fully_settled,370.0,4,2370.0,2025-04-17 09:56:19.347402+00:00,allocation_repayment
3436,46,5000.0,2025-04-03 14:54:36.315101+00:00,2025-04-14 00:00:00+00:00,fully_settled,925.0,4,4740.0,2025-04-17 09:57:12.489667+00:00,allocation_repayment
3436,46,5000.0,2025-04-03 14:54:36.315101+00:00,2025-04-14 00:00:00+00:00,fully_settled,925.0,4,1185.0,2025-04-17 09:58:06.260258+00:00,allocation_repayment
8,3,200.0,2024-11-20 19:15:08.620087+00:00,2024-11-28 00:00:00+00:00,fully_settled,25.0,1,225.0,2025-04-22 07:42:47.071117+00:00,self_loan_repayment
4165,665,500.0,2025-04-17 13:08:29.304963+00:00,2025-04-28 00:00:00+00:00,overdue,92.5,4,200.0,2025-04-17 13:11:34.741064+00:00,self_loan_repayment
3823,149,1000.0,2025-04-08 13:20:45.487244+00:00,2025-04-28 00:00:00+00:00,fully_settled,185.0,4,460.0,2025-04-17 13:25:40.515425+00:00,self_loan_repayment
2,3,100.0,2024-11-20 18:17:47.122911+00:00,2024-11-28 00:00:00+00:00,fully_settled,12.5,1,112.5,2025-04-22 07:47:13.837068+00:00,self_loan_repayment
1179,4,150.0,2025-03-12 17:16:31.770961+00:00,2025-03-28 00:00:00+00:00,fully_settled,18.75,1,1.0,2025-04-23 04:54:24.021397+00:00,self_loan_repayment
71,3,10.0,2024-11-29 08:33:54.591176+00:00,2024-12-28 00:00:00+00:00,fully_settled,1.25,1,11.25,2025-04-22 13:36:54.875210+00:00,self_loan_repayment
4079,73,6000.0,2025-04-14 14:04:36.580429+00:00,2025-05-14 00:00:00+00:00,fully_settled,1110.0,4,7110.0,2025-04-25 20:21:38.342903+00:00,allocation_repayment
3359,72,800.0,2025-04-03 09:45:35.334771+00:00,2025-04-14 00:00:00+00:00,fully_settled,148.0,4,948.0,2025-04-30 18:10:30.163857+00:00,allocation_repayment
3815,202,2000.0,2025-04-08 09:48:29.960665+00:00,2025-04-28 00:00:00+00:00,fully_settled,370.0,4,2370.0,2025-04-30 17:39:23.903627+00:00,self_loan_repayment
2365,354,5000.0,2025-03-24 09:57:23.533162+00:00,2025-03-28 00:00:00+00:00,fully_settled,925.0,4,3500.0,2025-04-30 09:55:52.550740+00:00,self_loan_repayment
2863,72,3999.0,2025-04-01 05:10:15.875439+00:00,2025-04-14 00:00:00+00:00,overdue,739.815,4,4000.0,2025-04-30 18:07:02.190935+00:00,allocation_repayment
2365,354,5000.0,2025-03-24 09:57:23.533162+00:00,2025-03-28 00:00:00+00:00,fully_settled,925.0,4,2425.0,2025-04-30 16:57:27.948609+00:00,self_loan_repayment
2863,72,3999.0,2025-04-01 05:10:15.875439+00:00,2025-04-14 00:00:00+00:00,overdue,739.815,4,738.8,2025-04-30 18:07:28.373573+00:00,allocation_repayment
3086,72,100.0,2025-04-02 17:30:49.448770+00:00,2025-04-14 00:00:00+00:00,fully_settled,18.5,4,118.5,2025-04-30 18:07:59.003628+00:00,allocation_repayment
3182,72,100.0,2025-04-03 05:59:51.071477+00:00,2025-04-14 00:00:00+00:00,fully_settled,18.5,4,118.5,2025-04-30 18:08:58.644706+00:00,allocation_repayment
3441,72,500.0,2025-04-03 15:41:59.958981+00:00,2025-04-14 00:00:00+00:00,fully_settled,92.5,4,592.5,2025-04-30 18:11:24.476220+00:00,allocation_repayment
2853,72,2000.0,2025-03-31 15:27:42.401678+00:00,2025-04-14 00:00:00+00:00,fully_settled,370.0,4,1185.0,2025-04-30 18:12:11.478308+00:00,allocation_repayment
2853,72,2000.0,2025-03-31 15:27:42.401678+00:00,2025-04-14 00:00:00+00:00,fully_settled,370.0,4,1185.0,2025-04-30 18:12:38.294893+00:00,allocation_repayment
4071,72,2500.0,2025-04-14 11:00:27.567762+00:00,2025-05-14 00:00:00+00:00,fully_settled,462.5,4,2370.0,2025-04-30 18:13:15.618791+00:00,allocation_repayment
4071,72,2500.0,2025-04-14 11:00:27.567762+00:00,2025-05-14 00:00:00+00:00,fully_settled,462.5,4,592.5,2025-04-30 18:14:03.603902+00:00,allocation_repayment
2863,72,3999.0,2025-04-01 05:10:15.875439+00:00,2025-04-14 00:00:00+00:00,overdue,739.815,4,0.01,2025-04-30 18:14:49.094267+00:00,allocation_repayment
3763,408,750.0,2025-04-06 15:10:02.996720+00:00,2025-04-28 00:00:00+00:00,fully_settled,138.75,4,888.75,2025-05-03 10:27:44.134724+00:00,self_loan_repayment
373,3,1500.0,2025-01-19 15:27:44.724960+00:00,2025-01-28 00:00:00+00:00,fully_settled,187.5,1,1687.5,2025-04-30 18:15:09.405055+00:00,self_loan_repayment
3891,553,1000.0,2025-04-09 12:08:25.474761+00:00,2025-04-28 00:00:00+00:00,fully_settled,185.0,4,1185.0,2025-05-03 08:30:03.139338+00:00,self_loan_repayment
2116,23,800.0,2025-03-22 08:09:29.247720+00:00,2025-03-28 00:00:00+00:00,fully_settled,100.0,1,900.0,2025-05-01 06:19:51.142101+00:00,self_loan_repayment
2979,51,4000.0,2025-04-02 13:02:58.361673+00:00,2025-04-14 00:00:00+00:00,fully_settled,740.0,4,2370.0,2025-05-01 10:05:47.748947+00:00,allocation_repayment
2979,51,4000.0,2025-04-02 13:02:58.361673+00:00,2025-04-14 00:00:00+00:00,fully_settled,740.0,4,1185.0,2025-05-01 10:06:12.498745+00:00,allocation_repayment
2979,51,4000.0,2025-04-02 13:02:58.361673+00:00,2025-04-14 00:00:00+00:00,fully_settled,740.0,4,1185.0,2025-05-01 10:06:36.579006+00:00,allocation_repayment
2852,355,5000.0,2025-03-31 14:42:01.545625+00:00,2025-04-28 00:00:00+00:00,fully_settled,925.0,4,5925.0,2025-05-02 08:12:15.102465+00:00,self_loan_repayment
4224,105,200.0,2025-04-22 12:25:35.182438+00:00,2025-04-28 00:00:00+00:00,fully_settled,37.0,4,237.0,2025-05-02 14:37:46.452995+00:00,self_loan_repayment
4346,105,100.0,2025-04-29 13:46:49.460122+00:00,2025-05-28 00:00:00+00:00,fully_settled,18.5,4,118.5,2025-05-02 14:41:29.389069+00:00,self_loan_repayment
3017,548,1000.0,2025-04-02 13:52:15.708135+00:00,2025-04-28 00:00:00+00:00,fully_settled,185.0,4,1185.0,2025-05-03 08:59:43.601566+00:00,self_loan_repayment
4269,105,100.0,2025-04-25 10:50:25.170394+00:00,2025-04-28 00:00:00+00:00,fully_settled,18.5,4,118.5,2025-05-02 14:45:18.943864+00:00,self_loan_repayment
1206,88,6000.0,2025-03-13 14:00:16.667938+00:00,2025-03-14 00:00:00+00:00,fully_settled,1110.0,4,1659.0,2025-05-02 18:07:28.867544+00:00,allocation_repayment
3267,88,6000.0,2025-04-03 07:14:20.661740+00:00,2025-04-14 00:00:00+00:00,fully_settled,1110.0,4,7110.0,2025-05-02 18:08:11.891032+00:00,allocation_repayment
1206,88,6000.0,2025-03-13 14:00:16.667938+00:00,2025-03-14 00:00:00+00:00,fully_settled,1110.0,4,1185.0,2025-05-02 18:09:08.543219+00:00,allocation_repayment
1206,88,6000.0,2025-03-13 14:00:16.667938+00:00,2025-03-14 00:00:00+00:00,fully_settled,1110.0,4,1185.0,2025-05-02 18:10:15.994775+00:00,allocation_repayment
1206,88,6000.0,2025-03-13 14:00:16.667938+00:00,2025-03-14 00:00:00+00:00,fully_settled,1110.0,4,711.0,2025-05-02 18:10:42.664207+00:00,allocation_repayment
1116,56,8000.0,2025-03-08 12:05:58.909866+00:00,2025-03-14 00:00:00+00:00,fully_settled,1480.0,4,9480.0,2025-05-02 18:13:44.051902+00:00,allocation_repayment
3409,54,7000.0,2025-04-03 12:45:06.396424+00:00,2025-04-14 00:00:00+00:00,fully_settled,1295.0,4,8295.0,2025-05-02 18:28:30.562754+00:00,allocation_repayment
3772,49,300.0,2025-04-07 05:36:31.956334+00:00,2025-04-14 00:00:00+00:00,fully_settled,55.5,4,237.0,2025-05-02 18:35:30.892085+00:00,allocation_repayment
3772,49,300.0,2025-04-07 05:36:31.956334+00:00,2025-04-14 00:00:00+00:00,fully_settled,55.5,4,107.0,2025-05-02 18:36:03.105072+00:00,allocation_repayment
3772,49,300.0,2025-04-07 05:36:31.956334+00:00,2025-04-14 00:00:00+00:00,fully_settled,55.5,4,11.5,2025-05-02 18:36:29.769221+00:00,allocation_repayment
3735,49,200.0,2025-04-05 13:54:27.662931+00:00,2025-04-14 00:00:00+00:00,fully_settled,37.0,4,162.0,2025-05-02 18:37:57.975026+00:00,allocation_repayment
3275,47,6400.0,2025-04-03 07:20:06.612259+00:00,2025-04-14 00:00:00+00:00,fully_settled,1184.0,4,7110.0,2025-05-02 18:39:13.000769+00:00,allocation_repayment
3275,47,6400.0,2025-04-03 07:20:06.612259+00:00,2025-04-14 00:00:00+00:00,fully_settled,1184.0,4,474.0,2025-05-02 18:39:31.183081+00:00,allocation_repayment
4276,73,12000.0,2025-04-25 20:24:17.152289+00:00,2025-05-14 00:00:00+00:00,fully_settled,2220.0,4,14220.0,2025-05-02 18:14:01.759641+00:00,allocation_repayment
3735,49,200.0,2025-04-05 13:54:27.662931+00:00,2025-04-14 00:00:00+00:00,fully_settled,37.0,4,237.0,2025-05-02 18:37:29.385376+00:00,allocation_repayment
3783,105,600.0,2025-04-07 07:25:10.070398+00:00,2025-04-28 00:00:00+00:00,fully_settled,111.0,4,461.0,2025-05-03 05:36:49.629059+00:00,self_loan_repayment
3897,551,1000.0,2025-04-09 15:19:33.374796+00:00,2025-04-28 00:00:00+00:00,fully_settled,185.0,4,1185.0,2025-05-03 09:41:06.446038+00:00,self_loan_repayment
4002,846,1000.0,2025-04-11 14:27:51.205917+00:00,2025-04-28 00:00:00+00:00,fully_settled,185.0,4,1185.0,2025-05-03 09:15:53.627128+00:00,self_loan_repayment
4085,859,1000.0,2025-04-14 18:07:47.774129+00:00,2025-04-28 00:00:00+00:00,fully_settled,185.0,4,1185.0,2025-05-03 09:30:23.669441+00:00,self_loan_repayment
3761,408,250.0,2025-04-06 15:03:53.797869+00:00,2025-04-28 00:00:00+00:00,fully_settled,46.25,4,296.25,2025-05-03 10:23:50.631043+00:00,self_loan_repayment
2994,246,1000.0,2025-04-02 13:15:00.702437+00:00,2025-04-28 00:00:00+00:00,fully_settled,185.0,4,1185.0,2025-05-03 10:33:44.345138+00:00,self_loan_repayment
3958,841,1000.0,2025-04-10 16:25:19.426455+00:00,2025-04-28 00:00:00+00:00,fully_settled,185.0,4,1185.0,2025-05-03 11:02:04.926224+00:00,self_loan_repayment
3026,404,1000.0,2025-04-02 14:23:51.503737+00:00,2025-04-28 00:00:00+00:00,fully_settled,185.0,4,1185.0,2025-05-03 10:48:56.131415+00:00,self_loan_repayment
4205,758,200.0,2025-04-20 17:53:38.416504+00:00,2025-04-28 00:00:00+00:00,fully_settled,37.0,4,237.0,2025-05-03 11:16:59.243652+00:00,self_loan_repayment
3603,442,400.0,2025-04-04 09:55:54.372343+00:00,2025-04-28 00:00:00+00:00,fully_settled,74.0,4,474.0,2025-05-03 11:23:53.607417+00:00,self_loan_repayment
3794,442,500.0,2025-04-07 10:31:05.925801+00:00,2025-04-28 00:00:00+00:00,fully_settled,92.5,4,592.5,2025-05-03 11:26:03.013458+00:00,self_loan_repayment
3602,442,100.0,2025-04-04 09:54:28.118004+00:00,2025-04-28 00:00:00+00:00,fully_settled,18.5,4,118.5,2025-05-03 11:28:08.851268+00:00,self_loan_repayment
2944,176,2000.0,2025-04-02 10:38:28.711616+00:00,2025-04-28 00:00:00+00:00,fully_settled,370.0,4,2370.0,2025-05-03 11:28:12.376620+00:00,self_loan_repayment
3419,49,2500.0,2025-04-03 13:50:21.415331+00:00,2025-04-14 00:00:00+00:00,fully_settled,462.5,4,2962.5,2025-05-03 11:44:24.473904+00:00,allocation_repayment
3270,412,980.0,2025-04-03 07:16:07.708842+00:00,2025-04-28 00:00:00+00:00,fully_settled,181.3,4,1161.3,2025-05-03 11:36:56.357349+00:00,self_loan_repayment
3622,49,1000.0,2025-04-04 11:55:59.518149+00:00,2025-04-14 00:00:00+00:00,fully_settled,185.0,4,1185.0,2025-05-03 11:46:55.283749+00:00,allocation_repayment
3150,49,500.0,2025-04-02 21:29:39.367711+00:00,2025-04-14 00:00:00+00:00,fully_settled,92.5,4,592.5,2025-05-03 11:47:32.518221+00:00,allocation_repayment
3369,65,3500.0,2025-04-03 10:27:41.099056+00:00,2025-04-14 00:00:00+00:00,fully_settled,647.5,4,4147.5,2025-05-03 13:21:48.561813+00:00,allocation_repayment
4399,163,100.0,2025-05-02 09:40:09.374560+00:00,2025-05-28 00:00:00+00:00,fully_settled,18.5,4,118.0,2025-05-03 11:55:26.120981+00:00,self_loan_repayment
3286,424,1000.0,2025-04-03 07:33:29.821838+00:00,2025-04-28 00:00:00+00:00,fully_settled,185.0,4,1185.0,2025-05-03 11:59:58.212060+00:00,self_loan_repayment
4114,470,150.0,2025-04-15 15:52:14.432470+00:00,2025-04-28 00:00:00+00:00,fully_settled,27.75,4,177.75,2025-05-03 13:35:14.355156+00:00,self_loan_repayment
4398,163,1000.0,2025-05-02 09:26:04.735506+00:00,2025-05-28 00:00:00+00:00,fully_settled,185.0,4,1185.0,2025-05-03 12:13:39.729794+00:00,self_loan_repayment
4012,417,1000.0,2025-04-12 04:32:15.893110+00:00,2025-04-28 00:00:00+00:00,fully_settled,185.0,4,1185.0,2025-05-03 13:22:34.749329+00:00,self_loan_repayment
4290,163,200.0,2025-04-28 06:52:59.845304+00:00,2025-05-28 00:00:00+00:00,fully_settled,37.0,4,237.0,2025-05-03 12:15:22.577343+00:00,self_loan_repayment
3368,71,500.0,2025-04-03 10:18:42.338437+00:00,2025-04-14 00:00:00+00:00,fully_settled,92.5,4,592.5,2025-05-03 13:23:24.477028+00:00,allocation_repayment
3742,115,1000.0,2025-04-05 17:32:37.741938+00:00,2025-04-28 00:00:00+00:00,fully_settled,185.0,4,1185.0,2025-05-03 12:19:24.840905+00:00,self_loan_repayment
3356,62,4000.0,2025-04-03 09:39:20.120124+00:00,2025-04-14 00:00:00+00:00,fully_settled,740.0,4,4740.0,2025-05-03 13:23:43.858746+00:00,allocation_repayment
4283,163,100.0,2025-04-27 15:04:22.334505+00:00,2025-04-28 00:00:00+00:00,fully_settled,18.5,4,118.5,2025-05-03 12:22:01.549561+00:00,self_loan_repayment
3354,55,6000.0,2025-04-03 09:33:54.285429+00:00,2025-04-14 00:00:00+00:00,fully_settled,1110.0,4,7110.0,2025-05-03 13:24:06.641305+00:00,allocation_repayment
4086,163,100.0,2025-04-15 05:29:43.940566+00:00,2025-04-28 00:00:00+00:00,fully_settled,18.5,4,118.5,2025-05-03 12:23:24.570885+00:00,self_loan_repayment
3296,69,5000.0,2025-04-03 07:48:16.804327+00:00,2025-04-14 00:00:00+00:00,fully_settled,925.0,4,5925.0,2025-05-03 13:24:44.053540+00:00,allocation_repayment
3774,619,1000.0,2025-04-07 06:11:51.929838+00:00,2025-04-28 00:00:00+00:00,fully_settled,185.0,4,1185.0,2025-05-03 12:26:18.507749+00:00,self_loan_repayment
3273,62,8000.0,2025-04-03 07:18:19.800702+00:00,2025-04-14 00:00:00+00:00,fully_settled,1480.0,4,9480.0,2025-05-03 13:25:13.817749+00:00,allocation_repayment
4399,163,100.0,2025-05-02 09:40:09.374560+00:00,2025-05-28 00:00:00+00:00,fully_settled,18.5,4,0.5,2025-05-03 12:27:12.458171+00:00,self_loan_repayment
2962,47,600.0,2025-04-02 11:39:11.352180+00:00,2025-04-14 00:00:00+00:00,fully_settled,111.0,4,592.5,2025-05-03 12:37:00.972261+00:00,allocation_repayment
2962,47,600.0,2025-04-02 11:39:11.352180+00:00,2025-04-14 00:00:00+00:00,fully_settled,111.0,4,118.5,2025-05-03 12:37:45.508317+00:00,allocation_repayment
3264,60,5000.0,2025-04-03 07:12:54.259416+00:00,2025-04-14 00:00:00+00:00,fully_settled,925.0,4,5925.0,2025-05-03 13:25:43.606357+00:00,allocation_repayment
2915,57,6000.0,2025-04-01 23:22:58.950225+00:00,2025-04-14 00:00:00+00:00,fully_settled,1110.0,4,1185.0,2025-05-03 13:27:56.331555+00:00,allocation_repayment
3649,225,2000.0,2025-04-04 15:17:58.792222+00:00,2025-04-28 00:00:00+00:00,fully_settled,370.0,4,2370.0,2025-05-03 13:13:53.223362+00:00,self_loan_repayment
3811,68,2000.0,2025-04-08 07:15:43.056271+00:00,2025-04-14 00:00:00+00:00,fully_settled,370.0,4,2370.0,2025-05-03 13:17:05.587357+00:00,allocation_repayment
3764,75,3000.0,2025-04-06 15:55:42.004570+00:00,2025-04-14 00:00:00+00:00,fully_settled,555.0,4,3555.0,2025-05-03 13:17:28.054838+00:00,allocation_repayment
3715,79,4000.0,2025-04-05 08:14:26.426379+00:00,2025-04-14 00:00:00+00:00,fully_settled,740.0,4,4740.0,2025-05-03 13:17:52.173881+00:00,allocation_repayment
3461,68,2000.0,2025-04-03 17:17:55.213282+00:00,2025-04-14 00:00:00+00:00,fully_settled,370.0,4,2370.0,2025-05-03 13:18:29.469446+00:00,allocation_repayment
3430,69,5000.0,2025-04-03 14:33:59.993922+00:00,2025-04-14 00:00:00+00:00,fully_settled,925.0,4,5925.0,2025-05-03 13:19:10.365410+00:00,allocation_repayment
3429,69,5000.0,2025-04-03 14:27:07.479342+00:00,2025-04-14 00:00:00+00:00,fully_settled,925.0,4,5925.0,2025-05-03 13:19:47.277891+00:00,allocation_repayment
3418,67,5000.0,2025-04-03 13:36:01.415360+00:00,2025-04-14 00:00:00+00:00,fully_settled,925.0,4,5925.0,2025-05-03 13:20:16.630904+00:00,allocation_repayment
3410,808,3500.0,2025-04-03 12:46:02.170704+00:00,2025-04-14 00:00:00+00:00,fully_settled,647.5,4,4147.5,2025-05-03 13:21:06.019077+00:00,allocation_repayment
2914,57,4900.0,2025-04-01 22:39:07.548783+00:00,2025-04-14 00:00:00+00:00,fully_settled,906.5,4,5806.5,2025-05-03 13:28:55.442561+00:00,allocation_repayment
2738,74,7000.0,2025-03-29 16:56:22.765829+00:00,2025-04-14 00:00:00+00:00,fully_settled,1295.0,4,8295.0,2025-05-03 13:29:19.239977+00:00,allocation_repayment
2691,59,6000.0,2025-03-28 12:44:46.523019+00:00,2025-04-14 00:00:00+00:00,fully_settled,1110.0,4,7110.0,2025-05-03 13:29:40.264995+00:00,allocation_repayment
3824,470,500.0,2025-04-08 13:29:26.800977+00:00,2025-04-28 00:00:00+00:00,fully_settled,92.5,4,592.5,2025-05-03 13:29:55.262852+00:00,self_loan_repayment
4014,470,250.0,2025-04-12 04:44:09.549704+00:00,2025-04-28 00:00:00+00:00,fully_settled,46.25,4,296.25,2025-05-03 13:32:58.034632+00:00,self_loan_repayment
3823,149,1000.0,2025-04-08 13:20:45.487244+00:00,2025-04-28 00:00:00+00:00,fully_settled,185.0,4,725.0,2025-05-03 14:31:35.711988+00:00,self_loan_repayment
3035,307,1000.0,2025-04-02 15:44:25.349545+00:00,2025-04-28 00:00:00+00:00,fully_settled,185.0,4,1185.0,2025-05-03 14:05:17.689991+00:00,self_loan_repayment
1705,534,100.0,2025-03-20 06:37:07.384473+00:00,2025-03-28 00:00:00+00:00,fully_settled,18.5,4,118.5,2025-05-03 13:46:15.583779+00:00,self_loan_repayment
4197,129,500.0,2025-04-19 18:08:28.970889+00:00,2025-04-28 00:00:00+00:00,fully_settled,92.5,4,592.5,2025-05-03 14:34:56.363568+00:00,self_loan_repayment
4177,129,500.0,2025-04-18 06:52:30.331849+00:00,2025-04-28 00:00:00+00:00,fully_settled,92.5,4,592.5,2025-05-03 14:37:04.144420+00:00,self_loan_repayment
3475,397,1000.0,2025-04-04 04:01:16.019189+00:00,2025-04-28 00:00:00+00:00,fully_settled,185.0,4,1185.0,2025-05-03 14:38:25.698746+00:00,self_loan_repayment
3765,518,200.0,2025-04-06 16:25:07.354259+00:00,2025-04-28 00:00:00+00:00,fully_settled,37.0,4,237.0,2025-05-03 14:39:34.170573+00:00,self_loan_repayment
2587,518,150.0,2025-03-26 20:11:48.628383+00:00,2025-03-28 00:00:00+00:00,fully_settled,27.75,4,177.75,2025-05-03 14:41:21.377792+00:00,self_loan_repayment
4153,518,100.0,2025-04-17 02:59:29.121504+00:00,2025-04-28 00:00:00+00:00,fully_settled,18.5,4,118.5,2025-05-03 14:43:36.217567+00:00,self_loan_repayment
3749,133,620.0,2025-04-06 04:59:48.722919+00:00,2025-04-28 00:00:00+00:00,fully_settled,114.7,4,734.7,2025-05-03 14:45:15.078693+00:00,self_loan_repayment
3357,403,700.0,2025-04-03 09:43:11.282301+00:00,2025-04-28 00:00:00+00:00,fully_settled,129.5,4,829.5,2025-05-03 14:45:44.969850+00:00,self_loan_repayment
3608,403,100.0,2025-04-04 10:24:13.750573+00:00,2025-04-28 00:00:00+00:00,fully_settled,18.5,4,118.5,2025-05-03 14:47:36.430217+00:00,self_loan_repayment
3799,403,100.0,2025-04-07 15:22:59.895481+00:00,2025-04-28 00:00:00+00:00,fully_settled,18.5,4,118.5,2025-05-03 14:48:42.184575+00:00,self_loan_repayment
4053,403,100.0,2025-04-13 17:33:46.173975+00:00,2025-04-28 00:00:00+00:00,fully_settled,18.5,4,118.5,2025-05-03 14:51:21.104800+00:00,self_loan_repayment
4336,839,100.0,2025-04-29 06:28:15.108261+00:00,2025-05-28 00:00:00+00:00,fully_settled,18.5,4,118.5,2025-05-03 15:12:26.373462+00:00,self_loan_repayment
2504,631,400.0,2025-03-25 20:43:47.692160+00:00,2025-03-28 00:00:00+00:00,fully_settled,74.0,4,400.0,2025-05-03 23:52:55.457333+00:00,self_loan_repayment
3384,637,800.0,2025-04-03 11:07:31.812260+00:00,2025-04-28 00:00:00+00:00,fully_settled,148.0,4,948.0,2025-05-03 15:12:52.224984+00:00,self_loan_repayment
2985,773,1000.0,2025-04-02 13:06:49.071312+00:00,2025-04-28 00:00:00+00:00,fully_settled,185.0,4,1185.0,2025-05-03 17:27:34.393805+00:00,self_loan_repayment
4043,637,200.0,2025-04-13 06:36:59.913328+00:00,2025-04-28 00:00:00+00:00,fully_settled,37.0,4,237.0,2025-05-03 15:17:37.629101+00:00,self_loan_repayment
4016,121,2000.0,2025-04-12 05:26:41.287003+00:00,2025-04-28 00:00:00+00:00,fully_settled,370.0,4,2370.0,2025-05-03 17:47:25.854723+00:00,self_loan_repayment
4044,566,500.0,2025-04-13 06:42:12.473730+00:00,2025-04-28 00:00:00+00:00,fully_settled,92.5,4,592.5,2025-05-03 16:06:48.879854+00:00,self_loan_repayment
2142,566,200.0,2025-03-22 16:00:12.318169+00:00,2025-03-28 00:00:00+00:00,fully_settled,37.0,4,237.0,2025-05-03 16:08:44.951063+00:00,self_loan_repayment
2721,588,400.0,2025-03-29 08:21:59.976912+00:00,2025-04-28 00:00:00+00:00,fully_settled,74.0,4,474.0,2025-05-03 16:47:56.368843+00:00,self_loan_repayment
2504,631,400.0,2025-03-25 20:43:47.692160+00:00,2025-03-28 00:00:00+00:00,fully_settled,74.0,4,74.0,2025-05-04 00:16:51.686941+00:00,self_loan_repayment
407,20,100.0,2025-01-27 11:56:23.759925+00:00,2025-01-28 00:00:00+00:00,fully_settled,12.5,1,112.5,2025-05-03 17:22:39.400686+00:00,self_loan_repayment
3463,795,1000.0,2025-04-03 17:33:50.670846+00:00,2025-04-28 00:00:00+00:00,fully_settled,185.0,4,1185.0,2025-05-03 20:24:25.613512+00:00,self_loan_repayment
3751,624,1000.0,2025-04-06 08:19:32.936028+00:00,2025-04-28 00:00:00+00:00,fully_settled,185.0,4,1185.0,2025-05-04 06:31:44.782714+00:00,self_loan_repayment
2051,631,100.0,2025-03-21 14:02:44.881222+00:00,2025-03-28 00:00:00+00:00,fully_settled,18.5,4,118.5,2025-05-03 21:24:00.192413+00:00,self_loan_repayment
3638,627,1000.0,2025-04-04 14:15:05.034133+00:00,2025-04-28 00:00:00+00:00,fully_settled,185.0,4,1185.0,2025-05-04 05:13:35.695705+00:00,self_loan_repayment
3875,823,1000.0,2025-04-09 07:04:23.290024+00:00,2025-04-28 00:00:00+00:00,fully_settled,185.0,4,1185.0,2025-05-03 21:55:10.032769+00:00,self_loan_repayment
3781,817,1000.0,2025-04-07 07:11:28.938480+00:00,2025-04-28 00:00:00+00:00,fully_settled,185.0,4,1185.0,2025-05-04 05:34:00.438731+00:00,self_loan_repayment
4057,853,500.0,2025-04-14 06:47:39.516313+00:00,2025-04-28 00:00:00+00:00,fully_settled,92.5,4,592.5,2025-05-04 08:12:04.892570+00:00,self_loan_repayment
4216,657,1000.0,2025-04-22 07:20:11.991190+00:00,2025-04-28 00:00:00+00:00,fully_settled,185.0,4,1185.0,2025-05-04 06:15:23.586391+00:00,self_loan_repayment
2871,447,1000.0,2025-04-01 10:46:51.887937+00:00,2025-04-28 00:00:00+00:00,fully_settled,185.0,4,585.0,2025-05-04 07:42:37.079591+00:00,self_loan_repayment
3766,807,400.0,2025-04-06 17:11:49.004546+00:00,2025-04-28 00:00:00+00:00,fully_settled,74.0,4,474.0,2025-05-04 06:22:02.551749+00:00,self_loan_repayment
4156,470,100.0,2025-04-17 07:02:40.485116+00:00,2025-04-28 00:00:00+00:00,fully_settled,18.5,4,118.5,2025-05-04 08:03:05.841077+00:00,self_loan_repayment
2871,447,1000.0,2025-04-01 10:46:51.887937+00:00,2025-04-28 00:00:00+00:00,fully_settled,185.0,4,600.0,2025-05-04 08:01:14.879578+00:00,self_loan_repayment
4013,853,500.0,2025-04-12 04:40:00.207298+00:00,2025-04-28 00:00:00+00:00,fully_settled,92.5,4,592.5,2025-05-04 08:09:39.890951+00:00,self_loan_repayment
3820,827,1000.0,2025-04-08 13:00:10.635473+00:00,2025-04-28 00:00:00+00:00,fully_settled,185.0,4,1185.0,2025-05-04 08:27:30.880582+00:00,self_loan_repayment
2988,460,1000.0,2025-04-02 13:09:14.283359+00:00,2025-04-28 00:00:00+00:00,fully_settled,185.0,4,1185.0,2025-05-04 08:29:44.045289+00:00,self_loan_repayment
3600,401,400.0,2025-04-04 09:49:09.442225+00:00,2025-04-28 00:00:00+00:00,fully_settled,74.0,4,474.0,2025-05-04 08:35:41.745837+00:00,self_loan_repayment
3730,401,300.0,2025-04-05 12:00:50.596103+00:00,2025-04-28 00:00:00+00:00,fully_settled,55.5,4,355.5,2025-05-04 08:37:57.104407+00:00,self_loan_repayment
3785,401,100.0,2025-04-07 08:12:55.099735+00:00,2025-04-28 00:00:00+00:00,fully_settled,18.5,4,118.5,2025-05-04 08:43:03.840653+00:00,self_loan_repayment
2967,736,1000.0,2025-04-02 12:38:30.989650+00:00,2025-04-28 00:00:00+00:00,overdue,185.0,4,185.0,2025-05-04 09:21:20.567273+00:00,self_loan_repayment
4025,836,300.0,2025-04-12 11:37:50.549246+00:00,2025-04-28 00:00:00+00:00,fully_settled,55.5,4,355.5,2025-05-04 09:28:40.938477+00:00,self_loan_repayment
4405,836,100.0,2025-05-02 17:26:24.986650+00:00,2025-05-28 00:00:00+00:00,fully_settled,18.5,4,118.5,2025-05-04 09:30:05.686009+00:00,self_loan_repayment
3655,741,1000.0,2025-04-04 16:14:38.650636+00:00,2025-04-28 00:00:00+00:00,overdue,185.0,4,185.0,2025-05-04 09:30:39.080913+00:00,self_loan_repayment
4126,647,100.0,2025-04-16 07:15:14.653528+00:00,2025-04-28 00:00:00+00:00,fully_settled,18.5,4,118.5,2025-05-04 12:38:48.619903+00:00,self_loan_repayment
4337,836,100.0,2025-04-29 06:40:14.678842+00:00,2025-05-28 00:00:00+00:00,fully_settled,18.5,4,118.5,2025-05-04 09:31:23.510321+00:00,self_loan_repayment
3023,384,800.0,2025-04-02 14:19:05.179722+00:00,2025-04-28 00:00:00+00:00,fully_settled,148.0,4,548.0,2025-05-04 10:47:13.968171+00:00,self_loan_repayment
2832,801,1000.0,2025-03-31 07:31:39.158996+00:00,2025-04-28 00:00:00+00:00,overdue,185.0,4,185.0,2025-05-04 09:31:40.997270+00:00,self_loan_repayment
1788,471,1000.0,2025-03-20 12:31:48.595513+00:00,2025-03-28 00:00:00+00:00,overdue,185.0,4,185.0,2025-05-04 09:38:21.572605+00:00,self_loan_repayment
3821,297,1000.0,2025-04-08 13:16:32.689858+00:00,2025-04-28 00:00:00+00:00,fully_settled,185.0,4,1185.0,2025-05-04 11:10:32.687716+00:00,self_loan_repayment
4231,872,500.0,2025-04-22 14:46:46.067144+00:00,2025-04-28 00:00:00+00:00,fully_settled,92.5,4,592.5,2025-05-04 09:39:26.021048+00:00,self_loan_repayment
4271,872,200.0,2025-04-25 15:39:58.000550+00:00,2025-04-28 00:00:00+00:00,fully_settled,37.0,4,237.0,2025-05-04 09:43:52.489915+00:00,self_loan_repayment
3601,401,100.0,2025-04-04 09:51:17.308083+00:00,2025-04-28 00:00:00+00:00,fully_settled,18.5,4,118.5,2025-05-04 13:54:25.093393+00:00,self_loan_repayment
4050,248,1000.0,2025-04-13 15:12:05.269786+00:00,2025-04-28 00:00:00+00:00,fully_settled,185.0,4,1185.0,2025-05-04 11:18:37.582432+00:00,self_loan_repayment
4154,465,1000.0,2025-04-17 04:27:04.849310+00:00,2025-04-28 00:00:00+00:00,fully_settled,185.0,4,1185.0,2025-05-04 09:44:56.769647+00:00,self_loan_repayment
4392,872,100.0,2025-05-01 10:52:43.494050+00:00,2025-05-28 00:00:00+00:00,fully_settled,18.5,4,118.5,2025-05-04 09:46:23.103783+00:00,self_loan_repayment
4157,688,350.0,2025-04-17 08:26:33.050650+00:00,2025-04-28 00:00:00+00:00,fully_settled,64.75,4,414.75,2025-05-04 11:50:11.255731+00:00,self_loan_repayment
3374,762,1000.0,2025-04-03 10:33:33.083281+00:00,2025-04-28 00:00:00+00:00,fully_settled,185.0,4,1185.0,2025-05-04 10:15:04.617012+00:00,self_loan_repayment
4263,688,120.0,2025-04-24 13:42:46.552011+00:00,2025-04-28 00:00:00+00:00,fully_settled,22.2,4,142.2,2025-05-04 11:53:51.203322+00:00,self_loan_repayment
3647,652,1000.0,2025-04-04 15:02:00.130236+00:00,2025-04-28 00:00:00+00:00,fully_settled,185.0,4,1185.0,2025-05-04 10:39:03.758870+00:00,self_loan_repayment
4200,688,100.0,2025-04-20 07:05:01.615511+00:00,2025-04-28 00:00:00+00:00,fully_settled,18.5,4,118.5,2025-05-04 11:55:32.802749+00:00,self_loan_repayment
4279,845,230.0,2025-04-26 14:10:46.221505+00:00,2025-04-28 00:00:00+00:00,fully_settled,42.55,4,272.55,2025-05-04 11:58:57.279187+00:00,self_loan_repayment
3912,838,1000.0,2025-04-10 06:57:11.234118+00:00,2025-04-28 00:00:00+00:00,fully_settled,185.0,4,185.0,2025-05-04 15:59:11.120042+00:00,self_loan_repayment
3103,731,1000.0,2025-04-02 17:45:22.741021+00:00,2025-04-28 00:00:00+00:00,fully_settled,185.0,4,1185.0,2025-05-04 12:24:57.449102+00:00,self_loan_repayment
3515,399,1000.0,2025-04-04 06:55:19.188214+00:00,2025-04-28 00:00:00+00:00,fully_settled,185.0,4,1185.0,2025-05-04 14:02:53.246395+00:00,self_loan_repayment
4178,242,100.0,2025-04-18 07:33:03.985449+00:00,2025-04-28 00:00:00+00:00,fully_settled,18.5,4,118.5,2025-05-04 13:20:48.151116+00:00,self_loan_repayment
3874,534,900.0,2025-04-09 06:51:39.989273+00:00,2025-04-28 00:00:00+00:00,fully_settled,166.5,4,1066.5,2025-05-04 13:27:35.748831+00:00,self_loan_repayment
3672,178,1700.0,2025-04-04 18:49:37.544162+00:00,2025-04-28 00:00:00+00:00,fully_settled,314.5,4,2014.5,2025-05-04 13:34:19.323024+00:00,self_loan_repayment
4185,688,100.0,2025-04-19 06:03:09.662113+00:00,2025-04-28 00:00:00+00:00,fully_settled,18.5,4,118.5,2025-05-04 16:28:57.369444+00:00,self_loan_repayment
3428,757,1000.0,2025-04-03 14:26:03.968820+00:00,2025-04-28 00:00:00+00:00,fully_settled,185.0,4,1185.0,2025-05-04 15:01:32.306097+00:00,self_loan_repayment
4270,873,1000.0,2025-04-25 11:22:07.589735+00:00,2025-04-28 00:00:00+00:00,fully_settled,185.0,4,1185.0,2025-05-04 16:54:49.738702+00:00,self_loan_repayment
4181,690,200.0,2025-04-18 09:39:20.602719+00:00,2025-04-28 00:00:00+00:00,fully_settled,37.0,4,237.0,2025-05-04 18:11:31.250242+00:00,self_loan_repayment
3909,214,1000.0,2025-04-10 02:30:32.004856+00:00,2025-04-28 00:00:00+00:00,fully_settled,185.0,4,1185.0,2025-05-04 18:43:29.331178+00:00,self_loan_repayment
3767,214,1000.0,2025-04-06 17:18:01.481655+00:00,2025-04-28 00:00:00+00:00,fully_settled,185.0,4,1185.0,2025-05-04 18:45:24.292282+00:00,self_loan_repayment
3417,435,1000.0,2025-04-03 13:34:31.701740+00:00,2025-04-28 00:00:00+00:00,fully_settled,185.0,4,1185.0,2025-05-04 19:17:25.655013+00:00,self_loan_repayment
4068,857,1000.0,2025-04-14 09:19:17.274179+00:00,2025-04-28 00:00:00+00:00,fully_settled,185.0,4,600.0,2025-05-04 19:30:51.333575+00:00,self_loan_repayment
3341,384,200.0,2025-04-03 09:05:34.684834+00:00,2025-04-28 00:00:00+00:00,fully_settled,37.0,4,237.0,2025-05-05 08:01:26.949349+00:00,self_loan_repayment
3731,746,1000.0,2025-04-05 12:02:38.774890+00:00,2025-04-28 00:00:00+00:00,fully_settled,185.0,4,1185.0,2025-05-04 19:31:52.436355+00:00,self_loan_repayment
3627,222,600.0,2025-04-04 12:40:57.767613+00:00,2025-04-28 00:00:00+00:00,fully_settled,111.0,4,711.0,2025-05-05 08:04:18.359026+00:00,self_loan_repayment
4068,857,1000.0,2025-04-14 09:19:17.274179+00:00,2025-04-28 00:00:00+00:00,fully_settled,185.0,4,585.0,2025-05-04 19:59:34.082871+00:00,self_loan_repayment
3023,384,800.0,2025-04-02 14:19:05.179722+00:00,2025-04-28 00:00:00+00:00,fully_settled,148.0,4,400.0,2025-05-05 08:03:56.004804+00:00,self_loan_repayment
2703,793,1000.0,2025-03-28 19:35:52.514775+00:00,2025-04-28 00:00:00+00:00,overdue,185.0,4,200.0,2025-05-04 22:52:27.658743+00:00,self_loan_repayment
4172,204,2000.0,2025-04-17 16:04:49.183430+00:00,2025-04-28 00:00:00+00:00,fully_settled,370.0,4,2000.0,2025-05-05 05:58:21.541973+00:00,self_loan_repayment
4113,222,200.0,2025-04-15 14:49:53.531216+00:00,2025-04-28 00:00:00+00:00,fully_settled,37.0,4,237.0,2025-05-05 08:05:40.893212+00:00,self_loan_repayment
2434,621,1000.0,2025-03-25 07:07:06.493153+00:00,2025-03-28 00:00:00+00:00,fully_settled,185.0,4,185.0,2025-05-05 06:19:18.954840+00:00,self_loan_repayment
3999,601,1000.0,2025-04-11 13:57:20.529172+00:00,2025-04-28 00:00:00+00:00,fully_settled,185.0,4,1000.0,2025-05-05 06:20:23.889478+00:00,self_loan_repayment
4052,222,200.0,2025-04-13 16:22:23.043047+00:00,2025-04-28 00:00:00+00:00,fully_settled,37.0,4,237.0,2025-05-05 08:06:52.014945+00:00,self_loan_repayment
3734,485,1000.0,2025-04-05 13:29:23.528523+00:00,2025-04-28 00:00:00+00:00,fully_settled,185.0,4,1185.0,2025-05-05 06:23:01.487526+00:00,self_loan_repayment
3333,422,1000.0,2025-04-03 08:51:21.223688+00:00,2025-04-28 00:00:00+00:00,fully_settled,185.0,4,1185.0,2025-05-05 07:12:36.527296+00:00,self_loan_repayment
4054,782,100.0,2025-04-13 18:36:19.690221+00:00,2025-04-28 00:00:00+00:00,fully_settled,18.5,4,118.5,2025-05-05 13:25:51.658399+00:00,self_loan_repayment
3754,813,1000.0,2025-04-06 09:44:58.003874+00:00,2025-04-28 00:00:00+00:00,fully_settled,185.0,4,1185.0,2025-05-05 07:15:15.068616+00:00,self_loan_repayment
3027,654,900.0,2025-04-02 14:26:19.555707+00:00,2025-04-28 00:00:00+00:00,fully_settled,166.5,4,1066.5,2025-05-05 18:18:57.989951+00:00,self_loan_repayment
4342,222,150.0,2025-04-29 11:59:13.417521+00:00,2025-05-28 00:00:00+00:00,fully_settled,27.75,4,177.75,2025-05-05 08:10:45.467832+00:00,self_loan_repayment
2736,276,1000.0,2025-03-29 16:28:30.283099+00:00,2025-04-28 00:00:00+00:00,fully_settled,185.0,4,1185.0,2025-05-05 13:44:08.030623+00:00,self_loan_repayment
2857,783,1000.0,2025-03-31 16:51:42.713776+00:00,2025-04-28 00:00:00+00:00,overdue,185.0,4,185.0,2025-05-05 09:26:08.489554+00:00,self_loan_repayment
2429,596,1000.0,2025-03-25 04:40:08.075414+00:00,2025-03-28 00:00:00+00:00,overdue,185.0,4,185.0,2025-05-05 09:28:08.260919+00:00,self_loan_repayment
3927,828,1000.0,2025-04-10 11:54:55.220758+00:00,2025-04-28 00:00:00+00:00,fully_settled,185.0,4,1185.0,2025-05-05 09:42:18.669554+00:00,self_loan_repayment
4362,641,300.0,2025-04-30 12:07:22.653547+00:00,2025-05-28 00:00:00+00:00,fully_settled,55.5,4,355.5,2025-05-05 10:32:25.192632+00:00,self_loan_repayment
3813,409,1000.0,2025-04-08 09:29:48.502025+00:00,2025-04-28 00:00:00+00:00,fully_settled,185.0,4,800.0,2025-05-05 19:17:00.080620+00:00,self_loan_repayment
1049,46,5000.0,2025-03-05 13:45:34.497667+00:00,2025-03-14 00:00:00+00:00,fully_settled,925.0,4,1.0,2025-05-05 14:29:03.636340+00:00,allocation_repayment
2968,654,100.0,2025-04-02 12:40:08.227623+00:00,2025-04-28 00:00:00+00:00,fully_settled,18.5,4,118.5,2025-05-05 18:23:35.574157+00:00,self_loan_repayment
3855,830,1000.0,2025-04-08 16:17:34.536496+00:00,2025-04-28 00:00:00+00:00,fully_settled,185.0,4,1185.0,2025-05-05 14:40:18.689954+00:00,self_loan_repayment
3801,594,1000.0,2025-04-07 16:45:11.666695+00:00,2025-04-28 00:00:00+00:00,fully_settled,185.0,4,1185.0,2025-05-05 16:52:46.807512+00:00,self_loan_repayment
3777,726,300.0,2025-04-07 06:35:05.099994+00:00,2025-04-28 00:00:00+00:00,fully_settled,55.5,4,355.5,2025-05-05 18:59:15.797864+00:00,self_loan_repayment
3917,726,200.0,2025-04-10 08:22:20.241964+00:00,2025-04-28 00:00:00+00:00,fully_settled,37.0,4,237.0,2025-05-05 18:54:35.889812+00:00,self_loan_repayment
3816,726,200.0,2025-04-08 10:03:24.198317+00:00,2025-04-28 00:00:00+00:00,fully_settled,37.0,4,237.0,2025-05-05 18:57:00.433518+00:00,self_loan_repayment
2220,726,300.0,2025-03-23 14:21:57.019900+00:00,2025-03-28 00:00:00+00:00,fully_settled,55.5,4,0.5,2025-05-05 19:00:40.972818+00:00,self_loan_repayment
3710,462,895.0,2025-04-05 07:48:37.488059+00:00,2025-04-28 00:00:00+00:00,overdue,165.575,4,150.0,2025-05-06 06:19:50.109473+00:00,self_loan_repayment
3999,601,1000.0,2025-04-11 13:57:20.529172+00:00,2025-04-28 00:00:00+00:00,fully_settled,185.0,4,185.0,2025-05-06 06:13:14.393333+00:00,self_loan_repayment
4019,843,1000.0,2025-04-12 06:35:59.554454+00:00,2025-04-28 00:00:00+00:00,overdue,185.0,4,185.0,2025-05-05 19:39:45.719505+00:00,self_loan_repayment
1247,369,1000.0,2025-03-14 09:22:30.389228+00:00,2025-03-28 00:00:00+00:00,fully_settled,185.0,4,1185.0,2025-05-06 07:57:43.350152+00:00,self_loan_repayment
4892,4,30.0,2025-05-05 19:26:02.650985+00:00,2025-05-28 00:00:00+00:00,fully_settled,3.75,1,1.0,2025-05-06 10:56:07.148738+00:00,self_loan_repayment
2035,532,1000.0,2025-03-21 12:31:59.311264+00:00,2025-03-28 00:00:00+00:00,overdue,185.0,4,185.0,2025-05-07 08:33:08.715373+00:00,self_loan_repayment
3599,317,1000.0,2025-04-04 09:48:12.788170+00:00,2025-04-28 00:00:00+00:00,overdue,185.0,4,185.0,2025-05-06 12:56:08.367099+00:00,self_loan_repayment
1419,438,1000.0,2025-03-15 08:05:08.144807+00:00,2025-03-28 00:00:00+00:00,fully_settled,185.0,4,1185.0,2025-05-06 13:53:29.523854+00:00,self_loan_repayment
4199,860,250.0,2025-04-20 05:51:05.631699+00:00,2025-04-28 00:00:00+00:00,overdue,46.25,4,118.0,2025-05-09 11:16:39.251716+00:00,self_loan_repayment
3670,414,800.0,2025-04-04 18:23:14.835261+00:00,2025-04-28 00:00:00+00:00,fully_settled,148.0,4,948.0,2025-05-07 09:15:47.923403+00:00,self_loan_repayment
4094,855,400.0,2025-04-15 07:40:57.893521+00:00,2025-04-28 00:00:00+00:00,overdue,74.0,4,74.0,2025-05-06 15:27:21.152774+00:00,self_loan_repayment
4093,855,600.0,2025-04-15 07:38:19.823005+00:00,2025-04-28 00:00:00+00:00,overdue,111.0,4,111.0,2025-05-06 15:30:17.124681+00:00,self_loan_repayment
3728,224,2000.0,2025-04-05 11:32:09.295714+00:00,2025-04-28 00:00:00+00:00,fully_settled,370.0,4,2370.0,2025-05-06 16:06:22.644291+00:00,self_loan_repayment
4349,475,200.0,2025-04-29 15:40:42.485909+00:00,2025-05-28 00:00:00+00:00,fully_settled,37.0,4,102.0,2025-05-07 16:25:45.697694+00:00,self_loan_repayment
4048,844,950.0,2025-04-13 11:27:09.646621+00:00,2025-04-28 00:00:00+00:00,fully_settled,175.75,4,175.0,2025-05-06 16:52:09.115458+00:00,self_loan_repayment
4172,204,2000.0,2025-04-17 16:04:49.183430+00:00,2025-04-28 00:00:00+00:00,fully_settled,370.0,4,370.0,2025-05-06 17:21:29.317492+00:00,self_loan_repayment
3813,409,1000.0,2025-04-08 09:29:48.502025+00:00,2025-04-28 00:00:00+00:00,fully_settled,185.0,4,250.0,2025-05-06 18:53:20.572974+00:00,self_loan_repayment
2913,740,1000.0,2025-04-01 20:05:50.245306+00:00,2025-04-28 00:00:00+00:00,overdue,185.0,4,185.0,2025-05-07 18:38:47.462820+00:00,self_loan_repayment
4349,475,200.0,2025-04-29 15:40:42.485909+00:00,2025-05-28 00:00:00+00:00,fully_settled,37.0,4,115.0,2025-05-07 05:50:01.958744+00:00,self_loan_repayment
1996,673,1000.0,2025-03-21 09:45:03.563480+00:00,2025-03-28 00:00:00+00:00,overdue,185.0,4,200.0,2025-05-12 14:29:41.055170+00:00,self_loan_repayment
4042,796,1000.0,2025-04-12 18:59:43.992762+00:00,2025-04-28 00:00:00+00:00,fully_settled,185.0,4,1185.0,2025-05-07 06:32:22.482250+00:00,self_loan_repayment
2686,800,1000.0,2025-03-28 11:53:11.420875+00:00,2025-04-28 00:00:00+00:00,fully_settled,185.0,4,1185.0,2025-05-08 07:06:14.716327+00:00,self_loan_repayment
3813,409,1000.0,2025-04-08 09:29:48.502025+00:00,2025-04-28 00:00:00+00:00,fully_settled,185.0,4,135.0,2025-05-09 12:49:43.787584+00:00,self_loan_repayment
3782,714,1000.0,2025-04-07 07:22:51.618161+00:00,2025-04-28 00:00:00+00:00,fully_settled,185.0,4,500.0,2025-05-08 17:39:23.068420+00:00,self_loan_repayment
4204,416,1000.0,2025-04-20 14:45:46.916473+00:00,2025-04-28 00:00:00+00:00,fully_settled,185.0,4,1185.0,2025-05-10 05:01:50.668137+00:00,self_loan_repayment
3782,714,1000.0,2025-04-07 07:22:51.618161+00:00,2025-04-28 00:00:00+00:00,fully_settled,185.0,4,685.0,2025-05-08 18:01:11.414784+00:00,self_loan_repayment
3297,477,1000.0,2025-04-03 07:49:13.689493+00:00,2025-04-28 00:00:00+00:00,fully_settled,185.0,4,185.0,2025-05-09 16:37:02.025122+00:00,self_loan_repayment
2001,655,2000.0,2025-03-21 10:05:41.812228+00:00,2025-03-28 00:00:00+00:00,overdue,370.0,4,1000.0,2025-05-09 17:06:18.105513+00:00,self_loan_repayment
4174,46,7000.0,2025-04-17 17:37:00.588731+00:00,2025-05-14 00:00:00+00:00,fully_settled,1295.0,4,8295.0,2025-05-16 07:36:41.742893+00:00,allocation_repayment
3420,614,1000.0,2025-04-03 13:58:15.638959+00:00,2025-04-28 00:00:00+00:00,overdue,185.0,4,185.0,2025-05-10 08:13:17.899494+00:00,self_loan_repayment
618,218,2000.0,2025-02-17 16:36:52.841807+00:00,2025-02-28 00:00:00+00:00,fully_settled,370.0,4,70.0,2025-05-13 10:24:15.164833+00:00,self_loan_repayment
4954,901,4000.0,2025-05-06 14:04:37.452400+00:00,2025-05-14 00:00:00+00:00,fully_settled,740.0,4,4740.0,2025-05-19 09:51:38.097472+00:00,allocation_repayment
4349,475,200.0,2025-04-29 15:40:42.485909+00:00,2025-05-28 00:00:00+00:00,fully_settled,37.0,4,20.0,2025-05-17 13:35:10.201882+00:00,self_loan_repayment
4951,901,10000.0,2025-05-06 13:35:51.254709+00:00,2025-05-14 00:00:00+00:00,fully_settled,1850.0,4,8295.0,2025-05-19 09:52:43.639229+00:00,allocation_repayment
4951,901,10000.0,2025-05-06 13:35:51.254709+00:00,2025-05-14 00:00:00+00:00,fully_settled,1850.0,4,3555.0,2025-05-19 09:54:08.034236+00:00,allocation_repayment
5010,886,3500.0,2025-05-08 12:47:40.872529+00:00,2025-05-28 00:00:00+00:00,fully_settled,437.5,10,3937.5,2025-05-21 03:13:28.839819+00:00,self_loan_repayment
5232,886,3000.0,2025-05-19 08:02:33.578462+00:00,2025-05-28 00:00:00+00:00,fully_settled,375.0,10,3375.0,2025-05-21 03:15:18.484283+00:00,self_loan_repayment
4945,46,5000.0,2025-05-06 11:51:38.711972+00:00,2025-05-14 00:00:00+00:00,fully_settled,925.0,4,5925.0,2025-05-25 16:03:57.398710+00:00,allocation_repayment
4939,881,20000.0,2025-05-06 10:25:10.969207+00:00,2025-05-28 00:00:00+00:00,fully_settled,2500.0,10,9000.0,2025-05-23 14:13:57.330845+00:00,self_loan_repayment
5227,892,300.0,2025-05-17 16:54:01.937534+00:00,2025-05-28 00:00:00+00:00,fully_settled,37.5,10,337.5,2025-05-21 13:04:11.380835+00:00,self_loan_repayment
4223,71,1000.0,2025-04-22 12:11:18.899371+00:00,2025-05-14 00:00:00+00:00,fully_settled,185.0,4,1185.0,2025-05-27 13:30:52.841843+00:00,allocation_repayment
5056,892,630.0,2025-05-10 11:16:47.377062+00:00,2025-05-28 00:00:00+00:00,fully_settled,78.75,10,708.75,2025-05-21 13:06:06.175854+00:00,self_loan_repayment
5187,881,1000.0,2025-05-12 11:51:16.022258+00:00,2025-05-28 00:00:00+00:00,fully_settled,125.0,10,1125.0,2025-05-23 14:16:21.212964+00:00,self_loan_repayment
5017,892,500.0,2025-05-08 14:55:27.856612+00:00,2025-05-28 00:00:00+00:00,fully_settled,62.5,10,562.5,2025-05-21 13:07:27.661481+00:00,self_loan_repayment
4125,71,200.0,2025-04-16 07:11:22.051694+00:00,2025-05-14 00:00:00+00:00,fully_settled,37.0,4,237.0,2025-05-27 13:31:17.332446+00:00,allocation_repayment
4939,881,20000.0,2025-05-06 10:25:10.969207+00:00,2025-05-28 00:00:00+00:00,fully_settled,2500.0,10,12500.0,2025-05-22 10:22:55.703782+00:00,self_loan_repayment
4939,881,20000.0,2025-05-06 10:25:10.969207+00:00,2025-05-28 00:00:00+00:00,fully_settled,2500.0,10,1000.0,2025-05-23 14:20:12.507383+00:00,self_loan_repayment
2737,201,200.0,2025-03-29 16:32:44.754629+00:00,2025-04-28 00:00:00+00:00,fully_settled,37.0,4,57.0,2025-05-22 16:15:08.493762+00:00,self_loan_repayment
4253,71,200.0,2025-04-23 14:16:20.689948+00:00,2025-05-14 00:00:00+00:00,fully_settled,37.0,4,237.0,2025-05-27 13:31:45.506678+00:00,allocation_repayment
618,218,2000.0,2025-02-17 16:36:52.841807+00:00,2025-02-28 00:00:00+00:00,fully_settled,370.0,4,25.0,2025-05-22 21:59:07.684206+00:00,self_loan_repayment
5174,881,1000.0,2025-05-12 03:47:31.885600+00:00,2025-05-28 00:00:00+00:00,fully_settled,125.0,10,1125.0,2025-05-23 14:22:26.182724+00:00,self_loan_repayment
4390,71,300.0,2025-05-01 10:33:14.054288+00:00,2025-05-14 00:00:00+00:00,overdue,55.5,4,335.5,2025-05-27 13:32:09.016194+00:00,allocation_repayment
618,218,2000.0,2025-02-17 16:36:52.841807+00:00,2025-02-28 00:00:00+00:00,fully_settled,370.0,4,25.0,2025-05-24 06:10:19.306180+00:00,self_loan_repayment
5013,808,3500.0,2025-05-08 14:08:55.822380+00:00,2025-05-14 00:00:00+00:00,fully_settled,647.5,4,4147.5,2025-05-27 15:39:49.994629+00:00,allocation_repayment
4791,808,3500.0,2025-05-05 05:27:53.239675+00:00,2025-05-14 00:00:00+00:00,fully_settled,647.5,4,4147.5,2025-05-27 15:40:38.060395+00:00,allocation_repayment
3803,331,200.0,2025-04-07 17:51:16.910697+00:00,2025-04-28 00:00:00+00:00,fully_settled,37.0,4,200.0,2025-05-24 16:52:54.119033+00:00,self_loan_repayment
3803,331,200.0,2025-04-07 17:51:16.910697+00:00,2025-04-28 00:00:00+00:00,fully_settled,37.0,4,37.0,2025-05-24 17:08:35.747245+00:00,self_loan_repayment
2670,786,1000.0,2025-03-28 08:45:36.456076+00:00,2025-04-28 00:00:00+00:00,overdue,185.0,4,240.0,2025-05-28 12:52:42.203312+00:00,self_loan_repayment
4389,51,4000.0,2025-05-01 10:25:11.716981+00:00,2025-05-14 00:00:00+00:00,fully_settled,740.0,4,4740.0,2025-05-28 22:37:58.908170+00:00,allocation_repayment
4273,185,1500.0,2025-04-25 17:58:48.162631+00:00,2025-04-28 00:00:00+00:00,fully_settled,277.5,4,1777.5,2025-05-27 16:02:46.554108+00:00,self_loan_repayment
5238,901,10000.0,2025-05-19 11:47:52.439023+00:00,2025-06-14 00:00:00+00:00,fully_settled,1850.0,4,8295.0,2025-05-29 23:12:39.715694+00:00,allocation_repayment
5023,224,2000.0,2025-05-09 03:52:30.831441+00:00,2025-05-28 00:00:00+00:00,fully_settled,370.0,4,2370.0,2025-05-27 20:33:08.110072+00:00,self_loan_repayment
5238,901,10000.0,2025-05-19 11:47:52.439023+00:00,2025-06-14 00:00:00+00:00,fully_settled,1850.0,4,3555.0,2025-05-29 23:13:52.173275+00:00,allocation_repayment
4732,354,5000.0,2025-05-04 10:32:10.417892+00:00,2025-05-28 00:00:00+00:00,fully_settled,925.0,4,5925.0,2025-05-28 12:13:23.487638+00:00,self_loan_repayment
5239,901,100.0,2025-05-19 11:55:27.245730+00:00,2025-06-14 00:00:00+00:00,fully_settled,18.5,4,118.5,2025-05-29 23:14:17.089987+00:00,allocation_repayment
4021,23,150.0,2025-04-12 09:49:22.077404+00:00,2025-04-28 00:00:00+00:00,fully_settled,18.75,1,168.75,2025-05-31 13:33:15.482868+00:00,self_loan_repayment
859,23,200.0,2025-02-25 12:13:23.630781+00:00,2025-02-28 00:00:00+00:00,fully_settled,25.0,1,225.0,2025-05-31 13:34:30.598290+00:00,self_loan_repayment
5000,23,650.0,2025-05-07 19:46:34.465291+00:00,2025-05-28 00:00:00+00:00,fully_settled,81.25,1,731.25,2025-05-31 13:35:52.221355+00:00,self_loan_repayment
4082,23,300.0,2025-04-14 16:14:37.360282+00:00,2025-04-28 00:00:00+00:00,fully_settled,37.5,1,337.5,2025-05-31 13:37:43.053619+00:00,self_loan_repayment
4716,470,900.0,2025-05-04 09:36:32.463581+00:00,2025-05-28 00:00:00+00:00,fully_settled,166.5,4,1066.5,2025-06-01 04:54:45.073204+00:00,self_loan_repayment
4956,470,100.0,2025-05-06 15:16:44.621261+00:00,2025-05-28 00:00:00+00:00,fully_settled,18.5,4,118.5,2025-06-01 07:08:27.022166+00:00,self_loan_repayment
4433,47,2000.0,2025-05-02 20:35:26.075100+00:00,2025-05-14 00:00:00+00:00,fully_settled,370.0,4,1185.0,2025-06-01 11:46:04.940241+00:00,allocation_repayment
4433,47,2000.0,2025-05-02 20:35:26.075100+00:00,2025-05-14 00:00:00+00:00,fully_settled,370.0,4,1185.0,2025-06-01 11:49:38.729042+00:00,allocation_repayment
4504,47,2000.0,2025-05-03 09:41:03.506639+00:00,2025-05-14 00:00:00+00:00,fully_settled,370.0,4,2370.0,2025-06-01 11:50:34.925977+00:00,allocation_repayment
4506,47,900.0,2025-05-03 09:42:38.982708+00:00,2025-05-14 00:00:00+00:00,fully_settled,166.5,4,1066.5,2025-06-01 12:24:28.765081+00:00,allocation_repayment
4439,47,1500.0,2025-05-02 21:12:02.324912+00:00,2025-05-14 00:00:00+00:00,fully_settled,277.5,4,955.0,2025-06-01 12:27:51.322117+00:00,allocation_repayment
4439,47,1500.0,2025-05-02 21:12:02.324912+00:00,2025-05-14 00:00:00+00:00,fully_settled,277.5,4,822.5,2025-06-01 12:28:21.412645+00:00,allocation_repayment
4727,47,2000.0,2025-05-04 10:21:21.538973+00:00,2025-05-14 00:00:00+00:00,fully_settled,370.0,4,2370.0,2025-06-01 12:30:34.688125+00:00,allocation_repayment
4728,47,100.0,2025-05-04 10:22:55.820524+00:00,2025-05-14 00:00:00+00:00,fully_settled,18.5,4,43.0,2025-06-01 12:31:04.326437+00:00,allocation_repayment
4728,47,100.0,2025-05-04 10:22:55.820524+00:00,2025-05-14 00:00:00+00:00,fully_settled,18.5,4,75.0,2025-06-01 12:31:38.318321+00:00,allocation_repayment
4728,47,100.0,2025-05-04 10:22:55.820524+00:00,2025-05-14 00:00:00+00:00,fully_settled,18.5,4,0.5,2025-06-01 12:32:09.125829+00:00,allocation_repayment
4928,56,4000.0,2025-05-06 07:24:31.347332+00:00,2025-05-14 00:00:00+00:00,fully_settled,740.0,4,4740.0,2025-06-01 12:33:40.396849+00:00,allocation_repayment
4707,88,3000.0,2025-05-04 08:43:07.063218+00:00,2025-05-14 00:00:00+00:00,fully_settled,555.0,4,3555.0,2025-06-01 12:35:29.929186+00:00,allocation_repayment
4742,54,12000.0,2025-05-04 11:51:15.459099+00:00,2025-05-14 00:00:00+00:00,fully_settled,2220.0,4,14220.0,2025-06-01 12:35:59.576295+00:00,allocation_repayment
4380,72,6000.0,2025-04-30 18:20:37.252230+00:00,2025-05-14 00:00:00+00:00,fully_settled,1110.0,4,3555.0,2025-06-01 12:54:36.287782+00:00,allocation_repayment
4380,72,6000.0,2025-04-30 18:20:37.252230+00:00,2025-05-14 00:00:00+00:00,fully_settled,1110.0,4,3555.0,2025-06-01 12:54:56.862909+00:00,allocation_repayment
5015,72,1500.0,2025-05-08 14:52:49.649602+00:00,2025-05-14 00:00:00+00:00,fully_settled,277.5,4,920.0,2025-06-01 12:57:31.086383+00:00,allocation_repayment
5015,72,1500.0,2025-05-08 14:52:49.649602+00:00,2025-05-14 00:00:00+00:00,fully_settled,277.5,4,857.5,2025-06-01 12:58:22.731249+00:00,allocation_repayment
4526,56,4000.0,2025-05-03 11:42:11.053479+00:00,2025-05-14 00:00:00+00:00,fully_settled,740.0,4,4740.0,2025-06-01 13:25:29.935562+00:00,allocation_repayment
4707,88,3000.0,2025-05-04 08:43:07.063218+00:00,2025-05-14 00:00:00+00:00,fully_settled,555.0,4,2962.5,2025-06-01 12:35:03.474371+00:00,allocation_repayment
5015,72,1500.0,2025-05-08 14:52:49.649602+00:00,2025-05-14 00:00:00+00:00,fully_settled,277.5,4,1177.5,2025-06-01 12:57:02.333970+00:00,allocation_repayment
5015,72,1500.0,2025-05-08 14:52:49.649602+00:00,2025-05-14 00:00:00+00:00,fully_settled,277.5,4,1183.0,2025-06-01 12:56:27.470185+00:00,allocation_repayment
4380,72,6000.0,2025-04-30 18:20:37.252230+00:00,2025-05-14 00:00:00+00:00,fully_settled,1110.0,4,7110.0,2025-06-01 12:48:51.023459+00:00,allocation_repayment
4380,72,6000.0,2025-04-30 18:20:37.252230+00:00,2025-05-14 00:00:00+00:00,fully_settled,1110.0,4,7110.0,2025-06-01 12:49:50.963447+00:00,allocation_repayment
5015,72,1500.0,2025-05-08 14:52:49.649602+00:00,2025-05-14 00:00:00+00:00,fully_settled,277.5,4,592.5,2025-06-01 12:56:03.444239+00:00,allocation_repayment
4380,72,6000.0,2025-04-30 18:20:37.252230+00:00,2025-05-14 00:00:00+00:00,fully_settled,1110.0,4,5925.0,2025-06-01 12:49:26.124259+00:00,allocation_repayment
4727,47,2000.0,2025-05-04 10:21:21.538973+00:00,2025-05-14 00:00:00+00:00,fully_settled,370.0,4,2300.0,2025-06-01 12:23:32.390355+00:00,allocation_repayment
4707,88,3000.0,2025-05-04 08:43:07.063218+00:00,2025-05-14 00:00:00+00:00,fully_settled,555.0,4,622.6,2025-06-01 12:34:19.542351+00:00,allocation_repayment
685,258,1000.0,2025-02-20 05:38:51.443117+00:00,2025-02-28 00:00:00+00:00,overdue,185.0,4,200.0,2025-06-02 10:20:47.775537+00:00,self_loan_repayment
5199,129,500.0,2025-05-13 11:10:28.643883+00:00,2025-05-28 00:00:00+00:00,fully_settled,92.5,4,400.0,2025-06-02 10:39:12.547598+00:00,self_loan_repayment
5204,286,2500.0,2025-05-14 06:54:44.057808+00:00,2025-06-14 00:00:00+00:00,fully_settled,462.5,4,2962.5,2025-06-02 19:05:11.085306+00:00,allocation_repayment
5188,904,5000.0,2025-05-12 13:56:03.458418+00:00,2025-05-14 00:00:00+00:00,fully_settled,925.0,4,5925.0,2025-06-02 19:05:36.895115+00:00,allocation_repayment
5186,49,500.0,2025-05-12 11:39:43.755953+00:00,2025-05-14 00:00:00+00:00,fully_settled,92.5,4,592.5,2025-06-02 19:06:04.774583+00:00,allocation_repayment
5180,62,6000.0,2025-05-12 08:24:44.604545+00:00,2025-05-14 00:00:00+00:00,fully_settled,1110.0,4,7110.0,2025-06-02 19:06:33.861098+00:00,allocation_repayment
5076,49,200.0,2025-05-10 15:35:54.831511+00:00,2025-05-14 00:00:00+00:00,fully_settled,37.0,4,237.0,2025-06-02 19:07:25.272211+00:00,allocation_repayment
5060,49,300.0,2025-05-10 11:24:33.891952+00:00,2025-05-14 00:00:00+00:00,fully_settled,55.5,4,355.0,2025-06-02 19:07:55.654031+00:00,allocation_repayment
5060,49,300.0,2025-05-10 11:24:33.891952+00:00,2025-05-14 00:00:00+00:00,fully_settled,55.5,4,0.5,2025-06-02 19:12:31.300134+00:00,allocation_repayment
5032,62,3000.0,2025-05-09 16:34:28.510012+00:00,2025-05-14 00:00:00+00:00,fully_settled,555.0,4,3555.0,2025-06-02 19:13:05.014626+00:00,allocation_repayment
5014,64,2000.0,2025-05-08 14:11:33.227879+00:00,2025-05-14 00:00:00+00:00,fully_settled,370.0,4,2370.0,2025-06-02 19:14:57.445233+00:00,allocation_repayment
4989,75,3000.0,2025-05-07 10:30:45.967777+00:00,2025-05-14 00:00:00+00:00,fully_settled,555.0,4,3555.0,2025-06-02 19:15:28.116458+00:00,allocation_repayment
4984,79,4000.0,2025-05-07 09:45:43.654238+00:00,2025-05-14 00:00:00+00:00,fully_settled,740.0,4,4740.0,2025-06-02 19:15:49.967271+00:00,allocation_repayment
4969,62,3000.0,2025-05-06 23:23:38.653302+00:00,2025-05-14 00:00:00+00:00,fully_settled,555.0,4,3555.0,2025-06-02 19:16:37.754507+00:00,allocation_repayment
4963,49,500.0,2025-05-06 18:02:18.402594+00:00,2025-05-14 00:00:00+00:00,fully_settled,92.5,4,592.5,2025-06-02 19:17:09.453282+00:00,allocation_repayment
4933,69,5000.0,2025-05-06 08:22:37.938722+00:00,2025-05-14 00:00:00+00:00,fully_settled,925.0,4,5925.0,2025-06-02 19:17:31.197845+00:00,allocation_repayment
4931,69,7000.0,2025-05-06 08:18:17.236570+00:00,2025-05-14 00:00:00+00:00,fully_settled,1295.0,4,8295.0,2025-06-02 19:18:14.859549+00:00,allocation_repayment
4930,69,3000.0,2025-05-06 08:15:38.930387+00:00,2025-05-14 00:00:00+00:00,fully_settled,555.0,4,3555.0,2025-06-02 19:18:49.499067+00:00,allocation_repayment
4881,49,300.0,2025-05-05 18:23:29.241110+00:00,2025-05-14 00:00:00+00:00,fully_settled,55.5,4,355.5,2025-06-02 19:19:21.678955+00:00,allocation_repayment
4859,49,200.0,2025-05-05 15:35:48.486644+00:00,2025-05-14 00:00:00+00:00,fully_settled,37.0,4,237.0,2025-06-02 19:19:59.176490+00:00,allocation_repayment
4851,68,5000.0,2025-05-05 13:44:41.329721+00:00,2025-05-14 00:00:00+00:00,fully_settled,925.0,4,5925.0,2025-06-02 19:20:36.380014+00:00,allocation_repayment
4775,79,1000.0,2025-05-04 18:03:56.518380+00:00,2025-05-14 00:00:00+00:00,fully_settled,185.0,4,1185.0,2025-06-02 19:20:54.238445+00:00,allocation_repayment
4768,55,10000.0,2025-05-04 16:29:18.060397+00:00,2025-05-14 00:00:00+00:00,fully_settled,1850.0,4,11850.0,2025-06-02 19:21:29.032209+00:00,allocation_repayment
4762,49,500.0,2025-05-04 14:20:41.202612+00:00,2025-05-14 00:00:00+00:00,fully_settled,92.5,4,592.5,2025-06-02 19:21:56.524802+00:00,allocation_repayment
4754,65,4000.0,2025-05-04 13:05:00.037599+00:00,2025-05-14 00:00:00+00:00,fully_settled,740.0,4,4740.0,2025-06-02 19:22:21.139234+00:00,allocation_repayment
4733,67,5000.0,2025-05-04 10:38:02.591770+00:00,2025-05-14 00:00:00+00:00,fully_settled,925.0,4,5925.0,2025-06-02 19:22:41.604263+00:00,allocation_repayment
4708,74,7000.0,2025-05-04 09:08:10.700813+00:00,2025-05-14 00:00:00+00:00,fully_settled,1295.0,4,8295.0,2025-06-02 19:23:56.376393+00:00,allocation_repayment
4699,49,500.0,2025-05-04 08:25:24.723337+00:00,2025-05-14 00:00:00+00:00,fully_settled,92.5,4,592.5,2025-06-02 19:25:17.681450+00:00,allocation_repayment
4698,49,2000.0,2025-05-04 08:22:24.614043+00:00,2025-05-14 00:00:00+00:00,fully_settled,370.0,4,2370.0,2025-06-02 19:26:11.574065+00:00,allocation_repayment
4694,60,5000.0,2025-05-04 08:04:41.076663+00:00,2025-05-14 00:00:00+00:00,fully_settled,925.0,4,5925.0,2025-06-02 19:26:30.300538+00:00,allocation_repayment
4507,88,12000.0,2025-05-03 09:48:39.929178+00:00,2025-05-14 00:00:00+00:00,fully_settled,2220.0,4,14220.0,2025-06-02 19:26:50.544551+00:00,allocation_repayment
4225,63,12000.0,2025-04-22 12:58:16.902091+00:00,2025-05-14 00:00:00+00:00,fully_settled,2220.0,4,14220.0,2025-06-02 19:28:11.671330+00:00,allocation_repayment
4208,52,4000.0,2025-04-21 07:05:20.339019+00:00,2025-05-14 00:00:00+00:00,fully_settled,740.0,4,4740.0,2025-06-02 19:28:35.862507+00:00,allocation_repayment
4158,66,4000.0,2025-04-17 08:35:12.296253+00:00,2025-05-14 00:00:00+00:00,fully_settled,740.0,4,4740.0,2025-06-02 19:28:58.158334+00:00,allocation_repayment
4009,44,2000.0,2025-04-11 19:47:48.143978+00:00,2025-04-14 00:00:00+00:00,fully_settled,370.0,4,2370.0,2025-06-02 19:29:28.703145+00:00,allocation_repayment
3623,44,100.0,2025-04-04 12:00:51.305025+00:00,2025-04-14 00:00:00+00:00,fully_settled,18.5,4,118.5,2025-06-02 19:30:23.359477+00:00,allocation_repayment
5173,88,15000.0,2025-05-11 20:32:55.131744+00:00,2025-05-14 00:00:00+00:00,fully_settled,2775.0,4,17775.0,2025-06-03 07:52:43.572363+00:00,allocation_repayment
4284,169,2000.0,2025-04-27 16:17:56.810409+00:00,2025-04-28 00:00:00+00:00,fully_settled,370.0,4,2370.0,2025-06-03 12:59:08.213891+00:00,self_loan_repayment
4641,4,10.0,2025-05-03 19:29:47.719311+00:00,2025-05-28 00:00:00+00:00,fully_settled,1.25,1,2.0,2025-06-03 11:31:36.804321+00:00,self_loan_repayment
5007,283,400.0,2025-05-08 10:20:02.315115+00:00,2025-05-28 00:00:00+00:00,fully_settled,74.0,4,474.0,2025-06-03 11:42:36.551941+00:00,self_loan_repayment
4977,796,1000.0,2025-05-07 06:33:56.935022+00:00,2025-05-28 00:00:00+00:00,fully_settled,185.0,4,1185.0,2025-06-03 12:24:10.757662+00:00,self_loan_repayment
5215,860,250.0,2025-05-16 04:34:40.095452+00:00,2025-05-28 00:00:00+00:00,fully_settled,46.25,4,296.25,2025-06-03 12:32:48.073010+00:00,self_loan_repayment
3666,625,200.0,2025-04-04 17:38:17.448872+00:00,2025-04-28 00:00:00+00:00,fully_settled,37.0,4,237.0,2025-06-03 13:05:16.286981+00:00,self_loan_repayment
1583,482,1000.0,2025-03-18 12:13:04.537366+00:00,2025-03-28 00:00:00+00:00,overdue,185.0,4,300.0,2025-06-03 12:36:57.321223+00:00,self_loan_repayment
4350,4,120.0,2025-04-29 15:57:27.532329+00:00,2025-05-28 00:00:00+00:00,fully_settled,15.0,1,1.0,2025-06-03 13:08:20.628224+00:00,self_loan_repayment
3887,641,700.0,2025-04-09 10:08:49.746227+00:00,2025-04-28 00:00:00+00:00,fully_settled,129.5,4,500.0,2025-06-03 12:57:52.025660+00:00,self_loan_repayment
5055,553,1000.0,2025-05-10 11:04:54.434263+00:00,2025-05-28 00:00:00+00:00,fully_settled,185.0,4,1185.0,2025-06-03 13:34:36.133464+00:00,self_loan_repayment
4800,485,1000.0,2025-05-05 06:45:26.863950+00:00,2025-05-28 00:00:00+00:00,fully_settled,185.0,4,1185.0,2025-06-03 13:56:36.021279+00:00,self_loan_repayment
5052,475,250.0,2025-05-10 09:33:16.899750+00:00,2025-05-28 00:00:00+00:00,fully_settled,46.25,4,296.25,2025-06-03 13:40:07.093436+00:00,self_loan_repayment
2333,100,1000.0,2025-03-24 07:07:15.511020+00:00,2025-03-28 00:00:00+00:00,fully_settled,185.0,4,1185.0,2025-06-03 13:42:29.908478+00:00,self_loan_repayment
5223,475,100.0,2025-05-17 13:31:32.469603+00:00,2025-05-28 00:00:00+00:00,fully_settled,18.5,4,118.5,2025-06-03 13:41:37.590657+00:00,self_loan_repayment
5018,23,150.0,2025-05-08 17:23:19.790615+00:00,2025-05-28 00:00:00+00:00,fully_settled,18.75,1,3.0,2025-06-03 13:41:49.932194+00:00,self_loan_repayment
5331,927,1000.0,2025-05-29 20:59:08.966483+00:00,2025-06-28 00:00:00+00:00,fully_settled,185.0,4,1185.0,2025-06-03 13:54:09.302417+00:00,self_loan_repayment
4540,163,2000.0,2025-05-03 12:28:53.611533+00:00,2025-05-28 00:00:00+00:00,fully_settled,370.0,4,1000.0,2025-06-03 14:03:32.781617+00:00,self_loan_repayment
5178,905,1000.0,2025-05-12 07:31:51.819362+00:00,2025-05-28 00:00:00+00:00,overdue,185.0,4,210.0,2025-06-03 14:04:56.827500+00:00,self_loan_repayment
4829,817,1000.0,2025-05-05 08:45:21.009492+00:00,2025-05-28 00:00:00+00:00,fully_settled,185.0,4,1185.0,2025-06-03 14:07:06.648755+00:00,self_loan_repayment
4729,762,1000.0,2025-05-04 10:24:59.694993+00:00,2025-05-28 00:00:00+00:00,fully_settled,185.0,4,1185.0,2025-06-03 14:08:44.879514+00:00,self_loan_repayment
4601,424,1000.0,2025-05-03 15:39:40.219503+00:00,2025-05-28 00:00:00+00:00,fully_settled,185.0,4,1185.0,2025-06-03 14:19:35.814229+00:00,self_loan_repayment
3814,274,1000.0,2025-04-08 09:41:19.355743+00:00,2025-04-28 00:00:00+00:00,overdue,185.0,4,200.0,2025-06-03 15:33:46.195169+00:00,self_loan_repayment
5026,133,250.0,2025-05-09 10:07:16.591967+00:00,2025-05-28 00:00:00+00:00,fully_settled,46.25,4,296.25,2025-06-03 14:20:43.067418+00:00,self_loan_repayment
4644,795,1000.0,2025-05-03 20:32:10.635456+00:00,2025-05-28 00:00:00+00:00,fully_settled,185.0,4,1185.0,2025-06-03 15:33:45.672819+00:00,self_loan_repayment
4687,225,2000.0,2025-05-04 07:32:06.704735+00:00,2025-05-28 00:00:00+00:00,fully_settled,370.0,4,2370.0,2025-06-03 14:30:42.794722+00:00,self_loan_repayment
4748,841,1000.0,2025-05-04 12:26:53.129443+00:00,2025-05-28 00:00:00+00:00,fully_settled,185.0,4,1185.0,2025-06-03 15:38:45.929230+00:00,self_loan_repayment
4849,782,100.0,2025-05-05 13:33:35.640225+00:00,2025-05-28 00:00:00+00:00,fully_settled,18.5,4,118.5,2025-06-03 14:32:21.246553+00:00,self_loan_repayment
4206,407,1000.0,2025-04-20 18:07:33.959940+00:00,2025-04-28 00:00:00+00:00,overdue,185.0,4,20.0,2025-06-03 14:38:47.395965+00:00,self_loan_repayment
2035,532,1000.0,2025-03-21 12:31:59.311264+00:00,2025-03-28 00:00:00+00:00,overdue,185.0,4,100.0,2025-06-03 15:39:44.785161+00:00,self_loan_repayment
1111,205,2000.0,2025-03-08 02:55:55.559088+00:00,2025-03-28 00:00:00+00:00,fully_settled,370.0,4,70.0,2025-06-03 14:40:32.397563+00:00,self_loan_repayment
1056,221,2000.0,2025-03-05 18:25:32.242433+00:00,2025-03-28 00:00:00+00:00,fully_settled,370.0,4,1000.0,2025-06-03 14:47:38.164461+00:00,self_loan_repayment
3353,807,355.0,2025-04-03 09:30:19.699639+00:00,2025-04-28 00:00:00+00:00,fully_settled,65.675,4,420.675,2025-06-03 15:43:44.737911+00:00,self_loan_repayment
4772,845,1000.0,2025-05-04 17:40:40.207647+00:00,2025-05-28 00:00:00+00:00,overdue,185.0,4,200.0,2025-06-03 15:10:14.666945+00:00,self_loan_repayment
907,116,800.0,2025-03-01 12:14:01.940166+00:00,2025-03-28 00:00:00+00:00,fully_settled,148.0,4,948.0,2025-06-03 15:24:42.386334+00:00,self_loan_repayment
4922,746,1000.0,2025-05-06 07:00:23.527941+00:00,2025-05-28 00:00:00+00:00,fully_settled,185.0,4,185.0,2025-06-03 19:08:17.550009+00:00,self_loan_repayment
921,182,500.0,2025-03-02 14:19:25.340972+00:00,2025-03-28 00:00:00+00:00,fully_settled,92.5,4,592.5,2025-06-03 16:29:00.783099+00:00,self_loan_repayment
4779,214,2000.0,2025-05-04 18:49:55.485788+00:00,2025-05-28 00:00:00+00:00,fully_settled,370.0,4,2370.0,2025-06-03 17:21:39.042108+00:00,self_loan_repayment
3720,579,1000.0,2025-04-05 10:18:24.957695+00:00,2025-04-28 00:00:00+00:00,fully_settled,185.0,4,1185.0,2025-06-03 16:53:02.114183+00:00,self_loan_repayment
2665,486,1000.0,2025-03-28 06:59:39.427127+00:00,2025-04-28 00:00:00+00:00,overdue,185.0,4,40.0,2025-06-03 17:21:39.548506+00:00,self_loan_repayment
618,218,2000.0,2025-02-17 16:36:52.841807+00:00,2025-02-28 00:00:00+00:00,fully_settled,370.0,4,150.0,2025-06-03 20:24:53.280331+00:00,self_loan_repayment
1622,539,500.0,2025-03-19 07:23:35.343572+00:00,2025-03-28 00:00:00+00:00,fully_settled,92.5,4,592.5,2025-06-03 18:42:49.163851+00:00,self_loan_repayment
1111,205,2000.0,2025-03-08 02:55:55.559088+00:00,2025-03-28 00:00:00+00:00,fully_settled,370.0,4,500.0,2025-06-03 17:10:42.460975+00:00,self_loan_repayment
4622,403,1000.0,2025-05-03 16:31:11.317113+00:00,2025-05-28 00:00:00+00:00,fully_settled,185.0,4,1185.0,2025-06-03 19:17:44.091128+00:00,self_loan_repayment
3988,124,2000.0,2025-04-11 07:58:22.133898+00:00,2025-04-28 00:00:00+00:00,overdue,370.0,4,1900.0,2025-06-03 18:56:54.049386+00:00,self_loan_repayment
4801,823,1000.0,2025-05-05 06:53:28.400565+00:00,2025-05-28 00:00:00+00:00,fully_settled,185.0,4,1185.0,2025-06-03 19:03:15.401671+00:00,self_loan_repayment
4546,179,150.0,2025-05-03 12:42:05.616097+00:00,2025-05-28 00:00:00+00:00,overdue,27.75,4,50.0,2025-06-03 19:24:58.149738+00:00,self_loan_repayment
2604,776,1000.0,2025-03-27 07:18:11.591685+00:00,2025-03-28 00:00:00+00:00,overdue,185.0,4,185.0,2025-06-04 05:01:15.926858+00:00,self_loan_repayment
5264,566,155.0,2025-05-23 06:25:30.999674+00:00,2025-05-28 00:00:00+00:00,overdue,28.675,4,50.0,2025-06-04 05:27:34.582357+00:00,self_loan_repayment
5228,566,620.0,2025-05-17 17:22:47.944799+00:00,2025-05-28 00:00:00+00:00,fully_settled,114.7,4,734.7,2025-06-04 05:25:00.087572+00:00,self_loan_repayment
4508,548,1000.0,2025-05-03 09:59:04.279156+00:00,2025-05-28 00:00:00+00:00,fully_settled,185.0,4,1185.0,2025-06-04 05:34:38.917180+00:00,self_loan_repayment
1132,157,300.0,2025-03-10 12:16:11.819739+00:00,2025-03-28 00:00:00+00:00,fully_settled,55.5,4,200.0,2025-06-04 06:49:21.972264+00:00,self_loan_repayment
4363,105,100.0,2025-04-30 13:47:17.841452+00:00,2025-05-28 00:00:00+00:00,fully_settled,18.5,4,118.5,2025-06-04 07:19:45.844431+00:00,self_loan_repayment
5291,759,250.0,2025-05-27 12:06:55.336991+00:00,2025-05-28 00:00:00+00:00,fully_settled,46.25,4,296.25,2025-06-04 07:34:00.162598+00:00,self_loan_repayment
3607,569,1000.0,2025-04-04 10:21:00.059961+00:00,2025-04-28 00:00:00+00:00,overdue,185.0,4,185.0,2025-06-04 08:00:19.767610+00:00,self_loan_repayment
5210,409,500.0,2025-05-15 05:07:56.827858+00:00,2025-05-28 00:00:00+00:00,fully_settled,92.5,4,592.5,2025-06-04 11:23:40.922554+00:00,self_loan_repayment
5303,185,700.0,2025-05-27 16:05:25.515571+00:00,2025-05-28 00:00:00+00:00,fully_settled,129.5,4,829.5,2025-06-04 08:06:42.621582+00:00,self_loan_repayment
5278,836,100.0,2025-05-24 18:56:42.750198+00:00,2025-05-28 00:00:00+00:00,fully_settled,18.5,4,118.5,2025-06-04 09:35:44.174684+00:00,self_loan_repayment
2610,782,500.0,2025-03-27 08:32:19.601116+00:00,2025-03-28 00:00:00+00:00,fully_settled,92.5,4,592.5,2025-06-04 08:35:49.163952+00:00,self_loan_repayment
2695,782,200.0,2025-03-28 14:01:32.954650+00:00,2025-04-28 00:00:00+00:00,fully_settled,37.0,4,237.0,2025-06-04 08:40:39.288280+00:00,self_loan_repayment
5607,782,100.0,2025-06-03 19:13:50.197367+00:00,2025-06-28 00:00:00+00:00,fully_settled,18.5,4,118.5,2025-06-04 08:42:18.427421+00:00,self_loan_repayment
4839,836,100.0,2025-05-05 10:33:30.732528+00:00,2025-05-28 00:00:00+00:00,fully_settled,18.5,4,118.5,2025-06-04 09:36:40.263512+00:00,self_loan_repayment
2680,782,100.0,2025-03-28 11:26:48.872101+00:00,2025-04-28 00:00:00+00:00,fully_settled,18.5,4,118.5,2025-06-04 08:43:26.562224+00:00,self_loan_repayment
4802,637,1000.0,2025-05-05 07:12:10.823405+00:00,2025-05-28 00:00:00+00:00,fully_settled,185.0,4,1185.0,2025-06-04 08:50:00.876867+00:00,self_loan_repayment
5182,369,1000.0,2025-05-12 08:47:50.794460+00:00,2025-05-28 00:00:00+00:00,fully_settled,185.0,4,1185.0,2025-06-04 08:54:15.376896+00:00,self_loan_repayment
3289,257,1000.0,2025-04-03 07:42:14.341206+00:00,2025-04-28 00:00:00+00:00,fully_settled,185.0,4,1185.0,2025-06-04 09:08:40.221632+00:00,self_loan_repayment
3651,721,1000.0,2025-04-04 15:18:28.077529+00:00,2025-04-28 00:00:00+00:00,overdue,185.0,4,130.0,2025-06-04 09:46:42.932651+00:00,self_loan_repayment
1121,209,500.0,2025-03-09 08:47:30.277439+00:00,2025-03-28 00:00:00+00:00,overdue,92.5,4,300.0,2025-06-04 09:12:46.591693+00:00,self_loan_repayment
3733,625,300.0,2025-04-05 13:19:22.882344+00:00,2025-04-28 00:00:00+00:00,fully_settled,55.5,4,355.5,2025-06-04 09:28:59.500766+00:00,self_loan_repayment
4967,836,300.0,2025-05-06 19:40:51.059021+00:00,2025-05-28 00:00:00+00:00,fully_settled,55.5,4,355.5,2025-06-04 09:33:48.791548+00:00,self_loan_repayment
4367,202,2000.0,2025-04-30 18:01:19.212060+00:00,2025-05-28 00:00:00+00:00,fully_settled,370.0,4,2370.0,2025-06-04 10:04:52.402739+00:00,self_loan_repayment
5290,836,200.0,2025-05-27 08:51:12.733841+00:00,2025-05-28 00:00:00+00:00,fully_settled,37.0,4,237.0,2025-06-04 09:34:45.691417+00:00,self_loan_repayment
5202,409,300.0,2025-05-13 15:18:32.242536+00:00,2025-05-28 00:00:00+00:00,fully_settled,55.5,4,355.5,2025-06-04 11:27:04.674668+00:00,self_loan_repayment
4837,422,1000.0,2025-05-05 10:17:33.229403+00:00,2025-05-28 00:00:00+00:00,fully_settled,185.0,4,1185.0,2025-06-04 10:17:20.369015+00:00,self_loan_repayment
4830,222,2000.0,2025-05-05 08:53:04.958003+00:00,2025-05-28 00:00:00+00:00,overdue,370.0,4,500.0,2025-06-04 11:27:14.371284+00:00,self_loan_repayment
4973,276,1000.0,2025-05-07 06:04:27.353615+00:00,2025-05-28 00:00:00+00:00,fully_settled,185.0,4,1185.0,2025-06-04 14:22:34.172639+00:00,self_loan_repayment
4927,757,1000.0,2025-05-06 07:24:07.557433+00:00,2025-05-28 00:00:00+00:00,fully_settled,185.0,4,1185.0,2025-06-04 12:40:05.476268+00:00,self_loan_repayment
5064,881,3000.0,2025-05-10 12:18:50.073888+00:00,2025-05-28 00:00:00+00:00,fully_settled,375.0,10,3375.0,2025-06-04 11:24:16.431793+00:00,self_loan_repayment
3014,597,1000.0,2025-04-02 13:48:04.165130+00:00,2025-04-28 00:00:00+00:00,fully_settled,185.0,4,600.0,2025-06-04 11:29:27.093082+00:00,self_loan_repayment
4988,881,15000.0,2025-05-07 10:16:33.041358+00:00,2025-05-28 00:00:00+00:00,fully_settled,1875.0,10,6900.0,2025-06-04 11:51:20.561280+00:00,self_loan_repayment
4946,830,1000.0,2025-05-06 12:02:08.702931+00:00,2025-05-28 00:00:00+00:00,fully_settled,185.0,4,1185.0,2025-06-04 12:55:36.341520+00:00,self_loan_repayment
5005,594,1000.0,2025-05-08 07:53:20.818199+00:00,2025-05-28 00:00:00+00:00,overdue,185.0,4,600.0,2025-06-04 14:33:28.549058+00:00,self_loan_repayment
1835,620,1000.0,2025-03-20 15:00:14.535347+00:00,2025-03-28 00:00:00+00:00,overdue,185.0,4,300.0,2025-06-04 13:49:22.041380+00:00,self_loan_repayment
5230,178,1100.0,2025-05-18 04:56:10.985508+00:00,2025-05-28 00:00:00+00:00,fully_settled,203.5,4,1303.5,2025-06-04 16:25:17.129699+00:00,self_loan_repayment
4971,121,2000.0,2025-05-07 05:16:26.955834+00:00,2025-05-28 00:00:00+00:00,fully_settled,370.0,4,2370.0,2025-06-04 15:31:40.362503+00:00,self_loan_repayment
4278,179,500.0,2025-04-26 09:06:21.417828+00:00,2025-04-28 00:00:00+00:00,overdue,92.5,4,592.0,2025-06-04 16:41:08.696299+00:00,self_loan_repayment
568,174,800.0,2025-02-13 17:08:20.590239+00:00,2025-02-28 00:00:00+00:00,fully_settled,148.0,4,948.0,2025-06-04 17:17:55.750659+00:00,self_loan_repayment
605,174,200.0,2025-02-16 18:18:06.174516+00:00,2025-02-28 00:00:00+00:00,fully_settled,37.0,4,237.0,2025-06-04 17:19:36.060118+00:00,self_loan_repayment
851,174,300.0,2025-02-24 17:27:38.924277+00:00,2025-02-28 00:00:00+00:00,fully_settled,55.5,4,355.5,2025-06-04 17:20:58.160873+00:00,self_loan_repayment
923,174,150.0,2025-03-02 16:27:47.214532+00:00,2025-03-28 00:00:00+00:00,fully_settled,27.75,4,177.75,2025-06-04 17:25:11.183904+00:00,self_loan_repayment
2744,174,100.0,2025-03-29 18:26:06.784328+00:00,2025-04-28 00:00:00+00:00,fully_settled,18.5,4,118.5,2025-06-04 17:32:55.113461+00:00,self_loan_repayment
2138,174,100.0,2025-03-22 15:03:56.349979+00:00,2025-03-28 00:00:00+00:00,fully_settled,18.5,4,118.5,2025-06-04 17:34:29.028908+00:00,self_loan_repayment
4922,746,1000.0,2025-05-06 07:00:23.527941+00:00,2025-05-28 00:00:00+00:00,fully_settled,185.0,4,1000.0,2025-06-05 12:56:47.465949+00:00,self_loan_repayment
1124,174,100.0,2025-03-09 16:26:03.201758+00:00,2025-03-28 00:00:00+00:00,fully_settled,18.5,4,118.5,2025-06-04 17:35:46.866191+00:00,self_loan_repayment
4805,813,1000.0,2025-05-05 07:22:19.597052+00:00,2025-05-28 00:00:00+00:00,overdue,185.0,4,185.0,2025-06-06 07:06:17.784362+00:00,self_loan_repayment
4924,692,1000.0,2025-05-06 07:11:03.585902+00:00,2025-05-28 00:00:00+00:00,fully_settled,185.0,4,1185.0,2025-06-04 19:29:57.378859+00:00,self_loan_repayment
1111,205,2000.0,2025-03-08 02:55:55.559088+00:00,2025-03-28 00:00:00+00:00,fully_settled,370.0,4,1800.0,2025-06-05 13:02:24.244613+00:00,self_loan_repayment
499,151,1000.0,2025-02-07 15:39:36.180200+00:00,2025-02-28 00:00:00+00:00,fully_settled,185.0,4,1185.0,2025-06-05 05:35:40.370176+00:00,self_loan_repayment
4700,447,1000.0,2025-05-04 08:25:51.312280+00:00,2025-05-28 00:00:00+00:00,fully_settled,185.0,4,1185.0,2025-06-05 07:02:40.421757+00:00,self_loan_repayment
1730,415,100.0,2025-03-20 08:40:27.458394+00:00,2025-03-28 00:00:00+00:00,overdue,18.5,4,68.0,2025-06-05 13:02:49.027959+00:00,self_loan_repayment
2434,621,1000.0,2025-03-25 07:07:06.493153+00:00,2025-03-28 00:00:00+00:00,fully_settled,185.0,4,190.0,2025-06-05 07:20:27.064878+00:00,self_loan_repayment
3014,597,1000.0,2025-04-02 13:48:04.165130+00:00,2025-04-28 00:00:00+00:00,fully_settled,185.0,4,585.0,2025-06-05 07:21:12.745259+00:00,self_loan_repayment
4753,534,100.0,2025-05-04 12:59:21.608974+00:00,2025-05-28 00:00:00+00:00,fully_settled,18.5,4,118.5,2025-06-05 08:09:46.135021+00:00,self_loan_repayment
2833,478,1000.0,2025-03-31 08:19:14.931951+00:00,2025-04-28 00:00:00+00:00,fully_settled,185.0,4,185.0,2025-06-05 13:15:33.343482+00:00,self_loan_repayment
5177,409,200.0,2025-05-12 07:24:37.337106+00:00,2025-05-28 00:00:00+00:00,fully_settled,37.0,4,237.0,2025-06-05 08:29:42.637381+00:00,self_loan_repayment
5241,599,1000.0,2025-05-19 14:11:47.564412+00:00,2025-05-28 00:00:00+00:00,fully_settled,185.0,4,1185.0,2025-06-05 09:32:58.485121+00:00,self_loan_repayment
4697,657,1000.0,2025-05-04 08:20:54.335536+00:00,2025-05-28 00:00:00+00:00,fully_settled,185.0,4,1185.0,2025-06-06 07:15:13.633212+00:00,self_loan_repayment
2434,621,1000.0,2025-03-25 07:07:06.493153+00:00,2025-03-28 00:00:00+00:00,fully_settled,185.0,4,810.0,2025-06-05 13:32:00.238409+00:00,self_loan_repayment
1552,516,1000.0,2025-03-17 14:06:14.039182+00:00,2025-03-28 00:00:00+00:00,fully_settled,185.0,4,1185.0,2025-06-05 14:24:37.596259+00:00,self_loan_repayment
4831,401,500.0,2025-05-05 09:03:14.651331+00:00,2025-05-28 00:00:00+00:00,fully_settled,92.5,4,592.5,2025-06-06 16:05:30.900563+00:00,self_loan_repayment
1395,437,200.0,2025-03-14 21:31:34.445089+00:00,2025-03-28 00:00:00+00:00,fully_settled,37.0,4,237.0,2025-06-05 19:04:50.580549+00:00,self_loan_repayment
3297,477,1000.0,2025-04-03 07:49:13.689493+00:00,2025-04-28 00:00:00+00:00,fully_settled,185.0,4,1000.0,2025-06-06 06:08:13.966290+00:00,self_loan_repayment
4048,844,950.0,2025-04-13 11:27:09.646621+00:00,2025-04-28 00:00:00+00:00,fully_settled,175.75,4,950.75,2025-06-07 21:37:36.185648+00:00,self_loan_repayment
5012,401,200.0,2025-05-08 13:56:35.886427+00:00,2025-05-28 00:00:00+00:00,fully_settled,37.0,4,237.0,2025-06-06 16:07:55.494420+00:00,self_loan_repayment
5347,153,1000.0,2025-06-01 09:38:57.179758+00:00,2025-06-28 00:00:00+00:00,fully_settled,185.0,4,1185.0,2025-06-07 06:53:49.209084+00:00,self_loan_repayment
4987,401,100.0,2025-05-07 10:01:07.081510+00:00,2025-05-28 00:00:00+00:00,fully_settled,18.5,4,118.5,2025-06-06 16:09:52.954878+00:00,self_loan_repayment
5346,283,100.0,2025-06-01 08:11:37.834792+00:00,2025-06-28 00:00:00+00:00,fully_settled,18.5,4,118.5,2025-06-06 18:33:03.995369+00:00,self_loan_repayment
4209,869,2000.0,2025-04-21 08:51:46.588461+00:00,2025-04-28 00:00:00+00:00,fully_settled,370.0,4,2370.0,2025-06-07 11:10:20.335812+00:00,self_loan_repayment
4022,501,100.0,2025-04-12 10:01:53.025310+00:00,2025-04-28 00:00:00+00:00,overdue,18.5,4,118.0,2025-06-07 07:37:43.568969+00:00,self_loan_repayment
4259,531,100.0,2025-04-24 06:35:13.431835+00:00,2025-04-28 00:00:00+00:00,fully_settled,18.5,4,118.5,2025-06-08 05:53:15.465574+00:00,self_loan_repayment
1459,393,100.0,2025-03-15 21:03:45.198859+00:00,2025-03-28 00:00:00+00:00,fully_settled,18.5,4,118.5,2025-06-08 08:15:53.684161+00:00,self_loan_repayment
1457,393,100.0,2025-03-15 20:29:57.054203+00:00,2025-03-28 00:00:00+00:00,fully_settled,18.5,4,118.5,2025-06-08 08:18:38.790468+00:00,self_loan_repayment
2483,563,520.0,2025-03-25 14:25:12.857023+00:00,2025-03-28 00:00:00+00:00,fully_settled,96.2,4,616.2,2025-06-09 13:24:08.605728+00:00,self_loan_repayment
4183,563,480.0,2025-04-18 18:02:52.961054+00:00,2025-04-28 00:00:00+00:00,fully_settled,88.8,4,568.8,2025-06-09 13:26:21.538954+00:00,self_loan_repayment
4585,149,1200.0,2025-05-03 14:34:36.119815+00:00,2025-05-28 00:00:00+00:00,fully_settled,222.0,4,750.0,2025-06-09 17:11:57.031851+00:00,self_loan_repayment
4585,149,1200.0,2025-05-03 14:34:36.119815+00:00,2025-05-28 00:00:00+00:00,fully_settled,222.0,4,200.0,2025-06-20 15:41:14.972211+00:00,self_loan_repayment
4188,531,100.0,2025-04-19 08:31:58.286385+00:00,2025-04-28 00:00:00+00:00,overdue,18.5,4,100.0,2025-06-09 17:57:41.591899+00:00,self_loan_repayment
4585,149,1200.0,2025-05-03 14:34:36.119815+00:00,2025-05-28 00:00:00+00:00,fully_settled,222.0,4,100.0,2025-06-13 11:47:22.075190+00:00,self_loan_repayment
1033,323,1000.0,2025-03-05 09:01:06.209203+00:00,2025-03-28 00:00:00+00:00,fully_settled,185.0,4,1185.0,2025-06-09 20:18:32.295299+00:00,self_loan_repayment
1135,280,500.0,2025-03-11 06:08:10.035429+00:00,2025-03-28 00:00:00+00:00,overdue,92.5,4,500.0,2025-06-10 07:36:12.845018+00:00,self_loan_repayment
582,101,1200.0,2025-02-14 09:32:49.300798+00:00,2025-02-28 00:00:00+00:00,overdue,222.0,4,200.0,2025-06-15 18:36:04.198731+00:00,self_loan_repayment
2833,478,1000.0,2025-03-31 08:19:14.931951+00:00,2025-04-28 00:00:00+00:00,fully_settled,185.0,4,200.0,2025-06-10 14:44:08.241499+00:00,self_loan_repayment
5199,129,500.0,2025-05-13 11:10:28.643883+00:00,2025-05-28 00:00:00+00:00,fully_settled,92.5,4,150.0,2025-06-13 13:58:51.193971+00:00,self_loan_repayment
4206,407,1000.0,2025-04-20 18:07:33.959940+00:00,2025-04-28 00:00:00+00:00,overdue,185.0,4,500.0,2025-06-10 19:35:43.736091+00:00,self_loan_repayment
3923,533,500.0,2025-04-10 10:20:10.272528+00:00,2025-04-28 00:00:00+00:00,fully_settled,92.5,4,592.5,2025-06-11 07:24:50.940746+00:00,self_loan_repayment
5306,224,2000.0,2025-05-27 20:34:38.042749+00:00,2025-05-28 00:00:00+00:00,fully_settled,370.0,4,2370.0,2025-06-18 13:49:46.536149+00:00,self_loan_repayment
5176,115,500.0,2025-05-12 05:26:05.279927+00:00,2025-05-28 00:00:00+00:00,fully_settled,92.5,4,200.0,2025-06-14 08:01:29.400412+00:00,self_loan_repayment
4517,404,1000.0,2025-05-03 10:51:32.127333+00:00,2025-05-28 00:00:00+00:00,fully_settled,185.0,4,1185.0,2025-06-11 15:35:40.783587+00:00,self_loan_repayment
2360,723,600.0,2025-03-24 09:13:56.323464+00:00,2025-03-28 00:00:00+00:00,fully_settled,111.0,4,711.0,2025-06-13 10:50:40.797091+00:00,self_loan_repayment
4585,149,1200.0,2025-05-03 14:34:36.119815+00:00,2025-05-28 00:00:00+00:00,fully_settled,222.0,4,200.0,2025-06-14 09:12:28.889365+00:00,self_loan_repayment
5922,23,100.0,2025-06-13 19:31:21.381232+00:00,2025-06-28 00:00:00+00:00,fully_settled,12.5,1,112.5,2025-06-14 09:47:10.410318+00:00,self_loan_repayment
5844,23,100.0,2025-06-06 19:58:35.780699+00:00,2025-06-28 00:00:00+00:00,fully_settled,12.5,1,112.5,2025-06-14 09:48:34.146922+00:00,self_loan_repayment
5578,901,7000.0,2025-06-03 16:12:12.769965+00:00,2025-06-14 00:00:00+00:00,fully_settled,1295.0,4,7110.0,2025-06-15 14:09:04.411649+00:00,allocation_repayment
5578,901,7000.0,2025-06-03 16:12:12.769965+00:00,2025-06-14 00:00:00+00:00,fully_settled,1295.0,4,1185.0,2025-06-15 14:09:39.507834+00:00,allocation_repayment
5385,901,10100.0,2025-06-02 00:30:00.296741+00:00,2025-06-14 00:00:00+00:00,fully_settled,1868.5,4,11850.0,2025-06-15 14:12:24.267152+00:00,allocation_repayment
5385,901,10100.0,2025-06-02 00:30:00.296741+00:00,2025-06-14 00:00:00+00:00,fully_settled,1868.5,4,118.5,2025-06-15 14:13:18.588695+00:00,allocation_repayment
5273,886,8000.0,2025-05-24 06:14:21.478332+00:00,2025-05-28 00:00:00+00:00,fully_settled,1000.0,10,9000.0,2025-06-20 07:15:05.754043+00:00,self_loan_repayment
4585,149,1200.0,2025-05-03 14:34:36.119815+00:00,2025-05-28 00:00:00+00:00,fully_settled,222.0,4,172.0,2025-06-16 11:36:21.642239+00:00,self_loan_repayment
5200,886,2000.0,2025-05-13 12:35:54.706430+00:00,2025-05-28 00:00:00+00:00,fully_settled,250.0,10,2250.0,2025-06-20 07:16:41.763510+00:00,self_loan_repayment
5911,888,400.0,2025-06-13 07:21:07.180969+00:00,2025-06-28 00:00:00+00:00,fully_settled,50.0,10,450.0,2025-06-20 21:47:39.951664+00:00,self_loan_repayment
5923,888,276.0,2025-06-13 19:41:31.220360+00:00,2025-06-28 00:00:00+00:00,fully_settled,34.5,10,310.5,2025-06-20 21:46:23.613760+00:00,self_loan_repayment
5930,888,450.0,2025-06-14 15:12:12.393913+00:00,2025-06-28 00:00:00+00:00,fully_settled,56.25,10,506.25,2025-06-21 06:03:19.609055+00:00,self_loan_repayment
5279,888,1750.0,2025-05-25 10:01:38.995408+00:00,2025-05-28 00:00:00+00:00,fully_settled,218.75,10,800.0,2025-06-21 06:05:41.731149+00:00,self_loan_repayment
5216,893,5000.0,2025-05-16 05:50:56.114993+00:00,2025-05-28 00:00:00+00:00,fully_settled,625.0,10,5625.0,2025-06-21 07:48:37.419053+00:00,self_loan_repayment
5313,896,100.0,2025-05-28 13:20:55.977501+00:00,2025-06-28 00:00:00+00:00,fully_settled,12.5,10,112.5,2025-06-23 10:59:55.931653+00:00,self_loan_repayment
5314,896,900.0,2025-05-28 13:23:03.302363+00:00,2025-06-28 00:00:00+00:00,fully_settled,112.5,10,1012.5,2025-06-23 11:08:41.054242+00:00,self_loan_repayment
3912,838,1000.0,2025-04-10 06:57:11.234118+00:00,2025-04-28 00:00:00+00:00,fully_settled,185.0,4,1000.0,2025-06-23 15:33:09.683673+00:00,self_loan_repayment
374,15,2000.0,2025-01-20 10:49:34.184738+00:00,2025-01-28 00:00:00+00:00,overdue,250.0,1,10.0,2025-06-23 18:35:45.380360+00:00,self_loan_repayment
5953,902,700.0,2025-06-18 14:10:38.973548+00:00,2025-06-28 00:00:00+00:00,fully_settled,87.5,10,787.5,2025-06-24 08:22:37.239949+00:00,self_loan_repayment
5820,892,2300.0,2025-06-06 07:08:44.576077+00:00,2025-06-28 00:00:00+00:00,fully_settled,287.5,10,1500.0,2025-06-24 10:28:49.234677+00:00,self_loan_repayment
3793,129,500.0,2025-04-07 10:30:34.615775+00:00,2025-04-28 00:00:00+00:00,fully_settled,92.5,4,135.0,2025-06-27 16:54:16.947666+00:00,self_loan_repayment
5176,115,500.0,2025-05-12 05:26:05.279927+00:00,2025-05-28 00:00:00+00:00,fully_settled,92.5,4,100.0,2025-06-24 12:01:24.412039+00:00,self_loan_repayment
3793,129,500.0,2025-04-07 10:30:34.615775+00:00,2025-04-28 00:00:00+00:00,fully_settled,92.5,4,300.0,2025-06-24 15:48:35.321940+00:00,self_loan_repayment
5199,129,500.0,2025-05-13 11:10:28.643883+00:00,2025-05-28 00:00:00+00:00,fully_settled,92.5,4,42.5,2025-06-25 20:14:32.970765+00:00,self_loan_repayment
3793,129,500.0,2025-04-07 10:30:34.615775+00:00,2025-04-28 00:00:00+00:00,fully_settled,92.5,4,97.5,2025-06-27 17:51:27.532338+00:00,self_loan_repayment
5225,34,2000.0,2025-05-17 13:48:25.956682+00:00,2025-05-28 00:00:00+00:00,fully_settled,250.0,1,2250.0,2025-06-26 09:10:21.083957+00:00,self_loan_repayment
3793,129,500.0,2025-04-07 10:30:34.615775+00:00,2025-04-28 00:00:00+00:00,fully_settled,92.5,4,60.0,2025-06-26 17:04:35.841211+00:00,self_loan_repayment
5379,56,8000.0,2025-06-01 13:28:15.140607+00:00,2025-06-14 00:00:00+00:00,fully_settled,1480.0,4,8295.0,2025-06-27 01:13:27.747648+00:00,allocation_repayment
5379,56,8000.0,2025-06-01 13:28:15.140607+00:00,2025-06-14 00:00:00+00:00,fully_settled,1480.0,4,1185.0,2025-06-27 01:13:54.448885+00:00,allocation_repayment
5788,72,4500.0,2025-06-05 11:53:22.693380+00:00,2025-06-14 00:00:00+00:00,fully_settled,832.5,4,4740.0,2025-06-27 01:15:45.512535+00:00,allocation_repayment
5788,72,4500.0,2025-06-05 11:53:22.693380+00:00,2025-06-14 00:00:00+00:00,fully_settled,832.5,4,592.5,2025-06-27 01:16:21.474371+00:00,allocation_repayment
5386,72,3000.0,2025-06-02 05:33:47.386591+00:00,2025-06-14 00:00:00+00:00,fully_settled,555.0,4,3555.0,2025-06-27 01:17:24.450743+00:00,allocation_repayment
5283,46,5000.0,2025-05-25 16:56:50.890271+00:00,2025-06-14 00:00:00+00:00,fully_settled,925.0,4,5925.0,2025-06-27 01:18:39.146270+00:00,allocation_repayment
5234,46,7000.0,2025-05-19 09:12:57.617224+00:00,2025-06-14 00:00:00+00:00,fully_settled,1295.0,4,8295.0,2025-06-27 01:19:20.502496+00:00,allocation_repayment
3408,667,950.0,2025-04-03 12:44:05.389119+00:00,2025-04-28 00:00:00+00:00,overdue,175.75,4,130.0,2025-06-27 09:25:05.886536+00:00,self_loan_repayment
4404,355,5000.0,2025-05-02 15:11:38.586813+00:00,2025-05-28 00:00:00+00:00,fully_settled,925.0,4,5925.0,2025-06-28 09:19:35.980449+00:00,self_loan_repayment
5843,637,1000.0,2025-06-06 19:47:40.243258+00:00,2025-06-28 00:00:00+00:00,fully_settled,185.0,4,1185.0,2025-06-29 11:07:03.473418+00:00,self_loan_repayment
5326,51,4000.0,2025-05-29 11:55:11.771030+00:00,2025-06-14 00:00:00+00:00,fully_settled,740.0,4,4740.0,2025-06-30 13:23:10.668202+00:00,allocation_repayment
5311,354,5000.0,2025-05-28 12:18:31.588292+00:00,2025-06-28 00:00:00+00:00,fully_settled,925.0,4,5925.0,2025-06-28 19:16:05.978471+00:00,self_loan_repayment
5301,808,7000.0,2025-05-27 15:43:38.575401+00:00,2025-06-14 00:00:00+00:00,fully_settled,1295.0,4,8295.0,2025-06-30 13:23:55.767021+00:00,allocation_repayment
5222,133,100.0,2025-05-17 11:14:22.779801+00:00,2025-05-28 00:00:00+00:00,fully_settled,18.5,4,118.5,2025-07-03 12:43:06.775515+00:00,self_loan_repayment
5024,115,500.0,2025-05-09 05:52:52.465111+00:00,2025-05-28 00:00:00+00:00,fully_settled,92.5,4,500.0,2025-07-03 04:55:54.482052+00:00,self_loan_repayment
5809,553,1000.0,2025-06-05 15:06:40.517463+00:00,2025-06-28 00:00:00+00:00,fully_settled,185.0,4,1185.0,2025-07-03 12:26:52.915319+00:00,self_loan_repayment
5063,133,150.0,2025-05-10 11:45:31.597566+00:00,2025-05-28 00:00:00+00:00,fully_settled,27.75,4,177.75,2025-07-03 12:55:36.876568+00:00,self_loan_repayment
4833,176,2000.0,2025-05-05 09:24:37.472511+00:00,2025-05-28 00:00:00+00:00,fully_settled,370.0,4,2370.0,2025-07-03 12:37:38.721680+00:00,self_loan_repayment
5184,133,150.0,2025-05-12 10:11:14.528784+00:00,2025-05-28 00:00:00+00:00,fully_settled,27.75,4,177.75,2025-07-03 12:44:41.318315+00:00,self_loan_repayment
4391,133,100.0,2025-05-01 10:36:11.408084+00:00,2025-05-28 00:00:00+00:00,fully_settled,18.5,4,118.5,2025-07-03 12:57:05.125411+00:00,self_loan_repayment
4542,115,1000.0,2025-05-03 12:32:14.997552+00:00,2025-05-28 00:00:00+00:00,fully_settled,185.0,4,1185.0,2025-07-03 12:56:55.025756+00:00,self_loan_repayment
5176,115,500.0,2025-05-12 05:26:05.279927+00:00,2025-05-28 00:00:00+00:00,fully_settled,92.5,4,292.5,2025-07-03 12:59:14.928241+00:00,self_loan_repayment
5024,115,500.0,2025-05-09 05:52:52.465111+00:00,2025-05-28 00:00:00+00:00,fully_settled,92.5,4,92.5,2025-07-03 13:01:19.888740+00:00,self_loan_repayment
4280,133,160.0,2025-04-27 06:12:03.046724+00:00,2025-04-28 00:00:00+00:00,fully_settled,29.6,4,189.6,2025-07-03 13:01:30.183188+00:00,self_loan_repayment
4051,133,232.0,2025-04-13 15:47:50.892189+00:00,2025-04-28 00:00:00+00:00,fully_settled,42.92,4,274.92,2025-07-03 13:03:03.597736+00:00,self_loan_repayment
4179,133,200.0,2025-04-18 08:07:46.736946+00:00,2025-04-28 00:00:00+00:00,fully_settled,37.0,4,237.0,2025-07-03 13:06:54.590109+00:00,self_loan_repayment
5808,75,2000.0,2025-06-05 14:59:06.411683+00:00,2025-06-14 00:00:00+00:00,fully_settled,370.0,4,2370.0,2025-07-03 20:33:50.554400+00:00,allocation_repayment
4289,133,150.0,2025-04-28 06:13:33.913322+00:00,2025-05-28 00:00:00+00:00,fully_settled,27.75,4,177.75,2025-07-03 13:09:03.208951+00:00,self_loan_repayment
5785,88,10000.0,2025-06-05 10:43:35.236784+00:00,2025-06-14 00:00:00+00:00,fully_settled,1850.0,4,11850.0,2025-07-03 20:34:22.325436+00:00,allocation_repayment
1565,133,105.0,2025-03-18 05:43:00.369724+00:00,2025-03-28 00:00:00+00:00,overdue,19.425,4,124.42,2025-07-03 13:11:38.029760+00:00,self_loan_repayment
5365,47,8500.0,2025-06-01 12:39:08.598335+00:00,2025-06-14 00:00:00+00:00,fully_settled,1572.5,4,5925.0,2025-07-03 14:08:26.210116+00:00,allocation_repayment
5365,47,8500.0,2025-06-01 12:39:08.598335+00:00,2025-06-14 00:00:00+00:00,fully_settled,1572.5,4,2370.0,2025-07-03 14:09:57.420607+00:00,allocation_repayment
5365,47,8500.0,2025-06-01 12:39:08.598335+00:00,2025-06-14 00:00:00+00:00,fully_settled,1572.5,4,1777.5,2025-07-03 14:10:18.928301+00:00,allocation_repayment
5240,81,2000.0,2025-05-19 11:57:43.461941+00:00,2025-06-14 00:00:00+00:00,fully_settled,370.0,4,2370.0,2025-07-03 14:44:07.960185+00:00,allocation_repayment
5576,60,5000.0,2025-06-03 15:48:02.804679+00:00,2025-06-14 00:00:00+00:00,fully_settled,925.0,4,5925.0,2025-07-03 14:46:19.300729+00:00,allocation_repayment
5366,54,12000.0,2025-06-01 12:40:23.810819+00:00,2025-06-14 00:00:00+00:00,fully_settled,2220.0,4,14220.0,2025-07-03 14:47:35.790188+00:00,allocation_repayment
5568,74,7000.0,2025-06-03 15:31:09.116558+00:00,2025-06-14 00:00:00+00:00,fully_settled,1295.0,4,8295.0,2025-07-03 14:49:57.570535+00:00,allocation_repayment
5921,79,2000.0,2025-06-13 18:30:56.181252+00:00,2025-06-14 00:00:00+00:00,fully_settled,370.0,4,2370.0,2025-07-03 20:08:36.799992+00:00,allocation_repayment
5915,87,2000.0,2025-06-13 10:55:55.127396+00:00,2025-06-14 00:00:00+00:00,fully_settled,370.0,4,2370.0,2025-07-03 20:10:14.831429+00:00,allocation_repayment
5910,79,1500.0,2025-06-12 17:13:24.535409+00:00,2025-06-14 00:00:00+00:00,fully_settled,277.5,4,1777.5,2025-07-03 20:11:07.622024+00:00,allocation_repayment
5895,65,500.0,2025-06-11 10:16:15.704274+00:00,2025-06-14 00:00:00+00:00,fully_settled,92.5,4,592.5,2025-07-03 20:11:54.987100+00:00,allocation_repayment
5874,79,1500.0,2025-06-08 12:49:57.991157+00:00,2025-06-14 00:00:00+00:00,fully_settled,277.5,4,1777.5,2025-07-03 20:13:01.664235+00:00,allocation_repayment
5859,62,2000.0,2025-06-07 16:12:17.297907+00:00,2025-06-14 00:00:00+00:00,fully_settled,370.0,4,1066.5,2025-07-03 20:13:53.193988+00:00,allocation_repayment
5859,62,2000.0,2025-06-07 16:12:17.297907+00:00,2025-06-14 00:00:00+00:00,fully_settled,370.0,4,355.5,2025-07-03 20:14:30.508008+00:00,allocation_repayment
5859,62,2000.0,2025-06-07 16:12:17.297907+00:00,2025-06-14 00:00:00+00:00,fully_settled,370.0,4,455.0,2025-07-03 20:14:55.241050+00:00,allocation_repayment
5859,62,2000.0,2025-06-07 16:12:17.297907+00:00,2025-06-14 00:00:00+00:00,fully_settled,370.0,4,355.0,2025-07-03 20:15:18.680526+00:00,allocation_repayment
5859,62,2000.0,2025-06-07 16:12:17.297907+00:00,2025-06-14 00:00:00+00:00,fully_settled,370.0,4,138.0,2025-07-03 20:15:46.389926+00:00,allocation_repayment
5833,62,7500.0,2025-06-06 14:01:01.966230+00:00,2025-06-14 00:00:00+00:00,fully_settled,1387.5,4,7110.0,2025-07-03 20:16:12.809539+00:00,allocation_repayment
5833,62,7500.0,2025-06-06 14:01:01.966230+00:00,2025-06-14 00:00:00+00:00,fully_settled,1387.5,4,1185.0,2025-07-03 20:17:49.401027+00:00,allocation_repayment
5833,62,7500.0,2025-06-06 14:01:01.966230+00:00,2025-06-14 00:00:00+00:00,fully_settled,1387.5,4,592.5,2025-07-03 20:19:10.642847+00:00,allocation_repayment
5832,55,10000.0,2025-06-06 13:31:56.908834+00:00,2025-06-14 00:00:00+00:00,fully_settled,1850.0,4,11850.0,2025-07-03 20:19:57.737781+00:00,allocation_repayment
5526,65,3000.0,2025-06-03 12:09:23.679785+00:00,2025-06-14 00:00:00+00:00,fully_settled,555.0,4,3555.0,2025-07-03 20:20:41.398967+00:00,allocation_repayment
5525,69,15000.0,2025-06-03 11:54:08.965474+00:00,2025-06-14 00:00:00+00:00,fully_settled,2775.0,4,17775.0,2025-07-03 20:21:01.990823+00:00,allocation_repayment
5315,94,2500.0,2025-05-28 16:40:59.221177+00:00,2025-06-14 00:00:00+00:00,fully_settled,462.5,4,2370.0,2025-07-03 20:21:53.648396+00:00,allocation_repayment
5315,94,2500.0,2025-05-28 16:40:59.221177+00:00,2025-06-14 00:00:00+00:00,fully_settled,462.5,4,592.5,2025-07-03 20:23:26.148909+00:00,allocation_repayment
5309,80,4000.0,2025-05-28 10:44:23.478363+00:00,2025-06-14 00:00:00+00:00,fully_settled,740.0,4,4740.0,2025-07-03 20:24:00.895776+00:00,allocation_repayment
5297,70,2000.0,2025-05-27 13:54:11.372523+00:00,2025-06-14 00:00:00+00:00,fully_settled,370.0,4,1600.0,2025-07-03 20:25:25.593371+00:00,allocation_repayment
5297,70,2000.0,2025-05-27 13:54:11.372523+00:00,2025-06-14 00:00:00+00:00,fully_settled,370.0,4,592.5,2025-07-03 20:26:06.675572+00:00,allocation_repayment
5297,70,2000.0,2025-05-27 13:54:11.372523+00:00,2025-06-14 00:00:00+00:00,fully_settled,370.0,4,112.0,2025-07-03 20:26:36.492315+00:00,allocation_repayment
5297,70,2000.0,2025-05-27 13:54:11.372523+00:00,2025-06-14 00:00:00+00:00,fully_settled,370.0,4,65.5,2025-07-03 20:26:50.042350+00:00,allocation_repayment
5211,286,2500.0,2025-05-15 06:56:19.885407+00:00,2025-06-14 00:00:00+00:00,fully_settled,462.5,4,1066.5,2025-07-03 20:27:41.319953+00:00,allocation_repayment
5211,286,2500.0,2025-05-15 06:56:19.885407+00:00,2025-06-14 00:00:00+00:00,fully_settled,462.5,4,455.0,2025-07-03 20:28:11.786854+00:00,allocation_repayment
5211,286,2500.0,2025-05-15 06:56:19.885407+00:00,2025-06-14 00:00:00+00:00,fully_settled,462.5,4,1441.0,2025-07-03 20:28:38.653902+00:00,allocation_repayment
5939,901,7100.0,2025-06-15 14:22:20.709038+00:00,2025-07-14 00:00:00+00:00,fully_settled,1313.5,4,2962.5,2025-07-03 20:30:38.833713+00:00,allocation_repayment
5939,901,7100.0,2025-06-15 14:22:20.709038+00:00,2025-07-14 00:00:00+00:00,fully_settled,1313.5,4,5451.0,2025-07-03 20:31:09.238117+00:00,allocation_repayment
5573,68,5000.0,2025-06-03 15:40:05.861518+00:00,2025-06-14 00:00:00+00:00,fully_settled,925.0,4,5925.0,2025-07-03 20:32:05.097822+00:00,allocation_repayment
5830,65,500.0,2025-06-06 11:07:12.260213+00:00,2025-06-14 00:00:00+00:00,fully_settled,92.5,4,592.5,2025-07-03 20:32:52.015461+00:00,allocation_repayment
5332,901,3900.0,2025-05-29 23:10:22.811490+00:00,2025-06-14 00:00:00+00:00,fully_settled,721.5,4,4621.5,2025-07-03 20:35:28.099483+00:00,allocation_repayment
4892,4,30.0,2025-05-05 19:26:02.650985+00:00,2025-05-28 00:00:00+00:00,fully_settled,3.75,1,32.75,2025-07-18 08:16:42.997245+00:00,allocation_repayment
14617,4,10.0,2025-07-15 14:12:16.674622+00:00,2025-07-28 00:00:00+00:00,fully_settled,1.25,1,1.0,2025-07-16 08:28:46.965397+00:00,self_loan_repayment
14617,4,10.0,2025-07-15 14:12:16.674622+00:00,2025-07-28 00:00:00+00:00,fully_settled,1.25,1,10.25,2025-07-18 08:18:41.853484+00:00,allocation_repayment
13150,4,120.0,2025-07-12 08:04:42.665166+00:00,2025-07-28 00:00:00+00:00,fully_settled,15.0,1,135.0,2025-07-18 08:19:17.040362+00:00,allocation_repayment
11504,24,1900.0,2025-07-07 10:27:44.474300+00:00,2025-07-28 00:00:00+00:00,overdue,237.5,1,500.0,2025-07-18 08:23:07.973541+00:00,allocation_repayment
375,95,2000.0,2025-01-20 12:43:12.980693+00:00,2025-01-28 00:00:00+00:00,fully_settled,250.0,1,2250.0,2025-07-21 16:12:47.576951+00:00,allocation_repayment
15524,97,400.0,2025-07-18 18:48:39.963393+00:00,2025-07-28 00:00:00+00:00,fully_settled,50.0,1,50.0,2025-07-22 06:38:08.228266+00:00,self_loan_repayment
193,16,2000.0,2024-12-06 07:46:50.759606+00:00,2024-12-28 00:00:00+00:00,fully_settled,250.0,1,550.8,2025-07-22 22:36:04.503395+00:00,allocation_repayment
6019,941,1000.0,2025-06-27 13:16:46.263427+00:00,2025-06-28 00:00:00+00:00,fully_settled,145.0,8,1145.0,2025-07-22 07:13:08.223233+00:00,self_loan_repayment
15619,4,500.0,2025-07-19 11:01:10.741879+00:00,2025-07-28 00:00:00+00:00,fully_settled,62.5,1,1.0,2025-07-22 14:10:22.122962+00:00,self_loan_repayment
6017,941,3000.0,2025-06-27 11:59:14.251654+00:00,2025-06-28 00:00:00+00:00,fully_settled,435.0,8,3435.0,2025-07-22 07:16:07.548135+00:00,self_loan_repayment
5822,930,2000.0,2025-06-06 08:47:18.943913+00:00,2025-06-28 00:00:00+00:00,fully_settled,250.0,1,2250.0,2025-07-22 14:32:53.265622+00:00,allocation_repayment
5956,932,1000.0,2025-06-19 11:58:23.665259+00:00,2025-06-28 00:00:00+00:00,fully_settled,145.0,8,1145.0,2025-07-22 08:04:56.045509+00:00,self_loan_repayment
12307,949,3000.0,2025-07-09 14:29:20.229964+00:00,2025-07-28 00:00:00+00:00,fully_settled,435.0,8,1435.0,2025-07-22 08:08:45.898466+00:00,self_loan_repayment
5920,931,2000.0,2025-06-13 14:55:40.199541+00:00,2025-06-28 00:00:00+00:00,fully_settled,250.0,1,2250.0,2025-07-22 22:36:43.888448+00:00,allocation_repayment
6048,933,500.0,2025-06-30 16:24:54.401267+00:00,2025-07-28 00:00:00+00:00,fully_settled,72.5,8,572.5,2025-07-22 08:17:45.325709+00:00,self_loan_repayment
6020,942,2500.0,2025-06-27 14:25:45.028120+00:00,2025-06-28 00:00:00+00:00,fully_settled,362.5,8,2862.5,2025-07-22 15:08:03.221964+00:00,self_loan_repayment
6014,933,1000.0,2025-06-27 11:08:04.013364+00:00,2025-06-28 00:00:00+00:00,fully_settled,145.0,8,1145.0,2025-07-22 08:21:06.982205+00:00,self_loan_repayment
5960,933,3000.0,2025-06-20 15:35:53.778580+00:00,2025-06-28 00:00:00+00:00,fully_settled,435.0,8,3435.0,2025-07-22 08:23:41.660070+00:00,self_loan_repayment
5737,23,700.0,2025-06-05 05:49:11.027927+00:00,2025-06-28 00:00:00+00:00,fully_settled,87.5,1,699.19,2025-07-22 22:38:01.660693+00:00,allocation_repayment
6046,933,500.0,2025-06-30 14:53:22.253858+00:00,2025-07-28 00:00:00+00:00,fully_settled,72.5,8,572.5,2025-07-22 08:27:30.046639+00:00,self_loan_repayment
5995,939,1000.0,2025-06-25 07:53:15.576200+00:00,2025-06-28 00:00:00+00:00,fully_settled,145.0,8,1145.0,2025-07-22 15:10:20.414337+00:00,self_loan_repayment
5998,940,5000.0,2025-06-26 08:06:48.928213+00:00,2025-06-28 00:00:00+00:00,fully_settled,725.0,8,5725.0,2025-07-22 09:27:47.944235+00:00,self_loan_repayment
9924,46,3000.0,2025-07-03 21:17:08.753140+00:00,2025-07-14 00:00:00+00:00,fully_settled,555.0,4,2370.0,2025-07-22 15:14:38.461696+00:00,allocation_repayment
9924,46,3000.0,2025-07-03 21:17:08.753140+00:00,2025-07-14 00:00:00+00:00,fully_settled,555.0,4,1185.0,2025-07-22 15:16:38.968704+00:00,allocation_repayment
10909,948,1500.0,2025-07-05 16:40:44.853318+00:00,2025-07-28 00:00:00+00:00,fully_settled,217.5,8,1717.5,2025-07-22 09:39:55.451694+00:00,self_loan_repayment
9677,46,4000.0,2025-07-03 15:28:44.953941+00:00,2025-07-14 00:00:00+00:00,fully_settled,740.0,3,4740.0,2025-07-22 15:17:27.791169+00:00,allocation_repayment
6025,943,4000.0,2025-06-28 07:56:31.390519+00:00,2025-07-28 00:00:00+00:00,fully_settled,580.0,8,4580.0,2025-07-22 09:55:35.548409+00:00,self_loan_repayment
6016,46,5000.0,2025-06-27 11:42:27.050648+00:00,2025-07-14 00:00:00+00:00,fully_settled,925.0,4,5925.0,2025-07-22 15:18:02.777656+00:00,allocation_repayment
6047,937,5000.0,2025-06-30 16:01:47.062485+00:00,2025-07-28 00:00:00+00:00,fully_settled,725.0,8,5725.0,2025-07-22 10:14:58.614041+00:00,self_loan_repayment
6039,944,1000.0,2025-06-30 08:00:11.551640+00:00,2025-07-28 00:00:00+00:00,fully_settled,145.0,8,1145.0,2025-07-22 10:39:59.582886+00:00,self_loan_repayment
5737,23,700.0,2025-06-05 05:49:11.027927+00:00,2025-06-28 00:00:00+00:00,fully_settled,87.5,1,88.30999999999995,2025-07-22 22:42:02.563993+00:00,allocation_repayment
5979,886,9500.0,2025-06-23 07:28:35.152755+00:00,2025-06-28 00:00:00+00:00,fully_settled,1187.5,10,7000.0,2025-07-22 16:39:42.411039+00:00,self_loan_repayment
5927,23,400.0,2025-06-14 09:39:42.937927+00:00,2025-06-28 00:00:00+00:00,fully_settled,50.0,1,450.0,2025-07-22 22:42:37.882291+00:00,allocation_repayment
5979,886,9500.0,2025-06-23 07:28:35.152755+00:00,2025-06-28 00:00:00+00:00,fully_settled,1187.5,10,3687.5,2025-07-22 16:54:21.528199+00:00,self_loan_repayment
325,2,2000.0,2025-01-07 19:01:36.504138+00:00,2025-01-28 00:00:00+00:00,fully_settled,250.0,1,2249.0,2025-07-22 22:29:24.608958+00:00,allocation_repayment
364,27,1000.0,2025-01-18 11:36:30.441667+00:00,2025-01-28 00:00:00+00:00,fully_settled,125.0,1,1125.0,2025-07-22 22:30:22.451743+00:00,allocation_repayment
363,27,1000.0,2025-01-18 11:20:10.863567+00:00,2025-01-28 00:00:00+00:00,fully_settled,125.0,1,1125.0,2025-07-22 22:30:49.269233+00:00,allocation_repayment
98,12,1950.0,2024-12-02 10:33:55.009062+00:00,2024-12-28 00:00:00+00:00,overdue,243.75,1,1000.0,2025-07-22 22:31:42.512791+00:00,allocation_repayment
624,22,1000.0,2025-02-18 06:26:21.964526+00:00,2025-02-28 00:00:00+00:00,fully_settled,125.0,1,125.0,2025-07-22 22:32:35.749600+00:00,allocation_repayment
59,18,2000.0,2024-11-28 12:22:23.127057+00:00,2024-12-28 00:00:00+00:00,fully_settled,250.0,1,1000.0,2025-07-22 22:33:11.984880+00:00,allocation_repayment
427,7,300.0,2025-01-31 11:02:00.697999+00:00,2025-02-28 00:00:00+00:00,fully_settled,37.5,1,325.0,2025-07-22 22:34:08.228256+00:00,allocation_repayment
431,7,1000.0,2025-02-01 12:50:42.234326+00:00,2025-02-28 00:00:00+00:00,fully_settled,125.0,1,800.0,2025-07-22 22:34:50.527846+00:00,allocation_repayment
193,16,2000.0,2024-12-06 07:46:50.759606+00:00,2024-12-28 00:00:00+00:00,fully_settled,250.0,1,1000.0,2025-07-22 22:35:34.315189+00:00,allocation_repayment
5018,23,150.0,2025-05-08 17:23:19.790615+00:00,2025-05-28 00:00:00+00:00,fully_settled,18.75,1,165.75,2025-07-22 22:43:34.444270+00:00,allocation_repayment
5977,23,30.0,2025-06-22 14:55:49.991184+00:00,2025-06-28 00:00:00+00:00,fully_settled,3.75,1,3.0,2025-07-22 22:44:14.468610+00:00,allocation_repayment
198,5,1200.0,2024-12-06 13:22:55.128018+00:00,2024-12-28 00:00:00+00:00,fully_settled,150.0,1,1200.0,2025-07-22 22:44:59.871017+00:00,allocation_repayment
843,348,1000.0,2025-02-24 14:02:10.323610+00:00,2025-02-28 00:00:00+00:00,overdue,125.0,1,500.0,2025-07-22 22:45:35.224356+00:00,allocation_repayment
11,11,2000.0,2024-11-21 11:12:03.921798+00:00,2024-11-28 00:00:00+00:00,overdue,250.0,1,700.0,2025-07-22 22:46:13.545698+00:00,allocation_repayment
31,20,800.0,2024-11-26 13:38:12.355439+00:00,2024-11-28 00:00:00+00:00,fully_settled,100.0,1,100.0,2025-07-22 22:47:17.226139+00:00,allocation_repayment
204,78,1500.0,2024-12-09 13:59:21.809632+00:00,2024-12-28 00:00:00+00:00,fully_settled,187.5,1,1000.0,2025-07-22 22:48:39.853458+00:00,allocation_repayment
102,14,596.0,2024-12-02 15:27:23.159624+00:00,2024-12-28 00:00:00+00:00,fully_settled,74.5,1,500.0,2025-07-22 22:49:41.067732+00:00,allocation_repayment
167,14,499.0,2024-12-03 11:21:05.869811+00:00,2024-12-28 00:00:00+00:00,fully_settled,62.375,1,500.0,2025-07-22 22:50:11.123808+00:00,allocation_repayment
15619,4,500.0,2025-07-19 11:01:10.741879+00:00,2025-07-28 00:00:00+00:00,fully_settled,62.5,1,561.5,2025-07-22 22:52:22.529028+00:00,allocation_repayment
1110,4,250.0,2025-03-07 17:45:16.257237+00:00,2025-03-28 00:00:00+00:00,fully_settled,31.25,1,281.25,2025-07-22 22:54:18.606257+00:00,allocation_repayment
1179,4,150.0,2025-03-12 17:16:31.770961+00:00,2025-03-28 00:00:00+00:00,fully_settled,18.75,1,156.25,2025-07-22 22:54:41.882456+00:00,allocation_repayment
7801,4,10.0,2025-07-02 10:53:25.693620+00:00,2025-07-28 00:00:00+00:00,fully_settled,1.25,1,11.25,2025-07-22 22:57:03.175448+00:00,allocation_repayment
5986,4,30.0,2025-06-23 17:01:03.114724+00:00,2025-06-28 00:00:00+00:00,fully_settled,3.75,1,33.75,2025-07-22 22:57:17.332082+00:00,allocation_repayment
5796,4,50.0,2025-06-05 12:30:09.189264+00:00,2025-06-28 00:00:00+00:00,fully_settled,6.25,1,56.25,2025-07-22 22:57:34.584481+00:00,allocation_repayment
5787,4,10.0,2025-06-05 11:40:00.406592+00:00,2025-06-28 00:00:00+00:00,fully_settled,1.25,1,11.25,2025-07-22 22:57:53.086545+00:00,allocation_repayment
4641,4,10.0,2025-05-03 19:29:47.719311+00:00,2025-05-28 00:00:00+00:00,fully_settled,1.25,1,9.25,2025-07-22 22:58:08.069916+00:00,allocation_repayment
4350,4,120.0,2025-04-29 15:57:27.532329+00:00,2025-05-28 00:00:00+00:00,fully_settled,15.0,1,134.0,2025-07-22 22:58:21.418521+00:00,allocation_repayment
4272,4,100.0,2025-04-25 17:46:31.454594+00:00,2025-04-28 00:00:00+00:00,fully_settled,12.5,1,112.5,2025-07-22 22:58:36.262482+00:00,allocation_repayment
1179,4,150.0,2025-03-12 17:16:31.770961+00:00,2025-03-28 00:00:00+00:00,fully_settled,18.75,1,11.5,2025-07-22 23:00:14.292102+00:00,allocation_repayment
858,4,140.0,2025-02-25 11:17:22.586191+00:00,2025-02-28 00:00:00+00:00,fully_settled,17.5,1,156.5,2025-07-22 23:00:45.236014+00:00,allocation_repayment
1068,4,10.0,2025-03-06 10:42:48.187301+00:00,2025-03-28 00:00:00+00:00,fully_settled,1.25,1,11.25,2025-07-22 23:01:05.387623+00:00,allocation_repayment
5982,935,4000.0,2025-06-23 11:38:01.767511+00:00,2025-06-28 00:00:00+00:00,overdue,580.0,8,600.0,2025-07-23 06:21:57.134061+00:00,self_loan_repayment
12307,949,3000.0,2025-07-09 14:29:20.229964+00:00,2025-07-28 00:00:00+00:00,fully_settled,435.0,8,2000.0,2025-07-23 06:49:52.750662+00:00,self_loan_repayment
1071,4,220.0,2025-03-06 11:05:11.547590+00:00,2025-03-28 00:00:00+00:00,fully_settled,27.5,1,22.75,2025-07-23 08:23:51.710504+00:00,allocation_repayment
16751,4,390.0,2025-07-26 08:10:47.995524+00:00,2025-08-25 08:10:47.989813+00:00,fully_settled,48.75,1,1.0,2025-07-28 10:24:03.269344+00:00,self_loan_repayment
6024,896,2000.0,2025-06-28 07:44:32.864582+00:00,2025-07-28 00:00:00+00:00,fully_settled,250.0,10,2100.0,2025-07-23 09:04:10.506161+00:00,self_loan_repayment
31,20,800.0,2024-11-26 13:38:12.355439+00:00,2024-11-28 00:00:00+00:00,fully_settled,100.0,1,800.0,2025-07-26 21:44:23.836645+00:00,self_loan_repayment
14520,894,2500.0,2025-07-15 10:29:17.766865+00:00,2025-07-28 00:00:00+00:00,fully_settled,312.5,10,2000.0,2025-07-23 10:37:44.804651+00:00,self_loan_repayment
5913,902,500.0,2025-06-13 10:33:05.519552+00:00,2025-06-28 00:00:00+00:00,fully_settled,62.5,10,562.5,2025-07-23 11:02:56.543597+00:00,self_loan_repayment
15628,897,200.0,2025-07-19 11:39:15.820833+00:00,2025-07-28 00:00:00+00:00,fully_settled,25.0,10,225.0,2025-07-23 13:25:34.073480+00:00,self_loan_repayment
15936,894,200.0,2025-07-21 05:01:01.405533+00:00,2025-07-28 00:00:00+00:00,fully_settled,25.0,10,225.0,2025-07-27 04:23:01.343469+00:00,self_loan_repayment
5983,936,4000.0,2025-06-23 13:43:49.703712+00:00,2025-06-28 00:00:00+00:00,fully_settled,580.0,8,4580.0,2025-07-23 16:20:47.859499+00:00,self_loan_repayment
5974,893,5000.0,2025-06-21 17:33:46.882120+00:00,2025-06-28 00:00:00+00:00,fully_settled,625.0,10,5625.0,2025-07-24 05:34:20.519943+00:00,self_loan_repayment
10360,892,1400.0,2025-07-04 14:55:01.659368+00:00,2025-07-28 00:00:00+00:00,fully_settled,175.0,10,1575.0,2025-07-24 10:37:01.941346+00:00,self_loan_repayment
14520,894,2500.0,2025-07-15 10:29:17.766865+00:00,2025-07-28 00:00:00+00:00,fully_settled,312.5,10,812.5,2025-07-27 04:28:03.160989+00:00,self_loan_repayment
59,18,2000.0,2024-11-28 12:22:23.127057+00:00,2024-12-28 00:00:00+00:00,fully_settled,250.0,1,125.0,2025-07-29 13:13:00.599648+00:00,self_loan_repayment
4988,881,15000.0,2025-05-07 10:16:33.041358+00:00,2025-05-28 00:00:00+00:00,fully_settled,1875.0,10,9975.0,2025-07-27 17:04:05.077135+00:00,self_loan_repayment
9613,47,8500.0,2025-07-03 14:24:35.784291+00:00,2025-07-14 00:00:00+00:00,fully_settled,1572.5,3,7110.0,2025-07-29 12:04:51.640809+00:00,allocation_repayment
5338,881,5000.0,2025-05-31 08:56:21.302275+00:00,2025-06-28 00:00:00+00:00,fully_settled,625.0,10,5625.0,2025-07-28 05:48:11.613775+00:00,self_loan_repayment
59,18,2000.0,2024-11-28 12:22:23.127057+00:00,2024-12-28 00:00:00+00:00,fully_settled,250.0,1,95.0,2025-07-29 15:45:53.863076+00:00,allocation_repayment
9613,47,8500.0,2025-07-03 14:24:35.784291+00:00,2025-07-14 00:00:00+00:00,fully_settled,1572.5,3,2962.5,2025-07-29 12:05:59.258650+00:00,allocation_repayment
6012,56,8000.0,2025-06-27 10:02:05.224175+00:00,2025-07-14 00:00:00+00:00,fully_settled,1480.0,4,7110.0,2025-07-29 12:07:20.847918+00:00,allocation_repayment
6012,56,8000.0,2025-06-27 10:02:05.224175+00:00,2025-07-14 00:00:00+00:00,fully_settled,1480.0,4,592.5,2025-07-29 12:07:58.592071+00:00,allocation_repayment
6012,56,8000.0,2025-06-27 10:02:05.224175+00:00,2025-07-14 00:00:00+00:00,fully_settled,1480.0,4,1303.5,2025-07-29 12:08:49.360237+00:00,allocation_repayment
6012,56,8000.0,2025-06-27 10:02:05.224175+00:00,2025-07-14 00:00:00+00:00,fully_settled,1480.0,4,474.0,2025-07-29 12:09:25.672732+00:00,allocation_repayment
98,12,1950.0,2024-12-02 10:33:55.009062+00:00,2024-12-28 00:00:00+00:00,overdue,243.75,1,1125.0,2025-07-29 15:46:41.730553+00:00,allocation_repayment
9622,34,2000.0,2025-07-03 14:33:46.363245+00:00,2025-07-28 00:00:00+00:00,fully_settled,250.0,1,2250.0,2025-07-29 14:09:07.301649+00:00,self_loan_repayment
59,18,2000.0,2024-11-28 12:22:23.127057+00:00,2024-12-28 00:00:00+00:00,fully_settled,250.0,1,1030.0,2025-07-29 15:44:13.731687+00:00,allocation_repayment
16817,931,600.0,2025-07-26 18:55:49.403709+00:00,2025-08-25 18:55:49.399440+00:00,fully_settled,75.0,1,675.0,2025-07-30 04:38:06.269485+00:00,self_loan_repayment
17091,358,7000.0,2025-07-28 14:40:42.575967+00:00,2025-08-27 14:40:42.564700+00:00,fully_settled,1295.0,4,8295.0,2025-07-31 10:32:20.394699+00:00,allocation_repayment
16659,931,500.0,2025-07-25 13:57:36.007280+00:00,2025-08-24 13:57:36.003012+00:00,fully_settled,62.5,1,562.5,2025-07-30 04:39:37.576181+00:00,self_loan_repayment
14038,286,5000.0,2025-07-14 10:19:30.827964+00:00,2025-08-14 00:00:00+00:00,fully_settled,925.0,4,5925.0,2025-07-31 10:33:28.394541+00:00,allocation_repayment
17698,889,500.0,2025-07-31 12:30:36.938046+00:00,2025-08-30 12:30:36.932548+00:00,fully_settled,62.5,10,562.5,2025-08-01 07:30:10.336495+00:00,self_loan_repayment
16517,889,500.0,2025-07-24 13:46:47.462653+00:00,2025-08-23 13:46:47.457215+00:00,fully_settled,62.5,10,562.5,2025-08-01 07:31:46.100377+00:00,self_loan_repayment
17211,4,200.0,2025-07-29 10:56:26.350150+00:00,2025-08-28 10:56:26.340235+00:00,fully_settled,25.0,1,1.0,2025-08-01 11:44:01.219792+00:00,allocation_repayment
17222,47,8500.0,2025-07-29 12:12:46.149373+00:00,2025-08-28 12:12:46.143841+00:00,fully_settled,1572.5,4,1.0,2025-08-01 11:46:26.704451+00:00,allocation_repayment
17222,47,8500.0,2025-07-29 12:12:46.149373+00:00,2025-08-28 12:12:46.143841+00:00,fully_settled,1572.5,4,1.0,2025-08-01 11:46:43.063244+00:00,allocation_repayment
5816,225,2000.0,2025-06-06 03:09:37.235652+00:00,2025-06-28 00:00:00+00:00,fully_settled,370.0,4,2370.0,2025-08-06 13:17:37.904341+00:00,self_loan_repayment
4830,222,2000.0,2025-05-05 08:53:04.958003+00:00,2025-05-28 00:00:00+00:00,overdue,370.0,4,500.0,2025-08-06 13:36:05.783365+00:00,self_loan_repayment
18529,974,1000.0,2025-08-05 11:07:17.817112+00:00,2025-09-04 11:07:17.813242+00:00,fully_settled,185.0,16,500.0,2025-08-08 16:27:09.289164+00:00,self_loan_repayment
5864,836,600.0,2025-06-07 21:20:53.622849+00:00,2025-06-28 00:00:00+00:00,overdue,111.0,4,300.0,2025-08-07 08:37:45.218896+00:00,self_loan_repayment
5870,153,1000.0,2025-06-08 07:33:19.858028+00:00,2025-06-28 00:00:00+00:00,overdue,185.0,4,550.0,2025-08-06 15:11:52.968086+00:00,self_loan_repayment
5231,153,1000.0,2025-05-18 13:06:17.523941+00:00,2025-05-28 00:00:00+00:00,overdue,185.0,4,550.0,2025-08-06 15:14:22.719735+00:00,self_loan_repayment
5866,174,500.0,2025-06-08 02:50:26.854465+00:00,2025-06-28 00:00:00+00:00,fully_settled,92.5,4,592.5,2025-08-07 19:51:17.139544+00:00,self_loan_repayment
12955,887,4000.0,2025-07-11 11:16:30.854098+00:00,2025-07-28 00:00:00+00:00,fully_settled,500.0,10,4500.0,2025-08-06 16:09:56.885787+00:00,self_loan_repayment
13286,887,1000.0,2025-07-12 18:05:18.624705+00:00,2025-07-28 00:00:00+00:00,fully_settled,125.0,10,1125.0,2025-08-06 16:17:13.721786+00:00,self_loan_repayment
5873,283,100.0,2025-06-08 08:19:08.648605+00:00,2025-06-28 00:00:00+00:00,fully_settled,18.5,4,118.5,2025-08-13 10:09:09.412965+00:00,allocation_repayment
5863,174,500.0,2025-06-07 20:51:58.140417+00:00,2025-06-28 00:00:00+00:00,fully_settled,92.5,4,592.5,2025-08-07 19:52:33.096657+00:00,self_loan_repayment
5343,888,250.0,2025-05-31 22:22:13.708258+00:00,2025-06-28 00:00:00+00:00,fully_settled,31.25,10,281.25,2025-08-06 19:32:02.426369+00:00,self_loan_repayment
5279,888,1750.0,2025-05-25 10:01:38.995408+00:00,2025-05-28 00:00:00+00:00,fully_settled,218.75,10,1168.75,2025-08-06 19:33:18.399311+00:00,self_loan_repayment
18529,974,1000.0,2025-08-05 11:07:17.817112+00:00,2025-09-04 11:07:17.813242+00:00,fully_settled,185.0,16,385.0,2025-08-10 09:53:43.906741+00:00,self_loan_repayment
5879,202,2000.0,2025-06-09 11:50:22.568341+00:00,2025-06-28 00:00:00+00:00,fully_settled,370.0,4,2370.0,2025-08-07 07:45:15.688005+00:00,self_loan_repayment
5857,174,550.0,2025-06-07 13:30:43.979330+00:00,2025-06-28 00:00:00+00:00,fully_settled,101.75,4,651.75,2025-08-07 19:53:53.942887+00:00,self_loan_repayment
4335,179,500.0,2025-04-29 06:10:00.970698+00:00,2025-05-28 00:00:00+00:00,fully_settled,92.5,4,592.5,2025-08-13 10:15:56.432888+00:00,allocation_repayment
5861,174,200.0,2025-06-07 17:35:15.713685+00:00,2025-06-28 00:00:00+00:00,fully_settled,37.0,4,237.0,2025-08-07 19:55:16.742599+00:00,self_loan_repayment
16844,46,6000.0,2025-07-27 03:11:55.886737+00:00,2025-08-26 03:11:55.879125+00:00,fully_settled,1110.0,4,4000.0,2025-08-12 10:06:07.280623+00:00,self_loan_repayment
914,174,200.0,2025-03-01 17:31:40.550574+00:00,2025-03-28 00:00:00+00:00,fully_settled,37.0,4,237.0,2025-08-07 19:56:37.856296+00:00,self_loan_repayment
18939,6,2000.0,2025-08-09 13:24:07.859749+00:00,2025-09-08 13:24:07.853846+00:00,fully_settled,250.0,1,1.0,2025-08-12 13:03:32.776413+00:00,allocation_repayment
4115,212,2000.0,2025-04-15 16:58:19.543439+00:00,2025-04-28 00:00:00+00:00,fully_settled,370.0,4,870.0,2025-08-08 08:13:57.613857+00:00,self_loan_repayment
18477,808,10000.0,2025-08-04 18:18:25.785931+00:00,2025-09-03 18:18:25.781839+00:00,fully_settled,1850.0,4,11850.0,2025-08-08 16:24:54.870559+00:00,allocation_repayment
17994,808,10000.0,2025-08-01 14:48:44.406014+00:00,2025-08-31 14:48:44.400251+00:00,fully_settled,1850.0,4,11850.0,2025-08-08 16:26:21.374366+00:00,allocation_repayment
4546,179,150.0,2025-05-03 12:42:05.616097+00:00,2025-05-28 00:00:00+00:00,overdue,27.75,4,7.5,2025-08-13 10:16:22.152315+00:00,allocation_repayment
18939,6,2000.0,2025-08-09 13:24:07.859749+00:00,2025-09-08 13:24:07.853846+00:00,fully_settled,250.0,1,1.0,2025-08-12 13:04:10.033671+00:00,allocation_repayment
18939,6,2000.0,2025-08-09 13:24:07.859749+00:00,2025-09-08 13:24:07.853846+00:00,fully_settled,250.0,1,3.0,2025-08-12 13:04:28.475708+00:00,allocation_repayment
18866,889,2000.0,2025-08-08 16:20:17.002066+00:00,2025-09-07 16:20:16.995612+00:00,fully_settled,250.0,10,1.0,2025-08-12 13:18:27.847244+00:00,allocation_repayment
18866,889,2000.0,2025-08-08 16:20:17.002066+00:00,2025-09-07 16:20:16.995612+00:00,fully_settled,250.0,10,2249.0,2025-08-12 13:18:56.098454+00:00,allocation_repayment
18775,889,500.0,2025-08-07 16:34:10.916229+00:00,2025-09-06 16:34:10.911666+00:00,fully_settled,62.5,10,562.5,2025-08-12 13:20:29.791897+00:00,allocation_repayment
5883,409,500.0,2025-06-09 14:44:44.956215+00:00,2025-06-28 00:00:00+00:00,overdue,92.5,4,1.0,2025-08-12 14:09:48.446660+00:00,allocation_repayment
5220,511,1000.0,2025-05-16 10:35:16.721169+00:00,2025-05-28 00:00:00+00:00,fully_settled,185.0,4,1185.0,2025-08-13 09:14:58.032967+00:00,allocation_repayment
4540,163,2000.0,2025-05-03 12:28:53.611533+00:00,2025-05-28 00:00:00+00:00,fully_settled,370.0,4,1370.0,2025-08-13 09:46:35.583282+00:00,allocation_repayment
10127,900,9400.0,2025-07-04 09:29:45.086037+00:00,2025-07-28 00:00:00+00:00,fully_settled,1175.0,10,10575.0,2025-08-13 11:30:40.869331+00:00,allocation_repayment
12719,900,1500.0,2025-07-10 14:30:39.754127+00:00,2025-07-28 00:00:00+00:00,fully_settled,187.5,10,1687.5,2025-08-13 11:31:20.462040+00:00,allocation_repayment
5985,900,600.0,2025-06-23 15:39:04.852555+00:00,2025-06-28 00:00:00+00:00,fully_settled,75.0,10,675.0,2025-08-13 11:31:45.225327+00:00,allocation_repayment
15674,900,500.0,2025-07-19 16:34:50.514554+00:00,2025-07-28 00:00:00+00:00,fully_settled,62.5,10,562.5,2025-08-13 11:32:09.235440+00:00,allocation_repayment
19164,900,600.0,2025-08-12 12:55:20.310589+00:00,2025-09-11 12:55:20.305363+00:00,fully_settled,75.0,10,240.0,2025-08-13 11:32:23.533580+00:00,allocation_repayment
5853,757,1000.0,2025-06-07 10:13:21.386415+00:00,2025-06-28 00:00:00+00:00,overdue,185.0,4,1180.0,2025-08-13 11:38:41.787922+00:00,allocation_repayment
1054,217,200.0,2025-03-05 16:37:10.899519+00:00,2025-03-28 00:00:00+00:00,fully_settled,37.0,4,237.0,2025-08-13 12:28:25.502851+00:00,allocation_repayment
599,112,500.0,2025-02-16 04:39:46.998198+00:00,2025-02-28 00:00:00+00:00,fully_settled,92.5,4,592.5,2025-08-13 12:42:39.093962+00:00,allocation_repayment
18084,68,2000.0,2025-08-01 21:18:32.604531+00:00,2025-08-31 21:18:32.600752+00:00,fully_settled,370.0,4,2370.0,2025-08-14 07:28:38.196628+00:00,self_loan_repayment
17785,953,1000.0,2025-07-31 19:58:23.346241+00:00,2025-08-30 19:58:23.339807+00:00,fully_settled,185.0,13,1185.0,2025-08-14 07:31:27.791226+00:00,self_loan_repayment
16318,949,15000.0,2025-07-23 07:18:11.779876+00:00,2025-07-28 00:00:00+00:00,overdue,2175.0,8,1435.0,2025-08-14 10:41:44.320971+00:00,allocation_repayment
3887,641,700.0,2025-04-09 10:08:49.746227+00:00,2025-04-28 00:00:00+00:00,fully_settled,129.5,4,300.0,2025-08-14 13:18:48.817018+00:00,allocation_repayment
19233,982,2000.0,2025-08-13 11:52:07.741942+00:00,2025-09-12 11:52:07.734923+00:00,fully_settled,290.0,8,420.0,2025-08-20 10:35:08.573157+00:00,self_loan_repayment
18529,974,1000.0,2025-08-05 11:07:17.817112+00:00,2025-09-04 11:07:17.813242+00:00,fully_settled,185.0,16,300.0,2025-08-16 06:39:10.255972+00:00,self_loan_repayment
18551,974,4000.0,2025-08-05 15:14:31.587738+00:00,2025-09-04 15:14:31.582430+00:00,fully_settled,740.0,16,500.0,2025-08-16 06:40:17.446771+00:00,self_loan_repayment
15059,962,1000.0,2025-07-17 07:31:09.935355+00:00,2025-07-28 00:00:00+00:00,fully_settled,185.0,14,1185.0,2025-08-16 07:31:47.512704+00:00,self_loan_repayment
19233,982,2000.0,2025-08-13 11:52:07.741942+00:00,2025-09-12 11:52:07.734923+00:00,fully_settled,290.0,8,320.0,2025-08-20 14:31:22.548185+00:00,self_loan_repayment
18551,974,4000.0,2025-08-05 15:14:31.587738+00:00,2025-09-04 15:14:31.582430+00:00,fully_settled,740.0,16,300.0,2025-08-16 08:20:30.932705+00:00,self_loan_repayment
3887,641,700.0,2025-04-09 10:08:49.746227+00:00,2025-04-28 00:00:00+00:00,fully_settled,129.5,4,29.5,2025-08-16 18:43:52.666567+00:00,self_loan_repayment
16228,886,9500.0,2025-07-22 16:58:16.213044+00:00,2025-07-28 00:00:00+00:00,fully_settled,1187.5,10,687.5,2025-08-21 09:22:05.984886+00:00,self_loan_repayment
18551,974,4000.0,2025-08-05 15:14:31.587738+00:00,2025-09-04 15:14:31.582430+00:00,fully_settled,740.0,16,1000.0,2025-08-17 08:10:34.034498+00:00,self_loan_repayment
19233,982,2000.0,2025-08-13 11:52:07.741942+00:00,2025-09-12 11:52:07.734923+00:00,fully_settled,290.0,8,300.0,2025-08-20 16:30:04.694703+00:00,self_loan_repayment
14836,962,6000.0,2025-07-16 12:26:46.711298+00:00,2025-07-28 00:00:00+00:00,fully_settled,1110.0,14,7110.0,2025-08-17 12:36:05.743029+00:00,self_loan_repayment
14854,962,3000.0,2025-07-16 13:21:13.132373+00:00,2025-07-28 00:00:00+00:00,fully_settled,555.0,14,3555.0,2025-08-17 12:38:49.691642+00:00,self_loan_repayment
14906,962,2000.0,2025-07-16 17:29:38.634772+00:00,2025-07-28 00:00:00+00:00,fully_settled,370.0,14,2370.0,2025-08-17 12:42:33.183788+00:00,self_loan_repayment
18551,974,4000.0,2025-08-05 15:14:31.587738+00:00,2025-09-04 15:14:31.582430+00:00,fully_settled,740.0,16,700.0,2025-08-21 05:29:54.677920+00:00,self_loan_repayment
19233,982,2000.0,2025-08-13 11:52:07.741942+00:00,2025-09-12 11:52:07.734923+00:00,fully_settled,290.0,8,50.0,2025-08-19 06:23:42.327631+00:00,self_loan_repayment
18551,974,4000.0,2025-08-05 15:14:31.587738+00:00,2025-09-04 15:14:31.582430+00:00,fully_settled,740.0,16,500.0,2025-08-19 14:53:50.261841+00:00,self_loan_repayment
17535,942,2000.0,2025-07-30 17:24:04.050072+00:00,2025-08-29 17:24:04.044384+00:00,fully_settled,290.0,8,2290.0,2025-08-22 15:24:04.976212+00:00,self_loan_repayment
5696,830,1000.0,2025-06-04 12:58:48.369250+00:00,2025-06-28 00:00:00+00:00,overdue,185.0,4,100.0,2025-08-20 08:06:34.570719+00:00,self_loan_repayment
5978,886,500.0,2025-06-23 07:08:14.100738+00:00,2025-06-28 00:00:00+00:00,fully_settled,62.5,10,562.5,2025-08-21 08:00:56.919886+00:00,self_loan_repayment
17925,894,5000.0,2025-08-01 09:58:34.207660+00:00,2025-08-31 09:58:34.202697+00:00,fully_settled,625.0,10,5625.0,2025-08-21 09:33:56.064555+00:00,self_loan_repayment
19163,896,200.0,2025-08-12 12:53:42.845878+00:00,2025-09-11 12:53:42.839243+00:00,fully_settled,25.0,10,225.0,2025-08-22 12:21:16.060325+00:00,self_loan_repayment
19233,982,2000.0,2025-08-13 11:52:07.741942+00:00,2025-09-12 11:52:07.734923+00:00,fully_settled,290.0,8,150.0,2025-08-21 10:45:07.566739+00:00,self_loan_repayment
16228,886,9500.0,2025-07-22 16:58:16.213044+00:00,2025-07-28 00:00:00+00:00,fully_settled,1187.5,10,10000.0,2025-08-21 09:20:08.635758+00:00,self_loan_repayment
19233,982,2000.0,2025-08-13 11:52:07.741942+00:00,2025-09-12 11:52:07.734923+00:00,fully_settled,290.0,8,50.0,2025-08-21 13:49:03.337296+00:00,self_loan_repayment
16844,46,6000.0,2025-07-27 03:11:55.886737+00:00,2025-08-26 03:11:55.879125+00:00,fully_settled,1110.0,4,3110.0,2025-08-22 17:48:59.798611+00:00,allocation_repayment
17862,896,2000.0,2025-08-01 06:15:48.686503+00:00,2025-08-31 06:15:48.679628+00:00,fully_settled,250.0,10,1700.0,2025-08-22 12:25:38.073439+00:00,self_loan_repayment
16607,893,5000.0,2025-07-25 07:45:07.852373+00:00,2025-08-24 07:45:07.844945+00:00,fully_settled,625.0,10,5625.0,2025-08-21 16:36:56.690330+00:00,self_loan_repayment
18551,974,4000.0,2025-08-05 15:14:31.587738+00:00,2025-09-04 15:14:31.582430+00:00,fully_settled,740.0,16,1740.0,2025-08-21 16:34:51.314030+00:00,self_loan_repayment
16230,46,6000.0,2025-07-22 17:07:32.447448+00:00,2025-08-14 00:00:00+00:00,fully_settled,1110.0,4,7110.0,2025-08-22 17:49:40.387362+00:00,allocation_repayment
19233,982,2000.0,2025-08-13 11:52:07.741942+00:00,2025-09-12 11:52:07.734923+00:00,fully_settled,290.0,8,100.0,2025-08-22 12:49:27.927527+00:00,self_loan_repayment
18955,888,1000.0,2025-08-09 16:02:19.781183+00:00,2025-09-08 16:02:19.776041+00:00,fully_settled,125.0,10,500.0,2025-08-23 00:25:44.875503+00:00,self_loan_repayment
19428,888,325.0,2025-08-15 19:49:34.088884+00:00,2025-09-14 19:49:34.084756+00:00,overdue,40.625,10,365.0,2025-08-23 00:24:07.246690+00:00,self_loan_repayment
16137,933,5000.0,2025-07-22 08:29:53.909831+00:00,2025-07-28 00:00:00+00:00,fully_settled,725.0,8,5725.0,2025-08-23 02:53:46.544594+00:00,self_loan_repayment
19233,982,2000.0,2025-08-13 11:52:07.741942+00:00,2025-09-12 11:52:07.734923+00:00,fully_settled,290.0,8,100.0,2025-08-23 08:25:25.275238+00:00,self_loan_repayment
18261,937,5000.0,2025-08-03 07:09:10.942868+00:00,2025-09-02 07:09:10.936525+00:00,fully_settled,725.0,8,5725.0,2025-08-23 13:29:04.769496+00:00,self_loan_repayment
18042,97,2000.0,2025-08-01 17:20:27.371209+00:00,2025-08-31 17:20:27.364410+00:00,fully_settled,250.0,1,2250.0,2025-08-24 12:22:43.274024+00:00,self_loan_repayment
16383,876,4000.0,2025-07-23 14:59:20.530939+00:00,2025-07-28 00:00:00+00:00,fully_settled,500.0,10,4500.0,2025-08-24 15:43:17.357120+00:00,self_loan_repayment
4830,222,2000.0,2025-05-05 08:53:04.958003+00:00,2025-05-28 00:00:00+00:00,overdue,370.0,4,500.0,2025-08-26 08:55:12.523562+00:00,allocation_repayment
19251,876,4000.0,2025-08-13 15:53:53.046459+00:00,2025-09-12 15:53:53.041442+00:00,fully_settled,500.0,10,4500.0,2025-08-24 15:48:24.644975+00:00,self_loan_repayment
16414,936,10000.0,2025-07-23 19:19:54.615334+00:00,2025-07-28 00:00:00+00:00,fully_settled,1450.0,8,1450.0,2025-08-25 14:41:04.265650+00:00,self_loan_repayment
16524,974,5000.0,2025-07-24 14:49:19.185723+00:00,2025-08-23 14:49:19.180279+00:00,fully_settled,925.0,16,2700.0,2025-08-24 18:20:52.510030+00:00,self_loan_repayment
4985,654,1000.0,2025-05-07 09:48:34.760108+00:00,2025-05-28 00:00:00+00:00,overdue,185.0,4,8.0,2025-08-25 08:03:02.963307+00:00,self_loan_repayment
2665,486,1000.0,2025-03-28 06:59:39.427127+00:00,2025-04-28 00:00:00+00:00,overdue,185.0,4,40.0,2025-08-26 09:07:00.643804+00:00,allocation_repayment
19371,876,1800.0,2025-08-15 06:40:29.393968+00:00,2025-09-14 06:40:29.388654+00:00,fully_settled,225.0,10,2025.0,2025-08-25 08:46:48.405800+00:00,self_loan_repayment
16609,978,600.0,2025-07-25 07:59:03.700153+00:00,2025-08-24 07:59:03.694745+00:00,fully_settled,111.0,16,500.0,2025-08-25 14:41:59.091105+00:00,self_loan_repayment
18203,941,4000.0,2025-08-02 16:53:11.176057+00:00,2025-09-01 16:53:11.170756+00:00,fully_settled,580.0,8,4580.0,2025-08-25 09:31:08.954906+00:00,self_loan_repayment
16167,941,4000.0,2025-07-22 10:13:20.142401+00:00,2025-07-28 00:00:00+00:00,fully_settled,580.0,8,4580.0,2025-08-25 09:50:30.035632+00:00,self_loan_repayment
16198,944,4000.0,2025-07-22 15:02:23.611850+00:00,2025-07-28 00:00:00+00:00,fully_settled,580.0,8,4580.0,2025-08-25 09:54:25.058631+00:00,self_loan_repayment
20023,989,2000.0,2025-08-23 16:23:12.018025+00:00,2025-09-22 16:23:12.012364+00:00,fully_settled,290.0,8,100.0,2025-08-25 10:18:23.773240+00:00,self_loan_repayment
16403,943,5000.0,2025-07-23 16:03:23.355517+00:00,2025-07-28 00:00:00+00:00,fully_settled,725.0,8,5725.0,2025-08-25 11:12:47.964985+00:00,self_loan_repayment
19665,931,600.0,2025-08-19 05:27:22.479432+00:00,2025-09-18 05:27:22.474736+00:00,fully_settled,75.0,1,675.0,2025-08-26 16:38:42.951031+00:00,self_loan_repayment
16345,972,10000.0,2025-07-23 09:24:19.936944+00:00,2025-07-28 00:00:00+00:00,overdue,1450.0,8,1450.0,2025-08-25 15:53:14.833975+00:00,self_loan_repayment
16196,948,2000.0,2025-07-22 14:38:59.101848+00:00,2025-07-28 00:00:00+00:00,fully_settled,290.0,8,290.0,2025-08-25 11:29:21.136707+00:00,self_loan_repayment
19233,982,2000.0,2025-08-13 11:52:07.741942+00:00,2025-09-12 11:52:07.734923+00:00,fully_settled,290.0,8,150.0,2025-08-25 12:04:49.659933+00:00,self_loan_repayment
19233,982,2000.0,2025-08-13 11:52:07.741942+00:00,2025-09-12 11:52:07.734923+00:00,fully_settled,290.0,8,100.0,2025-08-26 10:34:45.329533+00:00,self_loan_repayment
20023,989,2000.0,2025-08-23 16:23:12.018025+00:00,2025-09-22 16:23:12.012364+00:00,fully_settled,290.0,8,350.0,2025-08-25 14:28:33.521883+00:00,self_loan_repayment
10870,902,1000.0,2025-07-05 15:25:12.861645+00:00,2025-07-28 00:00:00+00:00,fully_settled,125.0,10,700.0,2025-08-25 17:18:52.698129+00:00,self_loan_repayment
16414,936,10000.0,2025-07-23 19:19:54.615334+00:00,2025-07-28 00:00:00+00:00,fully_settled,1450.0,8,10000.0,2025-08-25 14:38:27.997914+00:00,self_loan_repayment
16524,974,5000.0,2025-07-24 14:49:19.185723+00:00,2025-08-23 14:49:19.180279+00:00,fully_settled,925.0,16,400.0,2025-08-25 17:23:37.706364+00:00,self_loan_repayment
19233,982,2000.0,2025-08-13 11:52:07.741942+00:00,2025-09-12 11:52:07.734923+00:00,fully_settled,290.0,8,150.0,2025-08-26 07:23:03.717205+00:00,self_loan_repayment
19700,984,5000.0,2025-08-19 16:30:46.089943+00:00,2025-09-18 16:30:46.085951+00:00,fully_settled,725.0,8,5725.0,2025-08-26 08:13:40.824336+00:00,self_loan_repayment
5257,889,1000.0,2025-05-22 10:02:44.797153+00:00,2025-05-28 00:00:00+00:00,fully_settled,125.0,10,1125.0,2025-08-26 08:22:59.978525+00:00,allocation_repayment
5856,889,2500.0,2025-06-07 12:36:28.534308+00:00,2025-06-28 00:00:00+00:00,fully_settled,312.5,10,2812.5,2025-08-26 08:24:24.508958+00:00,allocation_repayment
11087,889,2040.0,2025-07-06 08:00:56.369606+00:00,2025-07-28 00:00:00+00:00,fully_settled,255.0,10,2295.0,2025-08-26 08:24:41.325907+00:00,allocation_repayment
2035,532,1000.0,2025-03-21 12:31:59.311264+00:00,2025-03-28 00:00:00+00:00,overdue,185.0,4,100.0,2025-08-26 08:43:49.220924+00:00,allocation_repayment
4090,179,200.0,2025-04-15 06:54:01.428970+00:00,2025-04-28 00:00:00+00:00,overdue,37.0,4,50.0,2025-08-26 08:46:32.166392+00:00,allocation_repayment
19233,982,2000.0,2025-08-13 11:52:07.741942+00:00,2025-09-12 11:52:07.734923+00:00,fully_settled,290.0,8,195.0,2025-08-26 13:13:30.479993+00:00,self_loan_repayment
17862,896,2000.0,2025-08-01 06:15:48.686503+00:00,2025-08-31 06:15:48.679628+00:00,fully_settled,250.0,10,550.0,2025-08-26 19:17:35.755611+00:00,self_loan_repayment
19233,982,2000.0,2025-08-13 11:52:07.741942+00:00,2025-09-12 11:52:07.734923+00:00,fully_settled,290.0,8,205.0,2025-08-26 14:45:28.552970+00:00,self_loan_repayment
12759,896,200.0,2025-07-10 16:38:06.683213+00:00,2025-07-28 00:00:00+00:00,fully_settled,25.0,10,225.0,2025-08-26 19:29:27.414880+00:00,self_loan_repayment
6024,896,2000.0,2025-06-28 07:44:32.864582+00:00,2025-07-28 00:00:00+00:00,fully_settled,250.0,10,150.0,2025-08-26 19:22:35.172539+00:00,self_loan_repayment
12762,892,1000.0,2025-07-10 16:49:31.701663+00:00,2025-07-28 00:00:00+00:00,fully_settled,125.0,10,1125.0,2025-08-27 09:03:52.199589+00:00,self_loan_repayment
16105,95,2000.0,2025-07-22 05:59:38.320443+00:00,2025-07-28 00:00:00+00:00,fully_settled,250.0,1,2250.0,2025-08-27 10:27:31.368811+00:00,self_loan_repayment
20023,989,2000.0,2025-08-23 16:23:12.018025+00:00,2025-09-22 16:23:12.012364+00:00,fully_settled,290.0,8,25.0,2025-08-27 15:53:28.930637+00:00,self_loan_repayment
16609,978,600.0,2025-07-25 07:59:03.700153+00:00,2025-08-24 07:59:03.694745+00:00,fully_settled,111.0,16,211.0,2025-08-28 05:07:13.175047+00:00,self_loan_repayment
20372,5,1000.0,2025-08-27 15:45:35.217553+00:00,2025-09-26 15:45:35.211406+00:00,fully_settled,125.0,1,1125.0,2025-08-29 06:40:02.579245+00:00,self_loan_repayment
20153,5,1000.0,2025-08-25 10:32:31.691997+00:00,2025-09-24 10:32:31.685675+00:00,fully_settled,125.0,1,1125.0,2025-08-29 06:41:31.979617+00:00,self_loan_repayment
19530,7,300.0,2025-08-17 09:15:49.445527+00:00,2025-09-16 09:15:49.439534+00:00,fully_settled,37.5,1,337.5,2025-08-29 10:54:29.175376+00:00,allocation_repayment
18447,34,2000.0,2025-08-04 15:15:58.904203+00:00,2025-09-03 15:15:58.899682+00:00,fully_settled,250.0,1,2250.0,2025-08-29 08:57:25.849116+00:00,self_loan_repayment
18939,6,2000.0,2025-08-09 13:24:07.859749+00:00,2025-09-08 13:24:07.853846+00:00,fully_settled,250.0,1,1245.0,2025-08-29 10:56:45.861052+00:00,allocation_repayment
18854,2,2000.0,2025-08-08 14:43:26.455896+00:00,2025-09-07 14:43:26.449358+00:00,fully_settled,250.0,1,2250.0,2025-08-29 10:57:18.477378+00:00,allocation_repayment
18688,14,2000.0,2025-08-06 18:35:49.409021+00:00,2025-09-05 18:35:49.403622+00:00,fully_settled,250.0,1,2250.0,2025-08-29 10:58:18.723138+00:00,allocation_repayment
18939,6,2000.0,2025-08-09 13:24:07.859749+00:00,2025-09-08 13:24:07.853846+00:00,fully_settled,250.0,1,1000.0,2025-08-29 10:58:55.072244+00:00,allocation_repayment
18828,23,2000.0,2025-08-08 09:11:54.446459+00:00,2025-09-07 09:11:54.441249+00:00,fully_settled,250.0,1,2250.0,2025-08-29 11:00:01.586061+00:00,allocation_repayment
18341,924,2000.0,2025-08-03 15:34:49.181116+00:00,2025-09-02 15:34:49.174648+00:00,fully_settled,250.0,1,2250.0,2025-08-29 11:00:44.431222+00:00,allocation_repayment
17855,78,2000.0,2025-08-01 05:54:26.055316+00:00,2025-08-31 05:54:26.051103+00:00,fully_settled,250.0,1,2250.0,2025-08-29 11:01:25.319411+00:00,allocation_repayment
17251,18,2000.0,2025-07-29 15:51:27.931216+00:00,2025-08-28 15:51:27.927486+00:00,fully_settled,250.0,1,2250.0,2025-08-29 11:02:04.932335+00:00,allocation_repayment
16751,4,390.0,2025-07-26 08:10:47.995524+00:00,2025-08-25 08:10:47.989813+00:00,fully_settled,48.75,1,437.75,2025-08-29 11:04:53.992501+00:00,allocation_repayment
17211,4,200.0,2025-07-29 10:56:26.350150+00:00,2025-08-28 10:56:26.340235+00:00,fully_settled,25.0,1,224.0,2025-08-29 11:05:38.479163+00:00,allocation_repayment
18292,4,400.0,2025-08-03 09:57:56.525319+00:00,2025-09-02 09:57:56.519444+00:00,fully_settled,50.0,1,450.0,2025-08-29 11:06:09.039589+00:00,allocation_repayment
19477,4,200.0,2025-08-16 13:17:30.395974+00:00,2025-09-15 13:17:30.392032+00:00,fully_settled,25.0,1,225.0,2025-08-29 11:07:02.578006+00:00,allocation_repayment
19173,4,500.0,2025-08-12 14:28:58.684822+00:00,2025-09-11 14:28:58.677896+00:00,fully_settled,62.5,1,562.5,2025-08-29 11:07:39.644223+00:00,allocation_repayment
20031,4,300.0,2025-08-23 18:06:53.940552+00:00,2025-09-22 18:06:53.934137+00:00,fully_settled,37.5,1,337.5,2025-08-29 11:08:20.290347+00:00,allocation_repayment
20188,7,200.0,2025-08-25 17:18:48.752815+00:00,2025-09-24 17:18:48.749184+00:00,fully_settled,25.0,1,225.0,2025-08-29 11:08:51.900477+00:00,allocation_repayment
19684,24,700.0,2025-08-19 09:22:35.890887+00:00,2025-09-18 09:22:35.885483+00:00,fully_settled,87.5,1,787.5,2025-08-29 11:09:44.133322+00:00,allocation_repayment
16642,930,700.0,2025-07-25 11:21:22.981342+00:00,2025-08-24 11:21:22.976204+00:00,fully_settled,87.5,1,787.5,2025-08-29 11:10:53.449068+00:00,allocation_repayment
16288,930,500.0,2025-07-23 03:55:35.722180+00:00,2025-07-28 00:00:00+00:00,fully_settled,62.5,1,562.5,2025-08-29 11:11:16.021288+00:00,allocation_repayment
16197,930,800.0,2025-07-22 14:53:31.803503+00:00,2025-07-28 00:00:00+00:00,fully_settled,100.0,1,900.0,2025-08-29 11:11:34.369458+00:00,allocation_repayment
5882,88,10000.0,2025-06-09 14:23:39.392147+00:00,2025-06-14 00:00:00+00:00,fully_settled,1850.0,4,11850.0,2025-08-29 11:54:33.008628+00:00,allocation_repayment
5784,88,20000.0,2025-06-05 10:42:07.756137+00:00,2025-06-14 00:00:00+00:00,fully_settled,3700.0,4,17777.5,2025-08-29 11:55:12.969512+00:00,allocation_repayment
5784,88,20000.0,2025-06-05 10:42:07.756137+00:00,2025-06-14 00:00:00+00:00,fully_settled,3700.0,4,5922.5,2025-08-29 11:55:57.648031+00:00,allocation_repayment
18186,51,4000.0,2025-08-02 12:56:04.450605+00:00,2025-09-01 12:56:04.445773+00:00,fully_settled,740.0,4,4740.0,2025-08-29 20:13:48.564158+00:00,allocation_repayment
16196,948,2000.0,2025-07-22 14:38:59.101848+00:00,2025-07-28 00:00:00+00:00,fully_settled,290.0,8,2000.0,2025-08-29 13:29:59.514004+00:00,self_loan_repayment
18153,65,3500.0,2025-08-02 08:11:38.052533+00:00,2025-09-01 08:11:38.047046+00:00,fully_settled,647.5,4,4147.5,2025-08-29 20:14:48.626444+00:00,allocation_repayment
18119,55,10000.0,2025-08-02 06:11:40.448077+00:00,2025-09-01 06:11:40.443616+00:00,fully_settled,1850.0,4,11850.0,2025-08-29 20:16:08.985798+00:00,allocation_repayment
17992,72,11500.0,2025-08-01 14:43:50.593038+00:00,2025-08-31 14:43:50.587078+00:00,fully_settled,2127.5,4,11850.0,2025-08-29 14:51:44.572767+00:00,allocation_repayment
17992,72,11500.0,2025-08-01 14:43:50.593038+00:00,2025-08-31 14:43:50.587078+00:00,fully_settled,2127.5,4,1777.5,2025-08-29 14:52:53.212223+00:00,allocation_repayment
18094,54,12000.0,2025-08-02 00:44:43.614154+00:00,2025-09-01 00:44:43.608870+00:00,fully_settled,2220.0,4,14220.0,2025-08-29 20:16:39.665892+00:00,allocation_repayment
16160,940,10000.0,2025-07-22 09:34:34.812892+00:00,2025-07-28 00:00:00+00:00,fully_settled,1450.0,8,10000.0,2025-08-29 15:15:37.285894+00:00,self_loan_repayment
18067,60,5000.0,2025-08-01 19:21:10.870115+00:00,2025-08-31 19:21:10.863924+00:00,fully_settled,925.0,4,5925.0,2025-08-29 20:17:00.834364+00:00,allocation_repayment
16160,940,10000.0,2025-07-22 09:34:34.812892+00:00,2025-07-28 00:00:00+00:00,fully_settled,1450.0,8,1450.0,2025-08-29 15:19:52.628467+00:00,self_loan_repayment
5577,88,20000.0,2025-06-03 16:12:12.550400+00:00,2025-06-14 00:00:00+00:00,fully_settled,3700.0,4,17775.0,2025-08-29 20:04:08.870809+00:00,allocation_repayment
5577,88,20000.0,2025-06-03 16:12:12.550400+00:00,2025-06-14 00:00:00+00:00,fully_settled,3700.0,4,5925.0,2025-08-29 20:04:42.984503+00:00,allocation_repayment
19343,62,2000.0,2025-08-14 19:21:23.353985+00:00,2025-09-13 19:21:23.349853+00:00,fully_settled,370.0,4,2300.0,2025-08-29 20:09:29.842869+00:00,allocation_repayment
19171,62,6000.0,2025-08-12 13:22:09.226865+00:00,2025-09-11 13:22:09.218575+00:00,fully_settled,1110.0,4,7110.0,2025-08-29 20:09:57.622550+00:00,allocation_repayment
18257,81,2500.0,2025-08-03 06:53:20.503670+00:00,2025-09-02 06:53:20.497664+00:00,fully_settled,462.5,4,2370.0,2025-08-29 20:12:15.566563+00:00,allocation_repayment
18257,81,2500.0,2025-08-03 06:53:20.503670+00:00,2025-09-02 06:53:20.497664+00:00,fully_settled,462.5,4,592.5,2025-08-29 20:12:38.368464+00:00,allocation_repayment
18201,950,4000.0,2025-08-02 15:05:56.750534+00:00,2025-09-01 15:05:56.743941+00:00,fully_settled,740.0,4,4740.0,2025-08-29 20:13:00.777413+00:00,allocation_repayment
18313,67,4000.0,2025-08-03 12:15:15.675290+00:00,2025-09-02 12:15:15.670765+00:00,fully_settled,740.0,4,4740.0,2025-08-29 20:13:18.049508+00:00,allocation_repayment
18034,904,5000.0,2025-08-01 17:05:18.856771+00:00,2025-08-31 17:05:18.848220+00:00,fully_settled,925.0,4,5925.0,2025-08-29 20:17:25.185014+00:00,allocation_repayment
18019,69,15000.0,2025-08-01 16:14:03.269344+00:00,2025-08-31 16:14:03.265397+00:00,fully_settled,2775.0,4,17775.0,2025-08-29 20:19:06.195100+00:00,allocation_repayment
18004,74,7000.0,2025-08-01 15:26:28.110964+00:00,2025-08-31 15:26:28.107459+00:00,fully_settled,1295.0,4,7110.0,2025-08-29 20:19:37.827299+00:00,allocation_repayment
18004,74,7000.0,2025-08-01 15:26:28.110964+00:00,2025-08-31 15:26:28.107459+00:00,fully_settled,1295.0,4,1185.0,2025-08-29 20:20:00.284036+00:00,allocation_repayment
18000,68,2000.0,2025-08-01 15:08:13.445836+00:00,2025-08-31 15:08:13.439917+00:00,fully_settled,370.0,4,2370.0,2025-08-29 20:20:32.632213+00:00,allocation_repayment
17999,946,3500.0,2025-08-01 15:08:03.881075+00:00,2025-08-31 15:08:03.876416+00:00,fully_settled,647.5,4,4147.5,2025-08-29 20:23:03.889500+00:00,allocation_repayment
17818,945,5000.0,2025-08-01 03:30:51.750873+00:00,2025-08-31 03:30:51.745571+00:00,fully_settled,925.0,4,5925.0,2025-08-29 20:23:42.027514+00:00,allocation_repayment
17758,52,4000.0,2025-07-31 17:32:52.142016+00:00,2025-08-30 17:32:52.136493+00:00,fully_settled,740.0,4,4740.0,2025-08-29 20:24:00.519692+00:00,allocation_repayment
17223,56,8000.0,2025-07-29 12:18:23.110028+00:00,2025-08-28 12:18:23.105041+00:00,fully_settled,1480.0,4,9480.0,2025-08-29 20:24:38.511817+00:00,allocation_repayment
17222,47,8500.0,2025-07-29 12:12:46.149373+00:00,2025-08-28 12:12:46.143841+00:00,fully_settled,1572.5,4,10070.5,2025-08-29 20:26:50.635850+00:00,allocation_repayment
16809,358,8000.0,2025-07-26 18:03:29.123206+00:00,2025-08-25 18:03:29.118335+00:00,fully_settled,1480.0,4,9480.0,2025-08-29 20:27:57.987633+00:00,allocation_repayment
16350,65,500.0,2025-07-23 10:04:12.309447+00:00,2025-08-14 00:00:00+00:00,fully_settled,92.5,4,592.5,2025-08-29 20:28:25.025386+00:00,allocation_repayment
16229,73,7500.0,2025-07-22 17:02:59.912825+00:00,2025-08-14 00:00:00+00:00,fully_settled,1387.5,4,8887.5,2025-08-29 20:29:04.428275+00:00,allocation_repayment
15903,73,7500.0,2025-07-20 19:15:57.094838+00:00,2025-08-14 00:00:00+00:00,fully_settled,1387.5,4,8887.5,2025-08-29 20:29:27.599966+00:00,allocation_repayment
15655,63,4000.0,2025-07-19 14:13:13.959607+00:00,2025-08-14 00:00:00+00:00,fully_settled,740.0,4,4740.0,2025-08-29 20:29:45.164467+00:00,allocation_repayment
15613,65,1000.0,2025-07-19 10:24:56.834040+00:00,2025-08-14 00:00:00+00:00,fully_settled,185.0,4,1185.0,2025-08-29 20:30:03.262643+00:00,allocation_repayment
15225,63,8000.0,2025-07-17 17:20:10.651216+00:00,2025-08-14 00:00:00+00:00,fully_settled,1480.0,4,9480.0,2025-08-29 20:30:41.662615+00:00,allocation_repayment
13175,70,500.0,2025-07-12 09:21:00.539657+00:00,2025-07-14 00:00:00+00:00,fully_settled,92.5,4,592.5,2025-08-29 20:31:27.395080+00:00,allocation_repayment
13004,950,4000.0,2025-07-11 14:03:28.080028+00:00,2025-07-14 00:00:00+00:00,fully_settled,740.0,4,4740.0,2025-08-29 20:32:03.514064+00:00,allocation_repayment
12499,81,2000.0,2025-07-10 05:22:19.943735+00:00,2025-07-14 00:00:00+00:00,fully_settled,370.0,4,2370.0,2025-08-29 20:32:38.102204+00:00,allocation_repayment
11562,79,5000.0,2025-07-07 13:36:58.781561+00:00,2025-07-14 00:00:00+00:00,fully_settled,925.0,4,5925.0,2025-08-29 20:33:09.250659+00:00,allocation_repayment
11489,70,410.0,2025-07-07 09:52:54.193787+00:00,2025-07-14 00:00:00+00:00,fully_settled,75.85,4,445.0,2025-08-29 20:34:47.308535+00:00,allocation_repayment
11489,70,410.0,2025-07-07 09:52:54.193787+00:00,2025-07-14 00:00:00+00:00,fully_settled,75.85,4,40.85,2025-08-29 20:35:14.761099+00:00,allocation_repayment
11431,70,500.0,2025-07-07 07:06:45.480480+00:00,2025-07-14 00:00:00+00:00,fully_settled,92.5,4,592.5,2025-08-29 20:36:04.408641+00:00,allocation_repayment
11427,70,1000.0,2025-07-07 07:02:07.957817+00:00,2025-07-14 00:00:00+00:00,fully_settled,185.0,4,1185.0,2025-08-29 20:36:29.947595+00:00,allocation_repayment
11328,946,1000.0,2025-07-06 19:50:13.709224+00:00,2025-07-14 00:00:00+00:00,fully_settled,185.0,4,1185.0,2025-08-29 20:37:01.482363+00:00,allocation_repayment
11178,946,3000.0,2025-07-06 12:14:32.312047+00:00,2025-07-14 00:00:00+00:00,fully_settled,555.0,4,3555.0,2025-08-29 20:37:30.609445+00:00,allocation_repayment
11144,67,4000.0,2025-07-06 10:30:53.245303+00:00,2025-07-14 00:00:00+00:00,fully_settled,740.0,4,4740.0,2025-08-29 20:37:45.895116+00:00,allocation_repayment
10942,65,500.0,2025-07-05 17:59:37.640548+00:00,2025-07-14 00:00:00+00:00,fully_settled,92.5,4,592.5,2025-08-29 20:38:04.972403+00:00,allocation_repayment
10837,62,4000.0,2025-07-05 13:53:47.566319+00:00,2025-07-14 00:00:00+00:00,fully_settled,740.0,4,4740.0,2025-08-29 20:38:47.503536+00:00,allocation_repayment
10649,68,2000.0,2025-07-05 07:20:37.044487+00:00,2025-07-14 00:00:00+00:00,fully_settled,370.0,4,2370.0,2025-08-29 20:39:25.103202+00:00,allocation_repayment
10647,69,5000.0,2025-07-05 07:17:26.757521+00:00,2025-07-14 00:00:00+00:00,fully_settled,925.0,4,5925.0,2025-08-29 20:40:05.656676+00:00,allocation_repayment
10640,62,2000.0,2025-07-05 07:06:17.049792+00:00,2025-07-14 00:00:00+00:00,fully_settled,370.0,4,2370.0,2025-08-29 20:40:54.066995+00:00,allocation_repayment
10375,62,6000.0,2025-07-04 15:21:52.881347+00:00,2025-07-14 00:00:00+00:00,fully_settled,1110.0,4,7110.0,2025-08-29 20:45:39.719883+00:00,allocation_repayment
9986,55,10000.0,2025-07-04 05:11:01.061619+00:00,2025-07-14 00:00:00+00:00,fully_settled,1850.0,4,8887.5,2025-08-29 20:46:49.547579+00:00,allocation_repayment
9986,55,10000.0,2025-07-04 05:11:01.061619+00:00,2025-07-14 00:00:00+00:00,fully_settled,1850.0,4,2133.0,2025-08-29 20:52:27.176446+00:00,allocation_repayment
9986,55,10000.0,2025-07-04 05:11:01.061619+00:00,2025-07-14 00:00:00+00:00,fully_settled,1850.0,4,592.5,2025-08-29 20:54:35.017656+00:00,allocation_repayment
9986,55,10000.0,2025-07-04 05:11:01.061619+00:00,2025-07-14 00:00:00+00:00,fully_settled,1850.0,4,237.0,2025-08-29 20:54:56.431095+00:00,allocation_repayment
9985,68,5000.0,2025-07-04 05:06:02.752091+00:00,2025-07-14 00:00:00+00:00,fully_settled,925.0,4,5925.0,2025-08-29 20:55:19.729865+00:00,allocation_repayment
9967,75,2000.0,2025-07-04 04:18:20.820747+00:00,2025-07-14 00:00:00+00:00,fully_settled,370.0,4,2370.0,2025-08-29 20:55:43.251363+00:00,allocation_repayment
9921,69,10000.0,2025-07-03 21:13:04.244191+00:00,2025-07-14 00:00:00+00:00,fully_settled,1850.0,4,9480.0,2025-08-29 20:57:11.906410+00:00,allocation_repayment
9921,69,10000.0,2025-07-03 21:13:04.244191+00:00,2025-07-14 00:00:00+00:00,fully_settled,1850.0,4,2370.0,2025-08-29 20:57:54.728944+00:00,allocation_repayment
9919,65,3500.0,2025-07-03 21:09:03.427585+00:00,2025-07-14 00:00:00+00:00,fully_settled,647.5,4,4147.5,2025-08-29 20:59:01.459442+00:00,allocation_repayment
9842,808,4000.0,2025-07-03 19:04:46.178468+00:00,2025-07-14 00:00:00+00:00,fully_settled,740.0,4,4740.0,2025-08-29 20:59:32.931123+00:00,allocation_repayment
9752,74,7000.0,2025-07-03 16:51:06.255283+00:00,2025-07-14 00:00:00+00:00,fully_settled,1295.0,4,8295.0,2025-08-29 20:59:58.789943+00:00,allocation_repayment
9734,54,12000.0,2025-07-03 16:29:36.945765+00:00,2025-07-14 00:00:00+00:00,fully_settled,2220.0,4,14200.0,2025-08-29 21:00:25.011496+00:00,allocation_repayment
9734,54,12000.0,2025-07-03 16:29:36.945765+00:00,2025-07-14 00:00:00+00:00,fully_settled,2220.0,4,20.0,2025-08-29 21:00:55.869985+00:00,allocation_repayment
9683,60,5000.0,2025-07-03 15:37:38.782053+00:00,2025-07-14 00:00:00+00:00,fully_settled,925.0,3,5925.0,2025-08-29 21:01:43.236052+00:00,allocation_repayment
8497,67,3000.0,2025-07-02 15:26:42.371230+00:00,2025-07-14 00:00:00+00:00,fully_settled,555.0,3,3555.0,2025-08-29 21:02:02.165912+00:00,allocation_repayment
7641,945,3000.0,2025-07-02 09:58:03.574943+00:00,2025-07-14 00:00:00+00:00,fully_settled,555.0,3,3555.0,2025-08-29 21:02:15.754962+00:00,allocation_repayment
6045,904,1000.0,2025-06-30 13:51:01.821083+00:00,2025-07-14 00:00:00+00:00,fully_settled,185.0,4,1185.0,2025-08-29 21:02:41.196457+00:00,allocation_repayment
6044,808,4000.0,2025-06-30 13:48:37.132813+00:00,2025-07-14 00:00:00+00:00,fully_settled,740.0,4,4740.0,2025-08-29 21:03:05.702319+00:00,allocation_repayment
6043,51,4000.0,2025-06-30 13:26:42.933620+00:00,2025-07-14 00:00:00+00:00,fully_settled,740.0,4,4740.0,2025-08-29 21:03:20.752481+00:00,allocation_repayment
6009,72,7500.0,2025-06-27 07:24:34.077615+00:00,2025-07-14 00:00:00+00:00,fully_settled,1387.5,4,8887.5,2025-08-29 21:03:50.664498+00:00,allocation_repayment
5999,64,1800.0,2025-06-26 08:26:37.266421+00:00,2025-07-14 00:00:00+00:00,fully_settled,333.0,4,2133.0,2025-08-29 21:04:04.338049+00:00,allocation_repayment
5994,52,4000.0,2025-06-25 07:40:38.354152+00:00,2025-07-14 00:00:00+00:00,fully_settled,740.0,4,4740.0,2025-08-29 21:04:22.368593+00:00,allocation_repayment
5976,87,2000.0,2025-06-22 10:14:23.455185+00:00,2025-07-14 00:00:00+00:00,fully_settled,370.0,4,2370.0,2025-08-29 21:04:53.772312+00:00,allocation_repayment
5972,904,4000.0,2025-06-21 15:42:44.920751+00:00,2025-07-14 00:00:00+00:00,fully_settled,740.0,4,4740.0,2025-08-29 21:05:22.556446+00:00,allocation_repayment
5971,70,500.0,2025-06-21 09:33:38.693725+00:00,2025-07-14 00:00:00+00:00,fully_settled,92.5,4,592.5,2025-08-29 21:05:42.501709+00:00,allocation_repayment
5962,66,3000.0,2025-06-20 18:29:40.945116+00:00,2025-07-14 00:00:00+00:00,fully_settled,555.0,4,3555.0,2025-08-29 21:06:45.351519+00:00,allocation_repayment
19343,62,2000.0,2025-08-14 19:21:23.353985+00:00,2025-09-13 19:21:23.349853+00:00,fully_settled,370.0,4,70.0,2025-08-29 21:07:43.329300+00:00,allocation_repayment
19160,70,200.0,2025-08-12 10:24:59.314216+00:00,2025-09-11 10:24:59.305009+00:00,fully_settled,37.0,4,237.0,2025-08-29 21:08:17.453903+00:00,allocation_repayment
18929,65,500.0,2025-08-09 10:39:57.476758+00:00,2025-09-08 10:39:57.470911+00:00,fully_settled,92.5,4,592.5,2025-08-29 21:08:54.141835+00:00,allocation_repayment
18532,70,500.0,2025-08-05 12:21:52.124869+00:00,2025-09-04 12:21:52.120975+00:00,fully_settled,92.5,4,592.5,2025-08-29 21:09:37.133112+00:00,allocation_repayment
18852,70,450.0,2025-08-08 14:38:42.022689+00:00,2025-09-07 14:38:42.017508+00:00,fully_settled,83.25,4,533.25,2025-08-29 21:10:10.338088+00:00,allocation_repayment
18342,946,150.0,2025-08-03 15:35:40.279319+00:00,2025-09-02 15:35:40.274810+00:00,fully_settled,27.75,4,177.75,2025-08-29 21:11:35.467572+00:00,allocation_repayment
18116,70,1000.0,2025-08-02 06:03:42.496419+00:00,2025-09-01 06:03:42.491977+00:00,fully_settled,185.0,4,1185.0,2025-08-29 21:12:04.685344+00:00,allocation_repayment
18197,946,300.0,2025-08-02 14:13:13.770634+00:00,2025-09-01 14:13:13.765573+00:00,fully_settled,55.5,4,355.0,2025-08-29 21:12:51.627912+00:00,allocation_repayment
18197,946,300.0,2025-08-02 14:13:13.770634+00:00,2025-09-01 14:13:13.765573+00:00,fully_settled,55.5,4,0.5,2025-08-29 21:15:49.740035+00:00,allocation_repayment
18332,65,500.0,2025-08-03 15:08:06.234389+00:00,2025-09-02 15:08:06.230508+00:00,fully_settled,92.5,4,592.5,2025-08-29 21:16:19.313927+00:00,allocation_repayment
19329,808,1100.0,2025-08-14 18:03:32.027797+00:00,2025-09-13 18:03:32.020608+00:00,fully_settled,203.5,4,1303.0,2025-08-29 21:17:10.489786+00:00,allocation_repayment
19329,808,1100.0,2025-08-14 18:03:32.027797+00:00,2025-09-13 18:03:32.020608+00:00,fully_settled,203.5,4,0.5,2025-08-29 21:17:27.227689+00:00,allocation_repayment
19326,808,10000.0,2025-08-14 17:45:31.336401+00:00,2025-09-13 17:45:31.326307+00:00,fully_settled,1850.0,4,11850.0,2025-08-29 21:19:11.755960+00:00,allocation_repayment
20277,982,6000.0,2025-08-26 15:57:43.281926+00:00,2025-09-25 15:57:43.277022+00:00,fully_settled,870.0,8,170.0,2025-08-31 06:23:17.678389+00:00,self_loan_repayment
20023,989,2000.0,2025-08-23 16:23:12.018025+00:00,2025-09-22 16:23:12.012364+00:00,fully_settled,290.0,8,90.0,2025-09-04 18:13:18.238796+00:00,self_loan_repayment
16524,974,5000.0,2025-07-24 14:49:19.185723+00:00,2025-08-23 14:49:19.180279+00:00,fully_settled,925.0,16,375.0,2025-08-31 11:46:42.623764+00:00,self_loan_repayment
19175,889,1500.0,2025-08-12 17:22:14.938402+00:00,2025-09-11 17:22:14.934840+00:00,fully_settled,187.5,10,1687.5,2025-09-02 17:56:46.622998+00:00,self_loan_repayment
19428,888,325.0,2025-08-15 19:49:34.088884+00:00,2025-09-14 19:49:34.084756+00:00,overdue,40.625,10,0.62,2025-09-01 04:40:00.721347+00:00,self_loan_repayment
20023,989,2000.0,2025-08-23 16:23:12.018025+00:00,2025-09-22 16:23:12.012364+00:00,fully_settled,290.0,8,120.0,2025-09-01 08:49:36.970064+00:00,self_loan_repayment
17121,976,1200.0,2025-07-28 19:02:21.268152+00:00,2025-08-27 19:02:21.264123+00:00,fully_settled,222.0,16,222.0,2025-09-04 05:04:59.977262+00:00,self_loan_repayment
20023,989,2000.0,2025-08-23 16:23:12.018025+00:00,2025-09-22 16:23:12.012364+00:00,fully_settled,290.0,8,110.0,2025-09-01 17:50:17.870909+00:00,self_loan_repayment
18837,889,600.0,2025-08-08 11:39:53.174518+00:00,2025-09-07 11:39:53.170841+00:00,fully_settled,75.0,10,675.0,2025-09-02 17:59:19.942470+00:00,self_loan_repayment
16524,974,5000.0,2025-07-24 14:49:19.185723+00:00,2025-08-23 14:49:19.180279+00:00,fully_settled,925.0,16,2450.0,2025-09-01 19:45:17.088148+00:00,self_loan_repayment
18818,976,300.0,2025-08-08 07:30:50.772892+00:00,2025-09-07 07:30:50.766108+00:00,fully_settled,55.5,16,355.5,2025-09-01 19:51:23.340637+00:00,self_loan_repayment
17121,976,1200.0,2025-07-28 19:02:21.268152+00:00,2025-08-27 19:02:21.264123+00:00,fully_settled,222.0,16,1100.0,2025-09-01 19:54:48.761310+00:00,self_loan_repayment
17888,889,4000.0,2025-08-01 07:54:47.318958+00:00,2025-08-31 07:54:47.315026+00:00,fully_settled,500.0,10,3000.0,2025-09-02 18:06:07.061051+00:00,self_loan_repayment
20277,982,6000.0,2025-08-26 15:57:43.281926+00:00,2025-09-25 15:57:43.277022+00:00,fully_settled,870.0,8,220.0,2025-09-02 08:01:47.060155+00:00,self_loan_repayment
20087,968,600.0,2025-08-24 14:46:07.540590+00:00,2025-09-23 14:46:07.535942+00:00,fully_settled,111.0,14,711.0,2025-09-02 13:31:52.472531+00:00,self_loan_repayment
19616,975,5000.0,2025-08-18 11:46:45.509454+00:00,2025-09-17 11:46:45.503547+00:00,fully_settled,925.0,16,5925.0,2025-09-04 09:26:14.905319+00:00,self_loan_repayment
19738,889,2000.0,2025-08-20 10:54:37.105856+00:00,2025-09-19 10:54:37.099498+00:00,fully_settled,250.0,10,2250.0,2025-09-02 17:50:45.336587+00:00,self_loan_repayment
198,5,1200.0,2024-12-06 13:22:55.128018+00:00,2024-12-28 00:00:00+00:00,fully_settled,150.0,1,150.0,2025-09-04 14:20:52.844795+00:00,allocation_repayment
20023,989,2000.0,2025-08-23 16:23:12.018025+00:00,2025-09-22 16:23:12.012364+00:00,fully_settled,290.0,8,120.0,2025-09-03 16:01:36.216995+00:00,self_loan_repayment
99,5,100.0,2024-12-02 10:53:36.013296+00:00,2024-12-28 00:00:00+00:00,fully_settled,12.5,1,112.5,2025-09-04 14:21:13.915589+00:00,allocation_repayment
20187,16,1000.0,2025-08-25 17:04:40.088046+00:00,2025-09-24 17:04:40.084683+00:00,fully_settled,125.0,1,1125.0,2025-09-04 08:44:53.913710+00:00,self_loan_repayment
193,16,2000.0,2024-12-06 07:46:50.759606+00:00,2024-12-28 00:00:00+00:00,fully_settled,250.0,1,499.2,2025-09-04 09:01:09.638356+00:00,allocation_repayment
23,5,500.0,2024-11-23 08:11:17.139882+00:00,2024-11-28 00:00:00+00:00,fully_settled,62.5,1,562.5,2025-09-04 14:21:36.921583+00:00,allocation_repayment
6,5,200.0,2024-11-20 19:08:13.897066+00:00,2024-11-28 00:00:00+00:00,fully_settled,25.0,1,225.0,2025-09-04 14:21:55.091939+00:00,allocation_repayment
17121,976,1200.0,2025-07-28 19:02:21.268152+00:00,2025-08-27 19:02:21.264123+00:00,fully_settled,222.0,16,100.0,2025-09-04 20:47:55.538593+00:00,self_loan_repayment
4047,846,800.0,2025-04-13 10:26:40.271006+00:00,2025-04-28 00:00:00+00:00,fully_settled,148.0,4,948.0,2025-09-05 14:39:17.920625+00:00,self_loan_repayment
5243,846,600.0,2025-05-19 16:40:21.487595+00:00,2025-05-28 00:00:00+00:00,fully_settled,111.0,4,711.0,2025-09-05 14:40:35.508165+00:00,self_loan_repayment
5212,846,350.0,2025-05-15 09:50:57.063772+00:00,2025-05-28 00:00:00+00:00,fully_settled,64.75,4,414.75,2025-09-05 15:56:52.254228+00:00,self_loan_repayment
5203,846,200.0,2025-05-14 05:25:14.741361+00:00,2025-05-28 00:00:00+00:00,fully_settled,37.0,4,237.0,2025-09-05 15:58:38.148033+00:00,self_loan_repayment
20023,989,2000.0,2025-08-23 16:23:12.018025+00:00,2025-09-22 16:23:12.012364+00:00,fully_settled,290.0,8,100.0,2025-09-05 21:04:24.488116+00:00,self_loan_repayment
18955,888,1000.0,2025-08-09 16:02:19.781183+00:00,2025-09-08 16:02:19.776041+00:00,fully_settled,125.0,10,625.0,2025-09-06 10:11:04.428314+00:00,self_loan_repayment
4115,212,2000.0,2025-04-15 16:58:19.543439+00:00,2025-04-28 00:00:00+00:00,fully_settled,370.0,4,1500.0,2025-09-06 10:21:29.359850+00:00,self_loan_repayment
21219,68,2000.0,2025-09-05 16:55:31.547199+00:00,2025-10-05 16:55:31.540141+00:00,fully_settled,370.0,4,2370.0,2025-09-10 16:54:01.798491+00:00,self_loan_repayment
18826,976,3500.0,2025-08-08 08:18:13.279310+00:00,2025-09-07 08:18:13.273793+00:00,fully_settled,647.5,16,50.0,2025-09-06 10:47:03.058992+00:00,self_loan_repayment
20023,989,2000.0,2025-08-23 16:23:12.018025+00:00,2025-09-22 16:23:12.012364+00:00,fully_settled,290.0,8,120.0,2025-09-06 13:29:10.378537+00:00,self_loan_repayment
20023,989,2000.0,2025-08-23 16:23:12.018025+00:00,2025-09-22 16:23:12.012364+00:00,fully_settled,290.0,8,380.0,2025-09-06 21:09:29.075669+00:00,self_loan_repayment
20277,982,6000.0,2025-08-26 15:57:43.281926+00:00,2025-09-25 15:57:43.277022+00:00,fully_settled,870.0,8,200.0,2025-09-12 08:09:03.620086+00:00,self_loan_repayment
1400,387,1000.0,2025-03-15 05:41:27.802597+00:00,2025-03-28 00:00:00+00:00,overdue,185.0,4,50.0,2025-09-06 22:14:26.666226+00:00,self_loan_repayment
21907,989,4000.0,2025-09-10 09:41:44.349948+00:00,2025-10-10 09:41:44.345665+00:00,fully_settled,580.0,8,50.0,2025-09-10 19:12:05.760911+00:00,self_loan_repayment
20277,982,6000.0,2025-08-26 15:57:43.281926+00:00,2025-09-25 15:57:43.277022+00:00,fully_settled,870.0,8,200.0,2025-09-07 07:20:07.163916+00:00,self_loan_repayment
20277,982,6000.0,2025-08-26 15:57:43.281926+00:00,2025-09-25 15:57:43.277022+00:00,fully_settled,870.0,8,500.0,2025-09-08 08:39:51.276290+00:00,self_loan_repayment
250,78,500.0,2024-12-30 05:11:30.688373+00:00,2025-01-28 00:00:00+00:00,fully_settled,62.5,1,562.5,2025-09-08 13:40:06.036093+00:00,allocation_repayment
204,78,1500.0,2024-12-09 13:59:21.809632+00:00,2024-12-28 00:00:00+00:00,fully_settled,187.5,1,518.5,2025-09-08 13:41:37.881347+00:00,allocation_repayment
204,78,1500.0,2024-12-09 13:59:21.809632+00:00,2024-12-28 00:00:00+00:00,fully_settled,187.5,1,168.0,2025-09-08 13:42:00.084210+00:00,allocation_repayment
204,78,1500.0,2024-12-09 13:59:21.809632+00:00,2024-12-28 00:00:00+00:00,fully_settled,187.5,1,1.0,2025-09-08 13:42:14.418886+00:00,allocation_repayment
905,287,950.0,2025-03-01 10:42:24.851618+00:00,2025-03-28 00:00:00+00:00,fully_settled,118.75,1,1.0,2025-09-11 07:25:21.148658+00:00,allocation_repayment
20277,982,6000.0,2025-08-26 15:57:43.281926+00:00,2025-09-25 15:57:43.277022+00:00,fully_settled,870.0,8,200.0,2025-09-09 06:23:15.782872+00:00,self_loan_repayment
1413,19,2000.0,2025-03-15 06:44:45.079939+00:00,2025-03-28 00:00:00+00:00,fully_settled,250.0,1,2250.0,2025-09-09 12:30:42.299813+00:00,allocation_repayment
18826,976,3500.0,2025-08-08 08:18:13.279310+00:00,2025-09-07 08:18:13.273793+00:00,fully_settled,647.5,16,800.0,2025-09-09 11:54:07.146955+00:00,self_loan_repayment
1413,19,2000.0,2025-03-15 06:44:45.079939+00:00,2025-03-28 00:00:00+00:00,fully_settled,250.0,1,2250.0,2025-09-09 12:31:43.407083+00:00,allocation_repayment
20277,982,6000.0,2025-08-26 15:57:43.281926+00:00,2025-09-25 15:57:43.277022+00:00,fully_settled,870.0,8,180.0,2025-09-09 20:17:05.761837+00:00,self_loan_repayment
905,287,950.0,2025-03-01 10:42:24.851618+00:00,2025-03-28 00:00:00+00:00,fully_settled,118.75,1,1068.75,2025-09-09 12:32:41.688455+00:00,allocation_repayment
21393,976,1500.0,2025-09-06 18:15:56.898863+00:00,2025-10-06 18:15:56.892885+00:00,fully_settled,277.5,16,1000.0,2025-09-10 11:33:00.543411+00:00,self_loan_repayment
856,287,1200.0,2025-02-25 08:50:58.877307+00:00,2025-02-28 00:00:00+00:00,fully_settled,150.0,1,1000.0,2025-09-11 07:31:20.043608+00:00,allocation_repayment
856,287,1200.0,2025-02-25 08:50:58.877307+00:00,2025-02-28 00:00:00+00:00,fully_settled,150.0,1,350.0,2025-09-11 07:31:50.902703+00:00,allocation_repayment
596,287,1200.0,2025-02-15 11:46:47.524566+00:00,2025-02-28 00:00:00+00:00,fully_settled,150.0,1,1350.0,2025-09-11 07:32:44.804080+00:00,allocation_repayment
589,287,600.0,2025-02-14 13:19:30.443140+00:00,2025-02-28 00:00:00+00:00,fully_settled,75.0,1,675.0,2025-09-11 07:33:56.658287+00:00,allocation_repayment
18162,881,6000.0,2025-08-02 09:40:20.186150+00:00,2025-09-01 09:40:20.182257+00:00,fully_settled,750.0,10,6750.0,2025-09-11 11:26:40.412932+00:00,self_loan_repayment
19492,881,5000.0,2025-08-16 16:28:09.486278+00:00,2025-09-15 16:28:09.479950+00:00,fully_settled,625.0,10,5625.0,2025-09-11 11:20:42.076264+00:00,self_loan_repayment
6050,881,1000.0,2025-07-01 07:31:13.125226+00:00,2025-07-28 00:00:00+00:00,fully_settled,125.0,10,1125.0,2025-09-11 11:24:20.230943+00:00,self_loan_repayment
21907,989,4000.0,2025-09-10 09:41:44.349948+00:00,2025-10-10 09:41:44.345665+00:00,fully_settled,580.0,8,300.0,2025-09-11 20:39:45.076679+00:00,self_loan_repayment
20277,982,6000.0,2025-08-26 15:57:43.281926+00:00,2025-09-25 15:57:43.277022+00:00,fully_settled,870.0,8,200.0,2025-09-11 12:27:28.729488+00:00,self_loan_repayment
21127,68,2000.0,2025-09-05 05:11:09.648563+00:00,2025-10-05 05:11:09.641324+00:00,fully_settled,370.0,4,2370.0,2025-09-11 14:14:49.516744+00:00,self_loan_repayment
27,42,2000.0,2024-11-25 14:06:36.817676+00:00,2024-11-28 00:00:00+00:00,fully_settled,250.0,1,2250.0,2025-09-12 11:03:33.603478+00:00,allocation_repayment
20666,946,3700.0,2025-08-29 21:24:12.186469+00:00,2025-09-28 21:24:12.179833+00:00,fully_settled,684.5,4,2000.0,2025-09-11 19:22:07.471859+00:00,self_loan_repayment
21907,989,4000.0,2025-09-10 09:41:44.349948+00:00,2025-10-10 09:41:44.345665+00:00,fully_settled,580.0,8,300.0,2025-09-12 08:04:58.508097+00:00,self_loan_repayment
1122,157,1700.0,2025-03-09 08:48:37.771894+00:00,2025-03-28 00:00:00+00:00,overdue,314.5,4,12.0,2025-09-12 11:29:26.442052+00:00,self_loan_repayment
12,9,2000.0,2024-11-21 11:51:31.003945+00:00,2024-11-28 00:00:00+00:00,fully_settled,250.0,1,2250.0,2025-09-13 07:04:32.197591+00:00,allocation_repayment
20947,68,2000.0,2025-09-02 06:18:23.520700+00:00,2025-10-02 06:18:23.515171+00:00,fully_settled,370.0,4,2370.0,2025-09-13 08:54:07.068207+00:00,self_loan_repayment
21907,989,4000.0,2025-09-10 09:41:44.349948+00:00,2025-10-10 09:41:44.345665+00:00,fully_settled,580.0,8,300.0,2025-09-13 16:41:02.237583+00:00,self_loan_repayment
20711,68,2000.0,2025-08-30 10:15:01.691780+00:00,2025-09-29 10:15:01.686494+00:00,overdue,370.0,4,750.0,2025-09-15 12:41:07.062190+00:00,self_loan_repayment
403,96,2000.0,2025-01-25 11:11:59.196276+00:00,2025-01-28 00:00:00+00:00,fully_settled,250.0,1,2250.0,2025-09-16 10:27:49.875834+00:00,allocation_repayment
5955,897,375.0,2025-06-19 11:24:57.653582+00:00,2025-06-28 00:00:00+00:00,fully_settled,46.875,10,40.0,2025-09-22 08:02:58.634218+00:00,self_loan_repayment
48820,96,2000.0,2025-09-16 13:48:32.512851+00:00,2025-10-16 13:48:32.505300+00:00,fully_settled,250.0,1,1500.0,2025-09-16 16:22:28.670519+00:00,self_loan_repayment
21907,989,4000.0,2025-09-10 09:41:44.349948+00:00,2025-10-10 09:41:44.345665+00:00,fully_settled,580.0,8,430.0,2025-09-16 20:53:34.461589+00:00,self_loan_repayment
23946,982,2000.0,2025-09-12 08:42:57.117397+00:00,2025-10-12 08:42:57.111593+00:00,fully_settled,290.0,8,200.0,2025-09-17 06:49:51.503206+00:00,self_loan_repayment
20277,982,6000.0,2025-08-26 15:57:43.281926+00:00,2025-09-25 15:57:43.277022+00:00,fully_settled,870.0,8,150.0,2025-09-20 11:16:51.582478+00:00,self_loan_repayment
21907,989,4000.0,2025-09-10 09:41:44.349948+00:00,2025-10-10 09:41:44.345665+00:00,fully_settled,580.0,8,210.0,2025-09-17 12:03:30.416725+00:00,self_loan_repayment
20322,974,3000.0,2025-08-27 06:57:23.507062+00:00,2025-09-26 06:57:23.500979+00:00,fully_settled,555.0,16,3555.0,2025-09-18 14:04:42.237415+00:00,self_loan_repayment
21036,974,5000.0,2025-09-03 09:54:56.105830+00:00,2025-10-03 09:54:56.101721+00:00,fully_settled,925.0,16,5925.0,2025-09-18 14:29:11.127481+00:00,self_loan_repayment
19873,886,10000.0,2025-08-22 05:24:57.088394+00:00,2025-09-21 05:24:57.083232+00:00,fully_settled,1250.0,10,10000.0,2025-09-19 15:14:47.740066+00:00,self_loan_repayment
21268,975,5000.0,2025-09-06 06:08:43.893064+00:00,2025-10-06 06:08:43.885895+00:00,fully_settled,925.0,16,5925.0,2025-09-18 14:33:19.562090+00:00,self_loan_repayment
20572,974,2000.0,2025-08-29 18:44:17.423290+00:00,2025-09-28 18:44:17.419013+00:00,fully_settled,370.0,16,2370.0,2025-09-18 14:34:13.627977+00:00,self_loan_repayment
20717,808,15000.0,2025-08-30 11:07:52.905224+00:00,2025-09-29 11:07:52.899658+00:00,fully_settled,2775.0,4,2.0,2025-09-18 23:15:48.701185+00:00,allocation_repayment
20717,808,15000.0,2025-08-30 11:07:52.905224+00:00,2025-09-29 11:07:52.899658+00:00,fully_settled,2775.0,4,14220.0,2025-09-18 23:16:15.543014+00:00,allocation_repayment
20896,808,5000.0,2025-09-01 16:00:48.536643+00:00,2025-10-01 16:00:48.530273+00:00,fully_settled,925.0,4,5925.0,2025-09-18 23:16:59.773113+00:00,allocation_repayment
20717,808,15000.0,2025-08-30 11:07:52.905224+00:00,2025-09-29 11:07:52.899658+00:00,fully_settled,2775.0,4,3553.0,2025-09-18 23:18:17.897920+00:00,allocation_repayment
20277,982,6000.0,2025-08-26 15:57:43.281926+00:00,2025-09-25 15:57:43.277022+00:00,fully_settled,870.0,8,200.0,2025-09-21 14:33:18.328600+00:00,self_loan_repayment
19873,886,10000.0,2025-08-22 05:24:57.088394+00:00,2025-09-21 05:24:57.083232+00:00,fully_settled,1250.0,10,1250.0,2025-09-19 15:16:26.364426+00:00,self_loan_repayment
20277,982,6000.0,2025-08-26 15:57:43.281926+00:00,2025-09-25 15:57:43.277022+00:00,fully_settled,870.0,8,50.0,2025-09-20 13:22:19.452765+00:00,self_loan_repayment
20024,893,5000.0,2025-08-23 16:41:41.347595+00:00,2025-09-22 16:41:41.342592+00:00,fully_settled,625.0,10,5625.0,2025-09-19 16:39:40.906850+00:00,self_loan_repayment
20290,19,2000.0,2025-08-26 18:32:42.452892+00:00,2025-09-25 18:32:42.449241+00:00,fully_settled,250.0,1,2000.0,2025-09-19 18:56:23.538364+00:00,self_loan_repayment
20023,989,2000.0,2025-08-23 16:23:12.018025+00:00,2025-09-22 16:23:12.012364+00:00,fully_settled,290.0,8,275.0,2025-09-20 07:20:38.890690+00:00,self_loan_repayment
20023,989,2000.0,2025-08-23 16:23:12.018025+00:00,2025-09-22 16:23:12.012364+00:00,fully_settled,290.0,8,200.0,2025-09-20 22:05:30.961775+00:00,self_loan_repayment
20415,896,2200.0,2025-08-28 07:22:19.447404+00:00,2025-09-27 07:22:19.441080+00:00,fully_settled,275.0,10,2000.0,2025-09-21 09:34:40.525505+00:00,self_loan_repayment
20023,989,2000.0,2025-08-23 16:23:12.018025+00:00,2025-09-22 16:23:12.012364+00:00,fully_settled,290.0,8,300.0,2025-09-22 07:53:57.989943+00:00,self_loan_repayment
20415,896,2200.0,2025-08-28 07:22:19.447404+00:00,2025-09-27 07:22:19.441080+00:00,fully_settled,275.0,10,475.0,2025-09-21 09:40:22.905120+00:00,self_loan_repayment
21907,989,4000.0,2025-09-10 09:41:44.349948+00:00,2025-10-10 09:41:44.345665+00:00,fully_settled,580.0,8,500.0,2025-09-22 08:07:18.851132+00:00,self_loan_repayment
11781,897,400.0,2025-07-08 07:59:10.662233+00:00,2025-07-28 00:00:00+00:00,fully_settled,50.0,10,200.0,2025-09-22 07:59:18.709461+00:00,self_loan_repayment
23745,989,3000.0,2025-09-12 08:28:28.249772+00:00,2025-10-12 08:28:28.244877+00:00,fully_settled,435.0,8,500.0,2025-09-22 08:03:32.974180+00:00,self_loan_repayment
5820,892,2300.0,2025-06-06 07:08:44.576077+00:00,2025-06-28 00:00:00+00:00,fully_settled,287.5,10,1087.5,2025-09-22 11:00:27.232078+00:00,self_loan_repayment
20277,982,6000.0,2025-08-26 15:57:43.281926+00:00,2025-09-25 15:57:43.277022+00:00,fully_settled,870.0,8,600.0,2025-09-22 16:52:23.547779+00:00,self_loan_repayment
5977,23,30.0,2025-06-22 14:55:49.991184+00:00,2025-06-28 00:00:00+00:00,fully_settled,3.75,1,30.75,2025-09-23 04:43:13.833129+00:00,self_loan_repayment
6027,23,20.0,2025-06-28 09:43:34.157976+00:00,2025-07-28 00:00:00+00:00,fully_settled,2.5,1,22.5,2025-09-23 07:23:42.096192+00:00,self_loan_repayment
20277,982,6000.0,2025-08-26 15:57:43.281926+00:00,2025-09-25 15:57:43.277022+00:00,fully_settled,870.0,8,250.0,2025-09-23 08:38:23.019666+00:00,self_loan_repayment
20277,982,6000.0,2025-08-26 15:57:43.281926+00:00,2025-09-25 15:57:43.277022+00:00,fully_settled,870.0,8,50.0,2025-09-23 09:09:05.445400+00:00,self_loan_repayment
20375,97,1000.0,2025-08-27 16:12:33.839967+00:00,2025-09-26 16:12:33.834333+00:00,fully_settled,125.0,1,1125.0,2025-09-23 10:10:48.285036+00:00,self_loan_repayment
21958,889,2500.0,2025-09-10 17:17:19.478731+00:00,2025-10-10 17:17:19.473103+00:00,fully_settled,312.5,10,2812.5,2025-09-23 10:29:16.497799+00:00,self_loan_repayment
10870,902,1000.0,2025-07-05 15:25:12.861645+00:00,2025-07-28 00:00:00+00:00,fully_settled,125.0,10,425.0,2025-09-24 11:12:52.906403+00:00,self_loan_repayment
34791,889,1000.0,2025-09-13 07:12:29.393329+00:00,2025-10-13 07:12:29.386219+00:00,fully_settled,125.0,10,1125.0,2025-09-23 10:38:20.356115+00:00,self_loan_repayment
43142,889,1000.0,2025-09-14 16:18:00.807790+00:00,2025-10-14 16:18:00.803201+00:00,fully_settled,125.0,10,1125.0,2025-09-23 10:46:51.789750+00:00,self_loan_repayment
20147,944,4000.0,2025-08-25 09:58:19.643640+00:00,2025-09-24 09:58:19.638443+00:00,fully_settled,580.0,8,4580.0,2025-09-24 16:06:15.079475+00:00,self_loan_repayment
43176,889,1000.0,2025-09-14 16:22:48.473552+00:00,2025-10-14 16:22:48.468895+00:00,fully_settled,125.0,10,1125.0,2025-09-23 10:52:18.418453+00:00,self_loan_repayment
18264,902,500.0,2025-08-03 07:24:40.010321+00:00,2025-09-02 07:24:40.004457+00:00,fully_settled,62.5,10,562.5,2025-09-24 11:14:46.221826+00:00,self_loan_repayment
51301,889,500.0,2025-09-17 09:16:02.110213+00:00,2025-10-17 09:16:02.105689+00:00,fully_settled,62.5,10,562.5,2025-09-23 11:02:22.501137+00:00,self_loan_repayment
48196,889,300.0,2025-09-16 11:18:36.884889+00:00,2025-10-16 11:18:36.880352+00:00,fully_settled,37.5,10,337.5,2025-09-23 12:09:34.230495+00:00,self_loan_repayment
21150,889,1500.0,2025-09-05 08:24:43.317459+00:00,2025-10-05 08:24:43.313692+00:00,fully_settled,187.5,10,1687.5,2025-09-23 12:41:41.259484+00:00,self_loan_repayment
20167,943,7000.0,2025-08-25 13:45:18.857810+00:00,2025-09-24 13:45:18.852258+00:00,fully_settled,1015.0,8,8015.0,2025-09-24 11:17:13.748185+00:00,self_loan_repayment
19604,889,600.0,2025-08-18 09:05:54.230397+00:00,2025-09-17 09:05:54.224501+00:00,fully_settled,75.0,10,675.0,2025-09-23 12:47:04.188817+00:00,self_loan_repayment
19706,889,400.0,2025-08-19 17:50:45.229617+00:00,2025-09-18 17:50:45.225161+00:00,fully_settled,50.0,10,450.0,2025-09-23 12:49:47.435783+00:00,self_loan_repayment
20852,933,3000.0,2025-09-01 05:57:52.223724+00:00,2025-10-01 05:57:52.219295+00:00,fully_settled,435.0,8,3435.0,2025-09-24 09:49:34.029414+00:00,self_loan_repayment
20290,19,2000.0,2025-08-26 18:32:42.452892+00:00,2025-09-25 18:32:42.449241+00:00,fully_settled,250.0,1,250.0,2025-09-24 13:15:51.890640+00:00,self_loan_repayment
20680,933,500.0,2025-08-30 04:44:26.116270+00:00,2025-09-29 04:44:26.110701+00:00,fully_settled,72.5,8,572.5,2025-09-24 09:54:45.450960+00:00,self_loan_repayment
20448,933,500.0,2025-08-28 14:45:00.695331+00:00,2025-09-27 14:45:00.687579+00:00,fully_settled,72.5,8,572.5,2025-09-24 09:57:35.617554+00:00,self_loan_repayment
16457,953,7500.0,2025-07-24 06:40:57.856066+00:00,2025-07-28 00:00:00+00:00,overdue,1387.5,13,4888.0,2025-09-25 10:12:05.306730+00:00,self_loan_repayment
20162,933,6000.0,2025-08-25 13:05:43.963165+00:00,2025-09-24 13:05:43.958305+00:00,fully_settled,870.0,8,6870.0,2025-09-24 09:59:43.960483+00:00,self_loan_repayment
18865,962,1000.0,2025-08-08 16:16:51.587221+00:00,2025-09-07 16:16:51.579713+00:00,fully_settled,185.0,14,1185.0,2025-09-24 14:37:37.883498+00:00,self_loan_repayment
21182,985,2500.0,2025-09-05 11:41:05.855446+00:00,2025-10-05 11:41:05.850814+00:00,fully_settled,362.5,8,2862.5,2025-09-24 16:51:06.604904+00:00,self_loan_repayment
18724,962,3000.0,2025-08-07 06:40:03.285464+00:00,2025-09-06 06:40:03.280859+00:00,fully_settled,555.0,14,3555.0,2025-09-24 14:39:00.287517+00:00,self_loan_repayment
18687,962,2000.0,2025-08-06 18:28:04.266135+00:00,2025-09-05 18:28:04.262347+00:00,fully_settled,370.0,14,2370.0,2025-09-24 14:40:40.099640+00:00,self_loan_repayment
18614,962,5000.0,2025-08-06 09:44:37.789533+00:00,2025-09-05 09:44:37.785904+00:00,fully_settled,925.0,14,5925.0,2025-09-24 14:41:59.319197+00:00,self_loan_repayment
18607,962,1000.0,2025-08-06 09:02:35.186925+00:00,2025-09-05 09:02:35.181664+00:00,fully_settled,185.0,14,1185.0,2025-09-24 14:43:32.578761+00:00,self_loan_repayment
15461,97,600.0,2025-07-18 13:06:34.001568+00:00,2025-07-28 00:00:00+00:00,fully_settled,75.0,1,675.0,2025-09-25 06:40:56.777092+00:00,self_loan_repayment
15524,97,400.0,2025-07-18 18:48:39.963393+00:00,2025-07-28 00:00:00+00:00,fully_settled,50.0,1,400.0,2025-09-25 08:19:37.619837+00:00,self_loan_repayment
66090,989,2000.0,2025-09-22 08:02:04.292114+00:00,2025-10-22 08:02:04.285676+00:00,fully_settled,290.0,8,400.0,2025-09-25 10:16:16.099580+00:00,self_loan_repayment
16300,957,5000.0,2025-07-23 04:47:55.303816+00:00,2025-07-28 00:00:00+00:00,overdue,925.0,13,4000.0,2025-09-25 09:56:27.722873+00:00,self_loan_repayment
20419,95,2000.0,2025-08-28 07:34:37.050902+00:00,2025-09-27 07:34:37.046139+00:00,fully_settled,250.0,1,2250.0,2025-09-25 10:26:45.689953+00:00,self_loan_repayment
23745,989,3000.0,2025-09-12 08:28:28.249772+00:00,2025-10-12 08:28:28.244877+00:00,fully_settled,435.0,8,400.0,2025-09-25 10:17:31.376066+00:00,self_loan_repayment
20152,876,7000.0,2025-08-25 10:23:14.304770+00:00,2025-09-24 10:23:14.300984+00:00,fully_settled,875.0,10,7875.0,2025-09-25 11:23:23.605210+00:00,self_loan_repayment
5957,23,50.0,2025-06-19 15:30:12.014595+00:00,2025-06-28 00:00:00+00:00,fully_settled,6.25,1,56.25,2025-09-25 10:26:54.566150+00:00,self_loan_repayment
47933,876,1000.0,2025-09-16 09:48:54.571762+00:00,2025-10-16 09:48:54.565508+00:00,fully_settled,125.0,10,1125.0,2025-09-25 11:22:03.541726+00:00,self_loan_repayment
20889,23,2000.0,2025-09-01 13:45:15.839229+00:00,2025-10-01 13:45:15.834397+00:00,overdue,250.0,1,25.0,2025-09-25 10:30:54.042565+00:00,self_loan_repayment
20889,23,2000.0,2025-09-01 13:45:15.839229+00:00,2025-10-01 13:45:15.834397+00:00,overdue,250.0,1,30.0,2025-09-25 11:33:59.522001+00:00,self_loan_repayment
18649,961,7000.0,2025-08-06 14:49:33.341098+00:00,2025-09-05 14:49:33.337374+00:00,fully_settled,1295.0,14,8295.0,2025-09-27 08:05:04.688362+00:00,self_loan_repayment
20277,982,6000.0,2025-08-26 15:57:43.281926+00:00,2025-09-25 15:57:43.277022+00:00,fully_settled,870.0,8,500.0,2025-09-27 12:23:36.283512+00:00,self_loan_repayment
5982,935,4000.0,2025-06-23 11:38:01.767511+00:00,2025-06-28 00:00:00+00:00,overdue,580.0,8,500.0,2025-09-29 07:38:16.617412+00:00,self_loan_repayment
19907,942,2500.0,2025-08-22 15:30:50.292654+00:00,2025-09-21 15:30:50.288078+00:00,fully_settled,362.5,8,2862.5,2025-09-30 16:19:15.234287+00:00,self_loan_repayment
19806,985,6000.0,2025-08-21 13:28:09.653183+00:00,2025-09-20 13:28:09.647385+00:00,fully_settled,870.0,8,6870.0,2025-09-29 08:07:36.908413+00:00,self_loan_repayment
20434,1,2000.0,2025-08-28 11:27:31.679431+00:00,2025-09-27 11:27:31.673822+00:00,fully_settled,250.0,1,2250.0,2025-09-29 09:11:00.799594+00:00,allocation_repayment
19743,876,1000.0,2025-08-20 13:57:02.637924+00:00,2025-09-19 13:57:02.632795+00:00,fully_settled,125.0,10,1125.0,2025-09-29 10:43:11.164057+00:00,self_loan_repayment
21659,997,5000.0,2025-09-08 15:16:05.000419+00:00,2025-10-08 15:16:04.991879+00:00,overdue,725.0,8,800.0,2025-09-30 16:22:36.608170+00:00,self_loan_repayment
19394,876,1000.0,2025-08-15 12:44:56.425801+00:00,2025-09-14 12:44:56.420935+00:00,fully_settled,125.0,10,1125.0,2025-09-29 11:11:07.439838+00:00,self_loan_repayment
3029,1,800.0,2025-04-02 14:47:26.480474+00:00,2025-04-28 00:00:00+00:00,fully_settled,100.0,1,900.0,2025-09-29 12:08:03.286236+00:00,allocation_repayment
155,1,1000.0,2024-12-03 08:27:01.479577+00:00,2024-12-28 00:00:00+00:00,fully_settled,125.0,1,1125.0,2025-09-29 12:08:21.623268+00:00,allocation_repayment
75,1,100.0,2024-11-29 15:30:19.895239+00:00,2024-12-28 00:00:00+00:00,fully_settled,12.5,1,112.5,2025-09-29 12:08:44.963688+00:00,allocation_repayment
34,1,100.0,2024-11-27 07:58:36.227073+00:00,2024-11-28 00:00:00+00:00,fully_settled,12.5,1,112.5,2025-09-29 12:09:09.905097+00:00,allocation_repayment
20414,991,1000.0,2025-08-28 06:48:04.270561+00:00,2025-09-27 06:48:04.265398+00:00,fully_settled,145.0,8,1145.0,2025-09-29 20:19:31.092299+00:00,self_loan_repayment
20227,991,10000.0,2025-08-26 07:25:13.422184+00:00,2025-09-25 07:25:13.418142+00:00,fully_settled,1450.0,8,1450.0,2025-09-30 20:18:48.420156+00:00,self_loan_repayment
20413,991,10000.0,2025-08-28 06:46:19.272224+00:00,2025-09-27 06:46:19.267562+00:00,fully_settled,1450.0,8,1450.0,2025-09-29 20:27:49.403660+00:00,self_loan_repayment
21657,997,10000.0,2025-09-08 15:11:42.068855+00:00,2025-10-08 15:11:42.062331+00:00,overdue,1450.0,8,1700.0,2025-09-30 16:32:23.428608+00:00,self_loan_repayment
5185,891,2500.0,2025-05-12 10:33:13.620191+00:00,2025-05-28 00:00:00+00:00,fully_settled,312.5,10,2812.5,2025-09-29 21:27:08.991433+00:00,self_loan_repayment
19455,888,3675.0,2025-08-16 06:45:09.326824+00:00,2025-09-15 06:45:09.320042+00:00,overdue,459.375,10,35.0,2025-09-30 09:30:55.520633+00:00,self_loan_repayment
20535,951,5500.0,2025-08-29 12:47:38.108165+00:00,2025-09-28 12:47:38.101799+00:00,fully_settled,1017.5,13,6517.5,2025-09-30 14:07:49.525890+00:00,self_loan_repayment
21143,951,4500.0,2025-09-05 07:46:55.504563+00:00,2025-10-05 07:46:55.493895+00:00,fully_settled,832.5,13,5332.5,2025-09-30 14:10:28.770076+00:00,self_loan_repayment
20277,982,6000.0,2025-08-26 15:57:43.281926+00:00,2025-09-25 15:57:43.277022+00:00,fully_settled,870.0,8,3200.0,2025-10-01 10:22:10.546964+00:00,self_loan_repayment
20993,994,6000.0,2025-09-02 18:25:22.935985+00:00,2025-10-02 18:25:22.931330+00:00,fully_settled,1110.0,16,7110.0,2025-09-30 17:28:46.035529+00:00,self_loan_repayment
20240,991,5000.0,2025-08-26 08:37:48.379235+00:00,2025-09-25 08:37:48.373783+00:00,fully_settled,725.0,8,725.0,2025-09-30 20:24:49.459812+00:00,self_loan_repayment
20309,991,10000.0,2025-08-27 04:09:19.791443+00:00,2025-09-26 04:09:19.784750+00:00,fully_settled,1450.0,8,1500.0,2025-09-30 20:04:39.012799+00:00,self_loan_repayment
20308,991,10000.0,2025-08-27 04:07:51.909867+00:00,2025-09-26 04:07:51.902982+00:00,fully_settled,1450.0,8,1500.0,2025-09-30 20:07:28.133205+00:00,self_loan_repayment
20251,991,4000.0,2025-08-26 09:02:28.617681+00:00,2025-09-25 09:02:28.613553+00:00,fully_settled,580.0,8,500.0,2025-09-30 20:12:42.684489+00:00,self_loan_repayment
21298,4,2000.0,2025-09-06 09:22:15.421621+00:00,2025-10-06 09:22:15.416713+00:00,fully_settled,250.0,1,1.0,2025-10-01 08:20:57.821076+00:00,self_loan_repayment
6036,881,4000.0,2025-06-30 03:30:43.021986+00:00,2025-07-28 00:00:00+00:00,fully_settled,500.0,10,4500.0,2025-10-01 07:52:36.231790+00:00,self_loan_repayment
51283,881,1000.0,2025-09-17 09:12:39.295473+00:00,2025-10-17 09:12:39.287599+00:00,fully_settled,125.0,10,1125.0,2025-10-01 07:54:44.942545+00:00,self_loan_repayment
47896,881,3000.0,2025-09-16 09:33:36.476522+00:00,2025-10-16 09:33:36.472496+00:00,fully_settled,375.0,10,3375.0,2025-10-01 08:03:31.516417+00:00,self_loan_repayment
21774,990,5000.0,2025-09-09 12:49:18.192610+00:00,2025-10-09 12:49:18.187296+00:00,fully_settled,725.0,8,5725.0,2025-10-01 08:21:58.429512+00:00,self_loan_repayment
20181,936,20000.0,2025-08-25 15:48:10.075746+00:00,2025-09-24 15:48:10.072146+00:00,fully_settled,2900.0,8,5000.0,2025-10-01 12:04:07.168979+00:00,self_loan_repayment
22060,1006,7000.0,2025-09-11 16:09:26.086982+00:00,2025-10-11 16:09:26.082792+00:00,overdue,1015.0,8,815.0,2025-10-01 08:53:25.116018+00:00,self_loan_repayment
20542,948,6000.0,2025-08-29 14:15:23.109990+00:00,2025-09-28 14:15:23.105385+00:00,fully_settled,870.0,8,6870.0,2025-10-01 11:28:18.005075+00:00,self_loan_repayment
20553,6,2000.0,2025-08-29 16:04:09.334838+00:00,2025-09-28 16:04:09.330903+00:00,fully_settled,250.0,1,2250.0,2025-10-01 13:22:15.446729+00:00,allocation_repayment
23946,982,2000.0,2025-09-12 08:42:57.117397+00:00,2025-10-12 08:42:57.111593+00:00,fully_settled,290.0,8,90.0,2025-10-01 13:02:33.713248+00:00,self_loan_repayment
21574,996,5000.0,2025-09-08 07:05:32.970486+00:00,2025-10-08 07:05:32.964230+00:00,overdue,725.0,8,725.0,2025-10-01 13:12:28.887503+00:00,self_loan_repayment
68912,9,150.0,2025-09-24 10:43:46.830134+00:00,2025-10-24 10:43:46.824423+00:00,fully_settled,18.75,1,168.75,2025-10-01 13:23:17.100823+00:00,allocation_repayment
60547,9,1850.0,2025-09-20 07:20:13.554287+00:00,2025-10-20 07:20:13.549933+00:00,fully_settled,231.25,1,2081.25,2025-10-01 13:23:55.339649+00:00,allocation_repayment
18647,881,3000.0,2025-08-06 14:44:20.020470+00:00,2025-09-05 14:44:20.014302+00:00,fully_settled,375.0,10,3375.0,2025-10-01 17:08:20.091446+00:00,self_loan_repayment
20181,936,20000.0,2025-08-25 15:48:10.075746+00:00,2025-09-24 15:48:10.072146+00:00,fully_settled,2900.0,8,5000.0,2025-10-01 17:39:41.868249+00:00,self_loan_repayment
19373,75,1500.0,2025-08-15 07:23:49.531056+00:00,2025-09-14 07:23:49.523898+00:00,fully_settled,277.5,4,1777.5,2025-10-02 09:08:14.184131+00:00,allocation_repayment
48132,52,4000.0,2025-09-16 11:00:45.349291+00:00,2025-10-16 11:00:45.339880+00:00,fully_settled,740.0,4,4740.0,2025-10-02 09:10:32.394997+00:00,allocation_repayment
21298,4,2000.0,2025-09-06 09:22:15.421621+00:00,2025-10-06 09:22:15.416713+00:00,fully_settled,250.0,1,1.0,2025-10-02 08:25:19.863879+00:00,self_loan_repayment
21519,66,4000.0,2025-09-07 14:44:47.885964+00:00,2025-10-07 14:44:47.879732+00:00,fully_settled,740.0,4,4740.0,2025-10-02 09:11:05.511806+00:00,allocation_repayment
83395,31,10.0,2025-10-02 08:42:34.366615+00:00,2025-11-01 08:42:34.358968+00:00,fully_settled,1.25,1,10.0,2025-10-02 09:40:46.664323+00:00,wallet_repayment
23745,989,3000.0,2025-09-12 08:28:28.249772+00:00,2025-10-12 08:28:28.244877+00:00,fully_settled,435.0,8,2535.0,2025-10-02 09:40:38.258753+00:00,self_loan_repayment
20730,978,500.0,2025-08-30 12:59:54.649756+00:00,2025-09-29 12:59:54.643204+00:00,fully_settled,92.5,16,592.5,2025-10-02 08:42:14.579639+00:00,self_loan_repayment
20975,63,6000.0,2025-09-02 12:39:28.207386+00:00,2025-10-02 12:39:28.197271+00:00,fully_settled,1110.0,4,7110.0,2025-10-02 08:47:31.401315+00:00,allocation_repayment
20974,63,6000.0,2025-09-02 11:38:02.507396+00:00,2025-10-02 11:38:02.501897+00:00,fully_settled,1110.0,4,7110.0,2025-10-02 08:47:53.699236+00:00,allocation_repayment
20679,60,5000.0,2025-08-30 04:35:20.255748+00:00,2025-09-29 04:35:20.250380+00:00,fully_settled,925.0,4,5925.0,2025-10-02 08:53:14.542870+00:00,allocation_repayment
20672,946,295.0,2025-08-29 22:31:07.982359+00:00,2025-09-28 22:31:07.975480+00:00,fully_settled,54.575,4,349.5,2025-10-02 08:54:17.366621+00:00,allocation_repayment
20672,946,295.0,2025-08-29 22:31:07.982359+00:00,2025-09-28 22:31:07.975480+00:00,fully_settled,54.575,4,0.07499999999998863,2025-10-02 08:54:41.234485+00:00,allocation_repayment
20666,946,3700.0,2025-08-29 21:24:12.186469+00:00,2025-09-28 21:24:12.179833+00:00,fully_settled,684.5,4,2384.5,2025-10-02 08:57:11.468057+00:00,allocation_repayment
21035,79,5000.0,2025-09-03 09:52:23.361728+00:00,2025-10-03 09:52:23.357973+00:00,fully_settled,925.0,4,5925.0,2025-10-02 08:59:53.706208+00:00,allocation_repayment
21065,75,2000.0,2025-09-03 17:42:38.691025+00:00,2025-10-03 17:42:38.685013+00:00,fully_settled,370.0,4,2370.0,2025-10-02 09:01:29.747713+00:00,allocation_repayment
83435,60,5000.0,2025-10-02 09:07:16.818281+00:00,2025-11-01 09:07:16.813036+00:00,fully_settled,925.0,4,5925.0,2025-10-02 09:13:20.493495+00:00,allocation_repayment
20707,55,10000.0,2025-08-30 09:47:37.725324+00:00,2025-09-29 09:47:37.720449+00:00,fully_settled,1850.0,4,9480.0,2025-10-02 09:14:03.454469+00:00,allocation_repayment
20707,55,10000.0,2025-08-30 09:47:37.725324+00:00,2025-09-29 09:47:37.720449+00:00,fully_settled,1850.0,4,2370.0,2025-10-02 09:14:42.806239+00:00,allocation_repayment
83395,31,10.0,2025-10-02 08:42:34.366615+00:00,2025-11-01 08:42:34.358968+00:00,fully_settled,1.25,1,1.25,2025-10-02 09:41:30.457577+00:00,wallet_repayment
83395,31,10.0,2025-10-02 08:42:34.366615+00:00,2025-11-01 08:42:34.358968+00:00,fully_settled,1.25,1,0.0,2025-10-02 09:47:19.746203+00:00,wallet_repayment
66090,989,2000.0,2025-09-22 08:02:04.292114+00:00,2025-10-22 08:02:04.285676+00:00,fully_settled,290.0,8,1890.0,2025-10-02 09:49:42.338496+00:00,self_loan_repayment
83338,31,10.0,2025-10-02 08:13:27.955422+00:00,2025-11-01 08:13:27.921679+00:00,overdue,1.25,1,1.0,2025-10-02 10:26:47.635742+00:00,wallet_repayment
83395,31,10.0,2025-10-02 08:42:34.366615+00:00,2025-11-01 08:42:34.358968+00:00,fully_settled,1.25,1,0.0,2025-10-02 09:49:58.317064+00:00,wallet_repayment
67059,808,20000.0,2025-09-22 14:19:34.098956+00:00,2025-10-22 14:19:34.093358+00:00,fully_settled,3700.0,4,14220.0,2025-10-02 11:56:41.704362+00:00,allocation_repayment
19910,947,5000.0,2025-08-22 15:42:59.076972+00:00,2025-09-21 15:42:59.071887+00:00,fully_settled,725.0,8,5725.0,2025-10-02 10:15:24.151515+00:00,self_loan_repayment
67059,808,20000.0,2025-09-22 14:19:34.098956+00:00,2025-10-22 14:19:34.093358+00:00,fully_settled,3700.0,4,9480.0,2025-10-02 11:57:16.865485+00:00,allocation_repayment
5574,841,1000.0,2025-06-03 15:41:26.531433+00:00,2025-06-28 00:00:00+00:00,overdue,185.0,4,500.0,2025-10-02 12:16:58.373098+00:00,self_loan_repayment
15,6,2000.0,2024-11-22 12:13:27.119492+00:00,2024-11-28 00:00:00+00:00,fully_settled,250.0,1,2250.0,2025-10-02 12:47:16.414141+00:00,allocation_repayment
36942,930,500.0,2025-09-13 13:10:13.567142+00:00,2025-10-13 13:10:13.559587+00:00,fully_settled,62.5,1,562.5,2025-10-02 12:48:11.389004+00:00,allocation_repayment
21520,930,1000.0,2025-09-07 14:51:21.853111+00:00,2025-10-07 14:51:21.847780+00:00,fully_settled,125.0,1,1125.0,2025-10-02 12:48:34.723066+00:00,allocation_repayment
21382,930,500.0,2025-09-06 17:15:34.932699+00:00,2025-10-06 17:15:34.926922+00:00,fully_settled,62.5,1,562.5,2025-10-02 12:48:58.487449+00:00,allocation_repayment
67386,931,2000.0,2025-09-22 17:00:27.132373+00:00,2025-10-22 17:00:27.126857+00:00,fully_settled,250.0,1,2250.0,2025-10-02 12:49:43.630292+00:00,allocation_repayment
427,7,300.0,2025-01-31 11:02:00.697999+00:00,2025-02-28 00:00:00+00:00,fully_settled,37.5,1,12.5,2025-10-02 12:50:44.057383+00:00,allocation_repayment
431,7,1000.0,2025-02-01 12:50:42.234326+00:00,2025-02-28 00:00:00+00:00,fully_settled,125.0,1,325.0,2025-10-02 12:50:24.678189+00:00,allocation_repayment
415,7,500.0,2025-01-27 16:13:22.927823+00:00,2025-01-28 00:00:00+00:00,fully_settled,62.5,1,561.5,2025-10-02 12:51:05.194730+00:00,allocation_repayment
21639,78,2000.0,2025-09-08 13:44:12.714377+00:00,2025-10-08 13:44:12.707758+00:00,fully_settled,250.0,1,2250.0,2025-10-02 12:51:45.098486+00:00,allocation_repayment
21,14,300.0,2024-11-22 16:45:59.351173+00:00,2024-11-28 00:00:00+00:00,fully_settled,37.5,1,337.5,2025-10-02 12:52:33.629844+00:00,allocation_repayment
30,14,50.0,2024-11-26 10:49:55.474060+00:00,2024-11-28 00:00:00+00:00,fully_settled,6.25,1,56.25,2025-10-02 12:52:52.677076+00:00,allocation_repayment
20860,14,2000.0,2025-09-01 07:26:01.174947+00:00,2025-10-01 07:26:01.170178+00:00,fully_settled,250.0,1,2250.0,2025-10-02 12:53:11.196393+00:00,allocation_repayment
183,14,499.0,2024-12-04 09:43:47.673985+00:00,2024-12-28 00:00:00+00:00,fully_settled,62.375,1,561.375,2025-10-02 12:53:31.716974+00:00,allocation_repayment
182,14,1.0,2024-12-04 09:41:55.915068+00:00,2024-12-28 00:00:00+00:00,overdue,0.125,1,0.12,2025-10-02 12:53:48.882330+00:00,allocation_repayment
167,14,499.0,2024-12-03 11:21:05.869811+00:00,2024-12-28 00:00:00+00:00,fully_settled,62.375,1,61.375,2025-10-02 12:54:12.064115+00:00,allocation_repayment
102,14,596.0,2024-12-02 15:27:23.159624+00:00,2024-12-28 00:00:00+00:00,fully_settled,74.5,1,170.5,2025-10-02 12:54:49.179726+00:00,allocation_repayment
18475,892,600.0,2025-08-04 18:04:10.663309+00:00,2025-09-03 18:04:10.658441+00:00,fully_settled,75.0,10,675.0,2025-10-02 14:43:32.817360+00:00,self_loan_repayment
18887,892,500.0,2025-08-08 19:58:10.830528+00:00,2025-09-07 19:58:10.825450+00:00,fully_settled,62.5,10,562.5,2025-10-02 14:44:41.211092+00:00,self_loan_repayment
48820,96,2000.0,2025-09-16 13:48:32.512851+00:00,2025-10-16 13:48:32.505300+00:00,fully_settled,250.0,1,750.0,2025-10-03 08:08:59.069547+00:00,self_loan_repayment
18975,892,500.0,2025-08-09 19:31:29.482016+00:00,2025-09-08 19:31:29.477523+00:00,fully_settled,62.5,10,562.5,2025-10-02 14:46:12.597070+00:00,self_loan_repayment
19022,892,500.0,2025-08-10 13:39:36.005529+00:00,2025-09-09 13:39:35.999331+00:00,fully_settled,62.5,10,562.5,2025-10-02 14:47:52.058617+00:00,self_loan_repayment
84407,31,10.0,2025-10-03 07:02:32.621199+00:00,2025-11-02 07:02:32.616416+00:00,fully_settled,1.25,1,1.0,2025-10-03 08:37:37.125908+00:00,wallet_repayment
19712,892,200.0,2025-08-19 19:53:45.995376+00:00,2025-09-18 19:53:45.989305+00:00,fully_settled,25.0,10,225.0,2025-10-02 14:49:49.547763+00:00,self_loan_repayment
16814,892,400.0,2025-07-26 18:32:02.707374+00:00,2025-08-25 18:32:02.703611+00:00,fully_settled,50.0,10,450.0,2025-10-02 14:51:38.623119+00:00,self_loan_repayment
84407,31,10.0,2025-10-03 07:02:32.621199+00:00,2025-11-02 07:02:32.616416+00:00,fully_settled,1.25,1,2.0,2025-10-03 08:44:37.102379+00:00,wallet_repayment
54933,964,4500.0,2025-09-18 10:02:56.177240+00:00,2025-10-18 10:02:56.173286+00:00,fully_settled,832.5,14,5332.5,2025-10-02 18:27:29.090609+00:00,self_loan_repayment
21907,989,4000.0,2025-09-10 09:41:44.349948+00:00,2025-10-10 09:41:44.345665+00:00,fully_settled,580.0,8,2490.0,2025-10-02 20:15:51.794468+00:00,self_loan_repayment
20181,936,20000.0,2025-08-25 15:48:10.075746+00:00,2025-09-24 15:48:10.072146+00:00,fully_settled,2900.0,8,900.0,2025-10-03 11:10:22.295554+00:00,self_loan_repayment
84407,31,10.0,2025-10-03 07:02:32.621199+00:00,2025-11-02 07:02:32.616416+00:00,fully_settled,1.25,1,1.0,2025-10-03 07:27:36.185998+00:00,wallet_repayment
84407,31,10.0,2025-10-03 07:02:32.621199+00:00,2025-11-02 07:02:32.616416+00:00,fully_settled,1.25,1,1.0,2025-10-03 08:07:36.486927+00:00,wallet_repayment
1431,332,200.0,2025-03-15 11:08:18.983498+00:00,2025-03-28 00:00:00+00:00,fully_settled,37.0,4,237.0,2025-10-03 17:47:58.547184+00:00,self_loan_repayment
20181,936,20000.0,2025-08-25 15:48:10.075746+00:00,2025-09-24 15:48:10.072146+00:00,fully_settled,2900.0,8,6500.0,2025-10-03 14:26:58.083712+00:00,self_loan_repayment
20181,936,20000.0,2025-08-25 15:48:10.075746+00:00,2025-09-24 15:48:10.072146+00:00,fully_settled,2900.0,8,5500.0,2025-10-03 15:02:53.486521+00:00,self_loan_repayment
20787,924,2000.0,2025-08-31 06:40:47.726134+00:00,2025-09-30 06:40:47.718513+00:00,fully_settled,250.0,1,3.0,2025-10-05 14:05:13.736447+00:00,allocation_repayment
21298,4,2000.0,2025-09-06 09:22:15.421621+00:00,2025-10-06 09:22:15.416713+00:00,fully_settled,250.0,1,2248.0,2025-10-03 15:50:38.633681+00:00,allocation_repayment
83678,808,20000.0,2025-10-02 12:03:18.471982+00:00,2025-11-01 12:03:18.463996+00:00,fully_settled,3700.0,4,14220.0,2025-10-03 16:22:34.607105+00:00,allocation_repayment
83678,808,20000.0,2025-10-02 12:03:18.471982+00:00,2025-11-01 12:03:18.463996+00:00,fully_settled,3700.0,4,9480.0,2025-10-03 16:23:08.265384+00:00,allocation_repayment
1132,157,300.0,2025-03-10 12:16:11.819739+00:00,2025-03-28 00:00:00+00:00,fully_settled,55.5,4,155.5,2025-10-03 18:32:24.902375+00:00,self_loan_repayment
18906,887,3000.0,2025-08-09 07:09:25.131446+00:00,2025-09-08 07:09:25.126864+00:00,fully_settled,375.0,10,3375.0,2025-10-04 04:12:16.173576+00:00,self_loan_repayment
629,122,2000.0,2025-02-18 14:41:10.680860+00:00,2025-02-28 00:00:00+00:00,fully_settled,370.0,4,2370.0,2025-10-03 19:39:54.006575+00:00,self_loan_repayment
5626,548,1000.0,2025-06-04 05:36:45.932768+00:00,2025-06-28 00:00:00+00:00,overdue,185.0,4,100.0,2025-10-03 20:43:20.632110+00:00,self_loan_repayment
11632,924,2000.0,2025-07-07 17:14:27.774502+00:00,2025-07-28 00:00:00+00:00,fully_settled,250.0,1,2250.0,2025-10-05 14:08:26.793827+00:00,allocation_repayment
5261,204,1000.0,2025-05-22 20:47:49.180749+00:00,2025-05-28 00:00:00+00:00,overdue,185.0,4,200.0,2025-10-04 07:47:51.392794+00:00,self_loan_repayment
18012,808,5000.0,2025-08-01 15:52:22.038327+00:00,2025-08-31 15:52:22.032288+00:00,fully_settled,925.0,4,5925.0,2025-10-05 13:26:42.345902+00:00,allocation_repayment
20787,924,2000.0,2025-08-31 06:40:47.726134+00:00,2025-09-30 06:40:47.718513+00:00,fully_settled,250.0,1,2247.0,2025-10-05 14:04:46.849835+00:00,allocation_repayment
5585,579,1000.0,2025-06-03 16:56:56.135330+00:00,2025-06-28 00:00:00+00:00,overdue,185.0,4,400.0,2025-10-05 15:03:31.658059+00:00,self_loan_repayment
84407,31,10.0,2025-10-03 07:02:32.621199+00:00,2025-11-02 07:02:32.616416+00:00,fully_settled,1.25,1,1.0,2025-10-06 07:25:54.909509+00:00,wallet_repayment
71910,1026,10000.0,2025-09-26 16:47:35.948081+00:00,2025-10-26 16:47:35.942288+00:00,overdue,1450.0,8,3300.0,2025-10-06 10:25:26.219362+00:00,self_loan_repayment
21393,976,1500.0,2025-09-06 18:15:56.898863+00:00,2025-10-06 18:15:56.892885+00:00,fully_settled,277.5,16,777.5,2025-10-06 18:47:10.113829+00:00,self_loan_repayment
19788,900,1500.0,2025-08-21 11:38:54.636520+00:00,2025-09-20 11:38:54.630498+00:00,fully_settled,187.5,10,500.0,2025-10-09 16:34:11.757274+00:00,self_loan_repayment
18826,976,3500.0,2025-08-08 08:18:13.279310+00:00,2025-09-07 08:18:13.273793+00:00,fully_settled,647.5,16,1900.0,2025-10-06 19:00:54.277308+00:00,self_loan_repayment
84407,31,10.0,2025-10-03 07:02:32.621199+00:00,2025-11-02 07:02:32.616416+00:00,fully_settled,1.25,1,1.0,2025-10-07 08:10:35.787644+00:00,wallet_repayment
20901,67,7000.0,2025-09-01 16:43:52.885675+00:00,2025-10-01 16:43:52.881165+00:00,fully_settled,1295.0,4,8295.0,2025-10-07 20:51:21.896594+00:00,allocation_repayment
6028,889,200.0,2025-06-28 13:58:39.146840+00:00,2025-07-28 00:00:00+00:00,fully_settled,25.0,10,225.0,2025-10-09 17:13:35.319481+00:00,allocation_repayment
19164,900,600.0,2025-08-12 12:55:20.310589+00:00,2025-09-11 12:55:20.305363+00:00,fully_settled,75.0,10,435.0,2025-10-08 14:25:05.274019+00:00,self_loan_repayment
19788,900,1500.0,2025-08-21 11:38:54.636520+00:00,2025-09-20 11:38:54.630498+00:00,fully_settled,187.5,10,1187.5,2025-10-09 16:38:52.500843+00:00,self_loan_repayment
19454,900,900.0,2025-08-16 06:42:06.976222+00:00,2025-09-15 06:42:06.971581+00:00,fully_settled,112.5,10,1012.5,2025-10-09 06:03:39.262400+00:00,self_loan_repayment
36887,42,2000.0,2025-09-13 12:58:42.176930+00:00,2025-10-13 12:58:42.170574+00:00,fully_settled,250.0,1,2250.0,2025-10-09 09:46:25.056475+00:00,allocation_repayment
5988,889,110.0,2025-06-23 19:53:10.965148+00:00,2025-06-28 00:00:00+00:00,fully_settled,13.75,10,123.75,2025-10-09 17:13:56.642402+00:00,allocation_repayment
20350,900,3000.0,2025-08-27 10:22:25.691008+00:00,2025-09-26 10:22:25.685946+00:00,fully_settled,375.0,10,3375.0,2025-10-09 16:44:38.393967+00:00,self_loan_repayment
19531,900,1500.0,2025-08-17 09:19:11.463055+00:00,2025-09-16 09:19:11.456793+00:00,fully_settled,187.5,10,1687.5,2025-10-09 16:16:39.750900+00:00,self_loan_repayment
19176,900,500.0,2025-08-12 18:23:07.785192+00:00,2025-09-11 18:23:07.779088+00:00,fully_settled,62.5,10,562.5,2025-10-09 16:18:33.358735+00:00,self_loan_repayment
5951,889,250.0,2025-06-18 06:30:55.411115+00:00,2025-06-28 00:00:00+00:00,fully_settled,31.25,10,281.25,2025-10-09 17:14:16.104447+00:00,allocation_repayment
19695,900,1000.0,2025-08-19 14:36:36.666832+00:00,2025-09-18 14:36:36.662053+00:00,fully_settled,125.0,10,1125.0,2025-10-09 16:20:27.367583+00:00,self_loan_repayment
19823,900,500.0,2025-08-21 16:24:33.137526+00:00,2025-09-20 16:24:33.131229+00:00,fully_settled,62.5,10,562.5,2025-10-09 16:28:18.437483+00:00,self_loan_repayment
15697,889,500.0,2025-07-19 17:50:04.425140+00:00,2025-07-28 00:00:00+00:00,fully_settled,62.5,10,562.5,2025-10-09 17:14:38.116782+00:00,allocation_repayment
19920,900,500.0,2025-08-22 17:50:14.169260+00:00,2025-09-21 17:50:14.164474+00:00,fully_settled,62.5,10,562.5,2025-10-09 16:31:57.469345+00:00,self_loan_repayment
15902,889,1000.0,2025-07-20 19:08:01.617050+00:00,2025-07-28 00:00:00+00:00,fully_settled,125.0,10,1125.0,2025-10-09 17:14:57.477256+00:00,allocation_repayment
20062,900,500.0,2025-08-24 06:27:55.267955+00:00,2025-09-23 06:27:55.264110+00:00,fully_settled,62.5,10,562.5,2025-10-09 16:55:15.160276+00:00,self_loan_repayment
5975,889,300.0,2025-06-22 09:10:21.397839+00:00,2025-06-28 00:00:00+00:00,fully_settled,37.5,10,337.5,2025-10-09 17:15:17.245507+00:00,allocation_repayment
20073,900,500.0,2025-08-24 10:17:01.487222+00:00,2025-09-23 10:17:01.480131+00:00,fully_settled,62.5,10,562.5,2025-10-09 16:58:12.067633+00:00,self_loan_repayment
5950,889,300.0,2025-06-17 20:00:53.812492+00:00,2025-06-28 00:00:00+00:00,fully_settled,37.5,10,337.5,2025-10-09 17:15:35.302536+00:00,allocation_repayment
19917,900,1000.0,2025-08-22 17:24:53.145958+00:00,2025-09-21 17:24:53.141795+00:00,fully_settled,125.0,10,1125.0,2025-10-09 17:01:17.666734+00:00,self_loan_repayment
16145,889,500.0,2025-07-22 09:03:55.178893+00:00,2025-07-28 00:00:00+00:00,fully_settled,62.5,10,562.5,2025-10-09 17:16:16.898357+00:00,allocation_repayment
21556,900,1000.0,2025-09-07 20:14:33.114716+00:00,2025-10-07 20:14:33.109684+00:00,fully_settled,125.0,10,1125.0,2025-10-09 17:03:53.755148+00:00,self_loan_repayment
20124,900,500.0,2025-08-25 05:57:47.586401+00:00,2025-09-24 05:57:47.580306+00:00,fully_settled,62.5,10,562.5,2025-10-09 17:06:05.832116+00:00,self_loan_repayment
5897,889,300.0,2025-06-11 17:07:25.164960+00:00,2025-06-28 00:00:00+00:00,fully_settled,37.5,10,337.5,2025-10-09 17:12:57.549424+00:00,allocation_repayment
17888,889,4000.0,2025-08-01 07:54:47.318958+00:00,2025-08-31 07:54:47.315026+00:00,fully_settled,500.0,10,1500.0,2025-10-09 17:18:25.819511+00:00,self_loan_repayment
18392,889,600.0,2025-08-04 06:39:55.198562+00:00,2025-09-03 06:39:55.194376+00:00,fully_settled,75.0,10,675.0,2025-10-09 17:20:14.455773+00:00,self_loan_repayment
19388,889,500.0,2025-08-15 11:05:27.325725+00:00,2025-09-14 11:05:27.320219+00:00,fully_settled,62.5,10,562.5,2025-10-10 07:04:00.519338+00:00,self_loan_repayment
18593,889,500.0,2025-08-06 06:57:24.373741+00:00,2025-09-05 06:57:24.369658+00:00,fully_settled,62.5,10,562.5,2025-10-10 07:01:24.000150+00:00,self_loan_repayment
18399,889,200.0,2025-08-04 07:39:07.332309+00:00,2025-09-03 07:39:07.328649+00:00,fully_settled,25.0,10,225.0,2025-10-10 07:06:43.026299+00:00,self_loan_repayment
19174,889,500.0,2025-08-12 16:51:46.027287+00:00,2025-09-11 16:51:46.011959+00:00,fully_settled,62.5,10,562.5,2025-10-10 07:21:05.387973+00:00,self_loan_repayment
21095,16,2000.0,2025-09-04 09:40:22.499970+00:00,2025-10-04 09:40:22.494107+00:00,fully_settled,250.0,1,2250.0,2025-10-10 08:00:09.488153+00:00,allocation_repayment
19306,889,400.0,2025-08-14 11:31:07.409951+00:00,2025-09-13 11:31:07.403654+00:00,fully_settled,50.0,10,450.0,2025-10-10 07:22:44.603880+00:00,self_loan_repayment
21496,889,2000.0,2025-09-07 11:55:29.778590+00:00,2025-10-07 11:55:29.773000+00:00,fully_settled,250.0,10,2250.0,2025-10-10 08:03:24.071343+00:00,self_loan_repayment
18763,889,200.0,2025-08-07 14:01:16.919894+00:00,2025-09-06 14:01:16.914294+00:00,fully_settled,25.0,10,225.0,2025-10-10 08:05:43.913180+00:00,self_loan_repayment
21838,889,2500.0,2025-09-09 19:52:46.889485+00:00,2025-10-09 19:52:46.885554+00:00,fully_settled,312.5,10,2812.5,2025-10-10 09:47:51.141400+00:00,allocation_repayment
21575,889,1000.0,2025-09-08 07:06:24.759141+00:00,2025-10-08 07:06:24.755146+00:00,fully_settled,125.0,10,1125.0,2025-10-10 09:02:25.406761+00:00,self_loan_repayment
20176,941,6000.0,2025-08-25 15:04:26.691445+00:00,2025-09-24 15:04:26.685901+00:00,fully_settled,870.0,8,870.0,2025-10-10 13:28:43.368591+00:00,self_loan_repayment
91357,1034,3000.0,2025-10-07 15:41:49.450304+00:00,2025-11-06 15:41:49.446634+00:00,fully_settled,435.0,8,300.0,2025-10-15 13:17:45.467747+00:00,self_loan_repayment
46582,1014,6000.0,2025-09-15 15:33:09.078843+00:00,2025-10-15 15:33:09.073659+00:00,overdue,870.0,8,870.0,2025-10-11 06:21:02.170539+00:00,self_loan_repayment
5307,110,1000.0,2025-05-28 09:27:08.108829+00:00,2025-06-28 00:00:00+00:00,overdue,185.0,4,500.0,2025-10-11 08:39:25.226409+00:00,self_loan_repayment
23946,982,2000.0,2025-09-12 08:42:57.117397+00:00,2025-10-12 08:42:57.111593+00:00,fully_settled,290.0,8,300.0,2025-10-16 05:17:48.431265+00:00,self_loan_repayment
23946,982,2000.0,2025-09-12 08:42:57.117397+00:00,2025-10-12 08:42:57.111593+00:00,fully_settled,290.0,8,50.0,2025-10-18 12:55:15.344630+00:00,self_loan_repayment
20148,990,5000.0,2025-08-25 10:05:04.013808+00:00,2025-09-24 10:05:04.009302+00:00,fully_settled,725.0,8,5725.0,2025-10-11 08:55:35.124923+00:00,self_loan_repayment
93833,978,750.0,2025-10-10 07:41:47.004421+00:00,2025-11-09 07:41:46.997165+00:00,fully_settled,138.75,16,300.0,2025-10-16 11:31:25.480661+00:00,self_loan_repayment
91357,1034,3000.0,2025-10-07 15:41:49.450304+00:00,2025-11-06 15:41:49.446634+00:00,fully_settled,435.0,8,600.0,2025-10-11 15:21:43.963860+00:00,self_loan_repayment
84407,31,10.0,2025-10-03 07:02:32.621199+00:00,2025-11-02 07:02:32.616416+00:00,fully_settled,1.25,1,4.25,2025-10-12 19:01:58.470784+00:00,wallet_repayment
19,32,2000.0,2024-11-22 14:31:46.596617+00:00,2024-11-28 00:00:00+00:00,fully_settled,250.0,1,2226.0,2025-10-13 15:49:30.830941+00:00,allocation_repayment
19,32,2000.0,2024-11-22 14:31:46.596617+00:00,2024-11-28 00:00:00+00:00,fully_settled,250.0,1,24.0,2025-10-13 15:49:52.544894+00:00,allocation_repayment
83529,989,2000.0,2025-10-02 09:53:24.923515+00:00,2025-11-01 09:53:24.917845+00:00,fully_settled,290.0,8,2290.0,2025-10-13 19:53:21.067197+00:00,self_loan_repayment
85161,4,2000.0,2025-10-03 18:56:11.232041+00:00,2025-11-02 18:56:11.220436+00:00,fully_settled,250.0,1,1.0,2025-10-14 09:07:44.178250+00:00,self_loan_repayment
23946,982,2000.0,2025-09-12 08:42:57.117397+00:00,2025-10-12 08:42:57.111593+00:00,fully_settled,290.0,8,1000.0,2025-10-16 11:50:55.170979+00:00,self_loan_repayment
16210,971,10000.0,2025-07-22 15:47:52.934903+00:00,2025-07-28 00:00:00+00:00,overdue,1450.0,8,3000.0,2025-10-14 09:09:28.091042+00:00,self_loan_repayment
91357,1034,3000.0,2025-10-07 15:41:49.450304+00:00,2025-11-06 15:41:49.446634+00:00,fully_settled,435.0,8,400.0,2025-10-14 10:21:43.241740+00:00,self_loan_repayment
98837,27,1990.0,2025-10-16 04:46:18.382203+00:00,2025-11-15 04:46:18.377693+00:00,fully_settled,248.75,1,2238.75,2025-10-21 10:23:51.065487+00:00,self_loan_repayment
101,14,1.0,2024-12-02 14:23:11.658604+00:00,2024-12-28 00:00:00+00:00,overdue,0.125,1,1.12,2025-10-16 13:43:55.351119+00:00,self_loan_repayment
91357,1034,3000.0,2025-10-07 15:41:49.450304+00:00,2025-11-06 15:41:49.446634+00:00,fully_settled,435.0,8,150.0,2025-10-18 16:25:14.836983+00:00,self_loan_repayment
93833,978,750.0,2025-10-10 07:41:47.004421+00:00,2025-11-09 07:41:46.997165+00:00,fully_settled,138.75,16,200.0,2025-10-16 16:04:46.690188+00:00,self_loan_repayment
91357,1034,3000.0,2025-10-07 15:41:49.450304+00:00,2025-11-06 15:41:49.446634+00:00,fully_settled,435.0,8,200.0,2025-10-17 16:56:49.979129+00:00,self_loan_repayment
23946,982,2000.0,2025-09-12 08:42:57.117397+00:00,2025-10-12 08:42:57.111593+00:00,fully_settled,290.0,8,100.0,2025-10-20 18:03:18.378672+00:00,self_loan_repayment
18826,976,3500.0,2025-08-08 08:18:13.279310+00:00,2025-09-07 08:18:13.273793+00:00,fully_settled,647.5,16,1397.5,2025-10-18 06:20:08.769600+00:00,self_loan_repayment
88966,19,2000.0,2025-10-06 10:07:50.508829+00:00,2025-11-05 10:07:50.504206+00:00,fully_settled,250.0,1,2250.0,2025-10-19 07:34:58.612328+00:00,self_loan_repayment
23946,982,2000.0,2025-09-12 08:42:57.117397+00:00,2025-10-12 08:42:57.111593+00:00,fully_settled,290.0,8,100.0,2025-10-18 09:38:43.540957+00:00,self_loan_repayment
23946,982,2000.0,2025-09-12 08:42:57.117397+00:00,2025-10-12 08:42:57.111593+00:00,fully_settled,290.0,8,200.0,2025-10-20 04:02:31.617873+00:00,self_loan_repayment
96225,3,100.0,2025-10-12 16:26:32.143195+00:00,2025-11-11 16:26:32.136188+00:00,fully_settled,12.5,1,112.5,2025-10-21 10:29:49.766500+00:00,wallet_repayment
55800,974,5000.0,2025-09-18 15:28:08.052756+00:00,2025-10-18 15:28:08.047844+00:00,fully_settled,925.0,16,1550.0,2025-10-21 17:45:02.350605+00:00,self_loan_repayment
94313,1040,5000.0,2025-10-10 15:43:58.578151+00:00,2025-11-09 15:43:58.572535+00:00,fully_settled,725.0,8,5725.0,2025-10-21 16:44:29.892153+00:00,self_loan_repayment
80905,1030,1800.0,2025-09-30 18:06:09.096596+00:00,2025-10-30 18:06:09.091125+00:00,fully_settled,225.0,10,2025.0,2025-10-21 12:48:24.989050+00:00,self_loan_repayment
23946,982,2000.0,2025-09-12 08:42:57.117397+00:00,2025-10-12 08:42:57.111593+00:00,fully_settled,290.0,8,250.0,2025-10-22 05:04:23.841028+00:00,self_loan_repayment
5954,892,300.0,2025-06-19 10:57:54.451850+00:00,2025-06-28 00:00:00+00:00,overdue,37.5,10,100.0,2025-10-22 08:08:11.695649+00:00,self_loan_repayment
19433,892,360.0,2025-08-15 21:04:55.109364+00:00,2025-09-14 21:04:55.104021+00:00,fully_settled,45.0,10,100.0,2025-10-22 08:09:24.902457+00:00,self_loan_repayment
19575,892,300.0,2025-08-17 18:09:44.615092+00:00,2025-09-16 18:09:44.608200+00:00,overdue,37.5,10,100.0,2025-10-22 08:13:20.185034+00:00,self_loan_repayment
92470,892,150.0,2025-10-08 18:40:57.805164+00:00,2025-11-07 18:40:57.799921+00:00,overdue,18.75,10,100.0,2025-10-22 08:16:51.401786+00:00,self_loan_repayment
68914,933,5000.0,2025-09-24 10:44:31.255727+00:00,2025-10-24 10:44:31.251317+00:00,fully_settled,725.0,8,5725.0,2025-10-22 08:17:26.651269+00:00,self_loan_repayment
68939,933,5000.0,2025-09-24 10:53:16.052827+00:00,2025-10-24 10:53:16.047376+00:00,fully_settled,725.0,8,5725.0,2025-10-22 08:20:08.820898+00:00,self_loan_repayment
18860,896,300.0,2025-08-08 15:43:30.347707+00:00,2025-09-07 15:43:30.342378+00:00,fully_settled,37.5,10,337.5,2025-10-22 12:37:25.988989+00:00,self_loan_repayment
19912,988,3000.0,2025-08-22 15:57:30.639069+00:00,2025-09-21 15:57:30.633416+00:00,overdue,435.0,8,435.0,2025-10-22 08:50:19.020020+00:00,self_loan_repayment
20150,987,10000.0,2025-08-25 10:16:27.281805+00:00,2025-09-24 10:16:27.276386+00:00,overdue,1450.0,8,5000.0,2025-10-22 09:10:33.341926+00:00,self_loan_repayment
77891,1,2000.0,2025-09-29 12:40:03.164017+00:00,2025-10-29 12:40:03.155880+00:00,fully_settled,250.0,1,2250.0,2025-10-23 08:52:26.629639+00:00,self_loan_repayment
94460,892,200.0,2025-10-10 18:47:27.604466+00:00,2025-11-09 18:47:27.599967+00:00,overdue,25.0,10,100.0,2025-10-22 09:15:41.351237+00:00,self_loan_repayment
55800,974,5000.0,2025-09-18 15:28:08.052756+00:00,2025-10-18 15:28:08.047844+00:00,fully_settled,925.0,16,2025.0,2025-10-22 17:39:15.258314+00:00,self_loan_repayment
95193,892,340.0,2025-10-11 15:55:04.004527+00:00,2025-11-10 15:55:03.998976+00:00,overdue,42.5,10,100.0,2025-10-22 09:18:02.187854+00:00,self_loan_repayment
97249,892,250.0,2025-10-13 17:19:44.934446+00:00,2025-11-12 17:19:44.930388+00:00,overdue,31.25,10,100.0,2025-10-22 09:20:09.212612+00:00,self_loan_repayment
54871,1019,5000.0,2025-09-18 09:30:35.315715+00:00,2025-10-18 09:30:35.308811+00:00,overdue,725.0,8,725.0,2025-10-23 03:58:11.770510+00:00,self_loan_repayment
69410,943,10000.0,2025-09-24 15:09:29.250286+00:00,2025-10-24 15:09:29.246166+00:00,fully_settled,1450.0,8,10000.0,2025-10-22 09:53:47.272215+00:00,self_loan_repayment
69410,943,10000.0,2025-09-24 15:09:29.250286+00:00,2025-10-24 15:09:29.246166+00:00,fully_settled,1450.0,8,1450.0,2025-10-22 09:55:34.524171+00:00,self_loan_repayment
67071,982,3000.0,2025-09-22 14:26:34.311473+00:00,2025-10-22 14:26:34.303521+00:00,fully_settled,435.0,8,1000.0,2025-10-23 04:44:09.577635+00:00,self_loan_repayment
83452,948,6000.0,2025-10-02 09:12:11.401280+00:00,2025-11-01 09:12:11.396735+00:00,fully_settled,870.0,8,6870.0,2025-10-22 11:02:48.490209+00:00,self_loan_repayment
10717,896,300.0,2025-07-05 09:45:26.312691+00:00,2025-07-28 00:00:00+00:00,fully_settled,37.5,10,337.5,2025-10-22 11:46:18.560157+00:00,self_loan_repayment
49045,1017,2000.0,2025-09-16 14:34:06.165761+00:00,2025-10-16 14:34:06.160130+00:00,fully_settled,290.0,8,2290.0,2025-10-23 09:42:05.370060+00:00,self_loan_repayment
69176,896,1900.0,2025-09-24 12:55:13.523975+00:00,2025-10-24 12:55:13.519804+00:00,fully_settled,237.5,10,2137.5,2025-10-22 11:54:34.017188+00:00,self_loan_repayment
16210,971,10000.0,2025-07-22 15:47:52.934903+00:00,2025-07-28 00:00:00+00:00,overdue,1450.0,8,1450.0,2025-10-23 06:34:27.770466+00:00,self_loan_repayment
86883,978,500.0,2025-10-05 07:18:49.284270+00:00,2025-11-04 07:18:49.278180+00:00,fully_settled,92.5,16,440.0,2025-10-23 07:44:59.093492+00:00,self_loan_repayment
67071,982,3000.0,2025-09-22 14:26:34.311473+00:00,2025-10-22 14:26:34.303521+00:00,fully_settled,435.0,8,2435.0,2025-10-23 09:47:26.343625+00:00,self_loan_repayment
20141,941,4000.0,2025-08-25 09:40:46.297794+00:00,2025-09-24 09:40:46.294391+00:00,fully_settled,580.0,8,600.0,2025-10-23 07:48:17.307401+00:00,self_loan_repayment
92340,1037,5000.0,2025-10-08 15:13:22.243813+00:00,2025-11-07 15:13:22.239049+00:00,overdue,725.0,8,725.0,2025-10-23 08:44:31.320142+00:00,self_loan_repayment
83859,6,2000.0,2025-10-02 14:14:42.265583+00:00,2025-11-01 14:14:42.261883+00:00,fully_settled,250.0,1,2250.0,2025-10-23 18:16:27.243915+00:00,allocation_repayment
70372,95,2000.0,2025-09-25 10:44:15.520587+00:00,2025-10-25 10:44:15.513388+00:00,fully_settled,250.0,1,2250.0,2025-10-23 11:22:42.158417+00:00,self_loan_repayment
90645,18,2000.0,2025-10-07 07:03:51.458757+00:00,2025-11-06 07:03:51.454275+00:00,fully_settled,250.0,1,2250.0,2025-10-23 13:27:21.456050+00:00,allocation_repayment
82148,9,2000.0,2025-10-01 13:39:09.178690+00:00,2025-10-31 13:39:09.167930+00:00,fully_settled,250.0,1,2250.0,2025-10-23 13:28:01.937290+00:00,allocation_repayment
88689,924,2000.0,2025-10-06 07:23:21.430055+00:00,2025-11-05 07:23:21.425972+00:00,fully_settled,250.0,1,2250.0,2025-10-23 18:17:01.519623+00:00,allocation_repayment
67236,893,5000.0,2025-09-22 15:37:09.987887+00:00,2025-10-22 15:37:09.983592+00:00,fully_settled,625.0,10,5625.0,2025-10-24 13:33:49.679142+00:00,self_loan_repayment
16345,972,10000.0,2025-07-23 09:24:19.936944+00:00,2025-07-28 00:00:00+00:00,overdue,1450.0,8,1000.0,2025-10-24 05:36:45.791836+00:00,self_loan_repayment
85387,936,10000.0,2025-10-04 05:38:35.684341+00:00,2025-11-03 05:38:35.678277+00:00,fully_settled,1450.0,8,5000.0,2025-10-25 15:19:19.795917+00:00,self_loan_repayment
55800,974,5000.0,2025-09-18 15:28:08.052756+00:00,2025-10-18 15:28:08.047844+00:00,fully_settled,925.0,16,650.0,2025-10-25 16:04:48.644675+00:00,self_loan_repayment
80453,982,2000.0,2025-09-30 14:11:06.076672+00:00,2025-10-30 14:11:06.070081+00:00,fully_settled,290.0,8,2290.0,2025-10-26 07:34:00.074040+00:00,self_loan_repayment
21657,997,10000.0,2025-09-08 15:11:42.068855+00:00,2025-10-08 15:11:42.062331+00:00,overdue,1450.0,8,1450.0,2025-10-27 06:00:54.515812+00:00,self_loan_repayment
21659,997,5000.0,2025-09-08 15:16:05.000419+00:00,2025-10-08 15:16:04.991879+00:00,overdue,725.0,8,725.0,2025-10-27 06:03:42.282675+00:00,self_loan_repayment
5955,897,375.0,2025-06-19 11:24:57.653582+00:00,2025-06-28 00:00:00+00:00,fully_settled,46.875,10,381.875,2025-10-27 06:43:09.128660+00:00,self_loan_repayment
11781,897,400.0,2025-07-08 07:59:10.662233+00:00,2025-07-28 00:00:00+00:00,fully_settled,50.0,10,250.0,2025-10-27 09:55:57.335808+00:00,self_loan_repayment
85376,936,10000.0,2025-10-04 05:25:08.198221+00:00,2025-11-03 05:25:08.192279+00:00,fully_settled,1450.0,8,5000.0,2025-10-27 10:16:11.604526+00:00,self_loan_repayment
67227,974,10000.0,2025-09-22 15:34:31.850465+00:00,2025-10-22 15:34:31.843057+00:00,fully_settled,1850.0,16,2000.0,2025-10-28 06:21:37.603538+00:00,self_loan_repayment
85161,4,2000.0,2025-10-03 18:56:11.232041+00:00,2025-11-02 18:56:11.220436+00:00,fully_settled,250.0,1,2249.0,2025-10-28 10:17:40.203910+00:00,allocation_repayment
55800,974,5000.0,2025-09-18 15:28:08.052756+00:00,2025-10-18 15:28:08.047844+00:00,fully_settled,925.0,16,450.0,2025-10-30 10:37:48.192784+00:00,self_loan_repayment
70417,876,6000.0,2025-09-25 11:26:11.491992+00:00,2025-10-25 11:26:11.488083+00:00,fully_settled,750.0,10,6750.0,2025-10-28 13:57:49.280637+00:00,self_loan_repayment
86828,889,3000.0,2025-10-05 06:38:12.774460+00:00,2025-11-04 06:38:12.764834+00:00,fully_settled,375.0,10,3375.0,2025-10-29 11:42:29.930988+00:00,self_loan_repayment
35265,889,2000.0,2025-09-13 08:21:08.775286+00:00,2025-10-13 08:21:08.768956+00:00,fully_settled,250.0,10,2250.0,2025-10-28 15:03:13.487583+00:00,self_loan_repayment
91456,889,1000.0,2025-10-07 17:00:08.795127+00:00,2025-11-06 17:00:08.791015+00:00,fully_settled,125.0,10,1125.0,2025-10-29 11:43:39.774314+00:00,allocation_repayment
95474,889,2000.0,2025-10-11 23:00:24.074663+00:00,2025-11-10 23:00:24.068146+00:00,fully_settled,250.0,10,2250.0,2025-10-29 11:44:53.175475+00:00,allocation_repayment
21675,889,1000.0,2025-09-08 16:55:18.205753+00:00,2025-10-08 16:55:18.198810+00:00,fully_settled,125.0,10,1125.0,2025-10-28 15:12:20.547946+00:00,self_loan_repayment
81810,889,800.0,2025-10-01 09:53:19.270865+00:00,2025-10-31 09:53:19.265079+00:00,fully_settled,100.0,10,900.0,2025-10-29 11:46:37.680985+00:00,allocation_repayment
111429,4,10.0,2025-10-28 15:00:18.100169+00:00,2025-11-27 15:00:18.092128+00:00,fully_settled,1.25,1,11.25,2025-10-28 15:34:58.925382+00:00,self_loan_repayment
83486,889,2000.0,2025-10-02 09:23:43.649058+00:00,2025-11-01 09:23:43.643005+00:00,fully_settled,250.0,10,2250.0,2025-10-29 11:46:54.631946+00:00,allocation_repayment
105037,889,10000.0,2025-10-23 10:31:57.933479+00:00,2025-11-22 10:31:57.928548+00:00,fully_settled,1250.0,10,5000.0,2025-10-29 11:49:35.386341+00:00,allocation_repayment
54796,889,1650.0,2025-09-18 09:05:07.470140+00:00,2025-10-18 09:05:07.466220+00:00,fully_settled,206.25,10,1856.25,2025-10-29 04:52:34.797594+00:00,self_loan_repayment
93361,889,12000.0,2025-10-09 17:11:31.500196+00:00,2025-11-08 17:11:31.495407+00:00,fully_settled,1500.0,10,900.0,2025-10-29 11:49:58.631043+00:00,allocation_repayment
84959,889,1000.0,2025-10-03 16:06:56.050496+00:00,2025-11-02 16:06:56.043114+00:00,fully_settled,125.0,10,1125.0,2025-10-29 06:04:55.722320+00:00,self_loan_repayment
20176,941,6000.0,2025-08-25 15:04:26.691445+00:00,2025-09-24 15:04:26.685901+00:00,fully_settled,870.0,8,570.0,2025-10-29 18:16:15.750649+00:00,self_loan_repayment
35224,1012,5000.0,2025-09-13 08:13:42.240061+00:00,2025-10-13 08:13:42.233642+00:00,overdue,725.0,8,725.0,2025-10-29 07:21:54.832227+00:00,self_loan_repayment
91357,1034,3000.0,2025-10-07 15:41:49.450304+00:00,2025-11-06 15:41:49.446634+00:00,fully_settled,435.0,8,200.0,2025-10-29 11:08:23.888840+00:00,self_loan_repayment
57766,889,2000.0,2025-09-19 10:17:20.916744+00:00,2025-10-19 10:17:20.909751+00:00,fully_settled,250.0,10,2250.0,2025-10-29 11:28:47.378293+00:00,allocation_repayment
93361,889,12000.0,2025-10-09 17:11:31.500196+00:00,2025-11-08 17:11:31.495407+00:00,fully_settled,1500.0,10,12600.0,2025-10-29 11:57:31.132183+00:00,allocation_repayment
77469,1028,6000.0,2025-09-29 08:39:32.849580+00:00,2025-10-29 08:39:32.842702+00:00,fully_settled,870.0,8,870.0,2025-10-29 11:36:17.460480+00:00,self_loan_repayment
68024,889,500.0,2025-09-23 06:42:56.911642+00:00,2025-10-23 06:42:56.904922+00:00,fully_settled,62.5,10,562.5,2025-10-29 11:39:02.542955+00:00,allocation_repayment
85497,889,500.0,2025-10-04 07:30:28.569695+00:00,2025-11-03 07:30:28.562801+00:00,fully_settled,62.5,10,562.5,2025-10-29 11:39:28.874479+00:00,allocation_repayment
105037,889,10000.0,2025-10-23 10:31:57.933479+00:00,2025-11-22 10:31:57.928548+00:00,fully_settled,1250.0,10,3023.0,2025-10-29 11:57:59.172895+00:00,allocation_repayment
105037,889,10000.0,2025-10-23 10:31:57.933479+00:00,2025-11-22 10:31:57.928548+00:00,fully_settled,1250.0,10,3227.0,2025-10-29 12:00:23.189089+00:00,allocation_repayment
105044,889,5000.0,2025-10-23 10:38:10.751821+00:00,2025-11-22 10:38:10.747445+00:00,fully_settled,625.0,10,5625.0,2025-10-29 12:02:01.706829+00:00,allocation_repayment
85376,936,10000.0,2025-10-04 05:25:08.198221+00:00,2025-11-03 05:25:08.192279+00:00,fully_settled,1450.0,8,6450.0,2025-10-29 13:45:50.095220+00:00,self_loan_repayment
85380,936,10000.0,2025-10-04 05:32:53.535837+00:00,2025-11-03 05:32:53.529580+00:00,fully_settled,1450.0,8,3000.0,2025-10-30 07:35:34.533907+00:00,self_loan_repayment
67227,974,10000.0,2025-09-22 15:34:31.850465+00:00,2025-10-22 15:34:31.843057+00:00,fully_settled,1850.0,16,1650.0,2025-10-29 16:28:35.706425+00:00,self_loan_repayment
22060,1006,7000.0,2025-09-11 16:09:26.086982+00:00,2025-10-11 16:09:26.082792+00:00,overdue,1015.0,8,815.0,2025-10-30 06:37:51.207291+00:00,self_loan_repayment
85387,936,10000.0,2025-10-04 05:38:35.684341+00:00,2025-11-03 05:38:35.678277+00:00,fully_settled,1450.0,8,6450.0,2025-10-30 07:00:08.786273+00:00,self_loan_repayment
85380,936,10000.0,2025-10-04 05:32:53.535837+00:00,2025-11-03 05:32:53.529580+00:00,fully_settled,1450.0,8,5000.0,2025-10-30 08:35:04.178027+00:00,self_loan_repayment
94099,948,3000.0,2025-10-10 11:59:40.585437+00:00,2025-11-09 11:59:40.581007+00:00,fully_settled,435.0,8,3435.0,2025-10-30 08:05:09.176817+00:00,self_loan_repayment
85380,936,10000.0,2025-10-04 05:32:53.535837+00:00,2025-11-03 05:32:53.529580+00:00,fully_settled,1450.0,8,3450.0,2025-10-30 10:52:35.845048+00:00,self_loan_repayment
99845,967,2000.0,2025-10-17 11:22:24.709327+00:00,2025-11-16 11:22:24.703980+00:00,fully_settled,370.0,14,2370.0,2025-10-30 13:33:56.925805+00:00,self_loan_repayment
89680,936,5000.0,2025-10-06 15:22:33.621507+00:00,2025-11-05 15:22:33.615138+00:00,fully_settled,725.0,8,4000.0,2025-10-30 14:57:39.615647+00:00,self_loan_repayment
89680,936,5000.0,2025-10-06 15:22:33.621507+00:00,2025-11-05 15:22:33.615138+00:00,fully_settled,725.0,8,1725.0,2025-10-30 15:16:03.102002+00:00,self_loan_repayment
85412,936,10000.0,2025-10-04 06:17:42.788843+00:00,2025-11-03 06:17:42.782871+00:00,fully_settled,1450.0,8,2000.0,2025-10-30 15:17:33.080427+00:00,self_loan_repayment
48674,1016,5000.0,2025-09-16 13:07:08.986651+00:00,2025-10-16 13:07:08.980184+00:00,overdue,725.0,8,725.0,2025-10-31 19:35:44.237088+00:00,self_loan_repayment
67220,975,10000.0,2025-09-22 15:29:35.995125+00:00,2025-10-22 15:29:35.991480+00:00,fully_settled,1850.0,16,5000.0,2025-10-31 03:37:33.823590+00:00,self_loan_repayment
67220,975,10000.0,2025-09-22 15:29:35.995125+00:00,2025-10-22 15:29:35.991480+00:00,fully_settled,1850.0,16,6850.0,2025-10-31 03:38:49.679008+00:00,self_loan_repayment
55800,974,5000.0,2025-09-18 15:28:08.052756+00:00,2025-10-18 15:28:08.047844+00:00,fully_settled,925.0,16,400.0,2025-10-31 05:09:43.200135+00:00,self_loan_repayment
20308,991,10000.0,2025-08-27 04:07:51.909867+00:00,2025-09-26 04:07:51.902982+00:00,fully_settled,1450.0,8,1400.0,2025-10-31 19:54:39.128007+00:00,self_loan_repayment
85412,936,10000.0,2025-10-04 06:17:42.788843+00:00,2025-11-03 06:17:42.782871+00:00,fully_settled,1450.0,8,9450.0,2025-10-31 06:45:16.235226+00:00,self_loan_repayment
83526,51,4000.0,2025-10-02 09:50:11.810852+00:00,2025-11-01 09:50:11.803794+00:00,fully_settled,740.0,4,4740.0,2025-10-31 07:52:23.835489+00:00,allocation_repayment
83490,63,12000.0,2025-10-02 09:29:10.812874+00:00,2025-11-01 09:29:10.808722+00:00,fully_settled,2220.0,4,14200.0,2025-10-31 07:53:07.309089+00:00,allocation_repayment
83490,63,12000.0,2025-10-02 09:29:10.812874+00:00,2025-11-01 09:29:10.808722+00:00,fully_settled,2220.0,4,20.0,2025-10-31 07:53:44.285095+00:00,allocation_repayment
83494,55,10000.0,2025-10-02 09:31:41.074511+00:00,2025-11-01 09:31:41.067692+00:00,fully_settled,1850.0,4,9480.0,2025-10-31 07:56:05.979102+00:00,allocation_repayment
83494,55,10000.0,2025-10-02 09:31:41.074511+00:00,2025-11-01 09:31:41.067692+00:00,fully_settled,1850.0,4,2369.0,2025-10-31 07:57:03.576689+00:00,allocation_repayment
83494,55,10000.0,2025-10-02 09:31:41.074511+00:00,2025-11-01 09:31:41.067692+00:00,fully_settled,1850.0,4,1.0,2025-10-31 07:57:43.492645+00:00,allocation_repayment
20227,991,10000.0,2025-08-26 07:25:13.422184+00:00,2025-09-25 07:25:13.418142+00:00,fully_settled,1450.0,8,1400.0,2025-10-31 08:27:35.840103+00:00,self_loan_repayment
20240,991,5000.0,2025-08-26 08:37:48.379235+00:00,2025-09-25 08:37:48.373783+00:00,fully_settled,725.0,8,700.0,2025-10-31 08:36:59.001080+00:00,self_loan_repayment
20251,991,4000.0,2025-08-26 09:02:28.617681+00:00,2025-09-25 09:02:28.613553+00:00,fully_settled,580.0,8,572.0,2025-10-31 08:40:58.271520+00:00,self_loan_repayment
20413,991,10000.0,2025-08-28 06:46:19.272224+00:00,2025-09-27 06:46:19.267562+00:00,fully_settled,1450.0,8,1400.0,2025-10-31 09:46:11.087915+00:00,self_loan_repayment
55800,974,5000.0,2025-09-18 15:28:08.052756+00:00,2025-10-18 15:28:08.047844+00:00,fully_settled,925.0,16,850.0,2025-10-31 11:03:11.443619+00:00,self_loan_repayment
20309,991,10000.0,2025-08-27 04:09:19.791443+00:00,2025-09-26 04:09:19.784750+00:00,fully_settled,1450.0,8,1400.0,2025-10-31 20:12:53.798965+00:00,self_loan_repayment
67227,974,10000.0,2025-09-22 15:34:31.850465+00:00,2025-10-22 15:34:31.843057+00:00,fully_settled,1850.0,16,2200.0,2025-10-31 11:05:11.579341+00:00,self_loan_repayment
55570,287,2000.0,2025-09-18 14:05:04.503240+00:00,2025-10-18 14:05:04.484531+00:00,fully_settled,250.0,1,2250.0,2025-10-31 12:05:45.179319+00:00,allocation_repayment
55565,287,2000.0,2025-09-18 14:03:16.084160+00:00,2025-10-18 14:03:16.078678+00:00,fully_settled,250.0,1,2250.0,2025-10-31 12:06:03.794074+00:00,allocation_repayment
20992,994,1000.0,2025-09-02 18:20:58.963898+00:00,2025-10-02 18:20:58.956979+00:00,fully_settled,185.0,16,1185.0,2025-10-31 21:13:53.828350+00:00,self_loan_repayment
67227,974,10000.0,2025-09-22 15:34:31.850465+00:00,2025-10-22 15:34:31.843057+00:00,fully_settled,1850.0,16,1500.0,2025-11-01 11:41:56.796189+00:00,self_loan_repayment
91357,1034,3000.0,2025-10-07 15:41:49.450304+00:00,2025-11-06 15:41:49.446634+00:00,fully_settled,435.0,8,1000.0,2025-11-01 12:35:16.223853+00:00,self_loan_repayment
91357,1034,3000.0,2025-10-07 15:41:49.450304+00:00,2025-11-06 15:41:49.446634+00:00,fully_settled,435.0,8,585.0,2025-11-01 12:56:41.309710+00:00,self_loan_repayment
84204,989,4000.0,2025-10-02 20:21:52.379709+00:00,2025-11-01 20:21:52.373598+00:00,fully_settled,580.0,8,4580.0,2025-11-02 16:25:15.515083+00:00,self_loan_repayment
83515,989,3000.0,2025-10-02 09:46:21.149569+00:00,2025-11-01 09:46:21.142588+00:00,fully_settled,435.0,8,3435.0,2025-11-02 16:44:32.024586+00:00,self_loan_repayment
83476,982,6000.0,2025-10-02 09:20:04.340543+00:00,2025-11-01 09:20:04.335393+00:00,fully_settled,870.0,8,1000.0,2025-11-02 18:56:04.306357+00:00,self_loan_repayment
67227,974,10000.0,2025-09-22 15:34:31.850465+00:00,2025-10-22 15:34:31.843057+00:00,fully_settled,1850.0,16,1400.0,2025-11-02 20:26:07.165219+00:00,self_loan_repayment
67227,974,10000.0,2025-09-22 15:34:31.850465+00:00,2025-10-22 15:34:31.843057+00:00,fully_settled,1850.0,16,3100.0,2025-11-03 07:56:38.026726+00:00,self_loan_repayment
5292,881,2000.0,2025-05-27 12:43:44.152406+00:00,2025-05-28 00:00:00+00:00,fully_settled,250.0,10,2250.0,2025-11-03 10:52:52.553579+00:00,self_loan_repayment
80900,994,7000.0,2025-09-30 18:05:00.943775+00:00,2025-10-30 18:05:00.936844+00:00,fully_settled,1295.0,16,8295.0,2025-11-03 11:15:12.701211+00:00,self_loan_repayment
89699,930,300.0,2025-10-06 15:30:54.831189+00:00,2025-11-05 15:30:54.826936+00:00,fully_settled,37.5,1,337.5,2025-11-06 12:42:19.123092+00:00,allocation_repayment
83476,982,6000.0,2025-10-02 09:20:04.340543+00:00,2025-11-01 09:20:04.335393+00:00,fully_settled,870.0,8,1000.0,2025-11-03 12:30:01.730070+00:00,self_loan_repayment
97362,989,2000.0,2025-10-13 19:55:42.523296+00:00,2025-11-12 19:55:42.498516+00:00,fully_settled,290.0,8,500.0,2025-11-03 14:31:09.831373+00:00,self_loan_repayment
115276,989,6000.0,2025-11-02 17:34:28.495568+00:00,2025-12-02 17:34:28.491785+00:00,fully_settled,870.0,8,100.0,2025-11-03 18:03:34.713678+00:00,self_loan_repayment
93833,978,750.0,2025-10-10 07:41:47.004421+00:00,2025-11-09 07:41:46.997165+00:00,fully_settled,138.75,16,388.75,2025-11-04 06:42:47.861521+00:00,self_loan_repayment
88730,78,2000.0,2025-10-06 07:39:09.210665+00:00,2025-11-05 07:39:09.204726+00:00,fully_settled,250.0,1,2250.0,2025-11-04 09:22:33.866436+00:00,allocation_repayment
83476,982,6000.0,2025-10-02 09:20:04.340543+00:00,2025-11-01 09:20:04.335393+00:00,fully_settled,870.0,8,3000.0,2025-11-04 16:17:58.365610+00:00,self_loan_repayment
863,332,800.0,2025-02-25 19:22:53.691193+00:00,2025-02-28 00:00:00+00:00,overdue,148.0,4,500.0,2025-11-05 13:04:33.769999+00:00,self_loan_repayment
97362,989,2000.0,2025-10-13 19:55:42.523296+00:00,2025-11-12 19:55:42.498516+00:00,fully_settled,290.0,8,500.0,2025-11-05 14:58:52.156390+00:00,self_loan_repayment
20022,937,6000.0,2025-08-23 16:21:34.086608+00:00,2025-09-22 16:21:34.080743+00:00,overdue,870.0,8,1000.0,2025-11-06 06:28:09.609801+00:00,self_loan_repayment
91848,975,5000.0,2025-10-08 05:51:25.733190+00:00,2025-11-07 05:51:25.727387+00:00,fully_settled,925.0,16,5925.0,2025-11-06 08:12:26.248808+00:00,self_loan_repayment
86883,978,500.0,2025-10-05 07:18:49.284270+00:00,2025-11-04 07:18:49.278180+00:00,fully_settled,92.5,16,152.5,2025-11-07 08:25:26.727654+00:00,self_loan_repayment
4962,204,1000.0,2025-05-06 17:23:18.559707+00:00,2025-05-28 00:00:00+00:00,overdue,185.0,4,100.0,2025-11-06 08:49:45.613042+00:00,self_loan_repayment
71910,1026,10000.0,2025-09-26 16:47:35.948081+00:00,2025-10-26 16:47:35.942288+00:00,overdue,1450.0,8,2100.0,2025-11-06 11:10:18.250979+00:00,self_loan_repayment
97853,930,300.0,2025-10-14 14:47:18.173816+00:00,2025-11-13 14:47:18.168440+00:00,fully_settled,37.5,1,337.5,2025-11-06 12:34:48.177025+00:00,allocation_repayment
95051,930,100.0,2025-10-11 13:09:05.044258+00:00,2025-11-10 13:09:05.039413+00:00,fully_settled,12.5,1,112.5,2025-11-06 12:35:16.267184+00:00,allocation_repayment
94438,930,600.0,2025-10-10 17:40:23.638828+00:00,2025-11-09 17:40:23.633718+00:00,fully_settled,75.0,1,675.0,2025-11-06 12:36:30.120375+00:00,allocation_repayment
92332,930,300.0,2025-10-08 14:53:18.365753+00:00,2025-11-07 14:53:18.360996+00:00,fully_settled,37.5,1,337.5,2025-11-06 12:38:02.425123+00:00,allocation_repayment
92166,930,250.0,2025-10-08 11:30:20.771453+00:00,2025-11-07 11:30:20.766271+00:00,fully_settled,31.25,1,281.25,2025-11-06 12:38:31.023401+00:00,allocation_repayment
90764,930,150.0,2025-10-07 08:25:21.535438+00:00,2025-11-06 08:25:21.530384+00:00,fully_settled,18.75,1,168.75,2025-11-06 12:38:53.805852+00:00,allocation_repayment
114513,1034,5000.0,2025-11-01 12:58:48.888205+00:00,2025-12-01 12:58:48.882765+00:00,overdue,725.0,8,500.0,2025-11-07 17:21:14.267250+00:00,self_loan_repayment
83476,982,6000.0,2025-10-02 09:20:04.340543+00:00,2025-11-01 09:20:04.335393+00:00,fully_settled,870.0,8,1870.0,2025-11-08 15:55:45.352843+00:00,self_loan_repayment
97362,989,2000.0,2025-10-13 19:55:42.523296+00:00,2025-11-12 19:55:42.498516+00:00,fully_settled,290.0,8,500.0,2025-11-08 18:28:28.266354+00:00,self_loan_repayment
92831,1038,3000.0,2025-10-09 08:26:09.416142+00:00,2025-11-08 08:26:09.409589+00:00,fully_settled,435.0,8,3435.0,2025-11-08 17:10:59.263761+00:00,self_loan_repayment
97362,989,2000.0,2025-10-13 19:55:42.523296+00:00,2025-11-12 19:55:42.498516+00:00,fully_settled,290.0,8,790.0,2025-11-09 17:19:52.726266+00:00,self_loan_repayment
4962,204,1000.0,2025-05-06 17:23:18.559707+00:00,2025-05-28 00:00:00+00:00,overdue,185.0,4,100.0,2025-11-10 10:09:38.362392+00:00,self_loan_repayment
100835,1036,1000.0,2025-10-18 21:59:50.341679+00:00,2025-11-17 21:59:50.337002+00:00,fully_settled,185.0,16,1185.0,2025-12-04 07:55:24.929741+00:00,allocation_repayment
103281,1036,2000.0,2025-10-21 10:41:03.541009+00:00,2025-11-20 10:41:03.535275+00:00,fully_settled,370.0,16,2370.0,2025-12-04 07:55:43.187093+00:00,allocation_repayment
103332,931,400.0,2025-10-21 11:23:54.337028+00:00,2025-11-20 11:23:54.332322+00:00,fully_settled,50.0,1,450.0,2025-11-14 11:49:47.491092+00:00,allocation_repayment
100115,931,1000.0,2025-10-17 17:50:44.536682+00:00,2025-11-16 17:50:44.532016+00:00,fully_settled,125.0,1,1125.0,2025-11-14 11:50:12.154390+00:00,allocation_repayment
98696,931,600.0,2025-10-15 18:15:53.994135+00:00,2025-11-14 18:15:53.988845+00:00,fully_settled,75.0,1,675.0,2025-11-14 11:50:31.421141+00:00,allocation_repayment
115276,989,6000.0,2025-11-02 17:34:28.495568+00:00,2025-12-02 17:34:28.491785+00:00,fully_settled,870.0,8,100.0,2025-11-13 17:36:26.677176+00:00,self_loan_repayment
20227,991,10000.0,2025-08-26 07:25:13.422184+00:00,2025-09-25 07:25:13.418142+00:00,fully_settled,1450.0,8,8600.0,2025-11-13 21:30:25.547190+00:00,self_loan_repayment
20885,992,1300.0,2025-09-01 13:12:51.308094+00:00,2025-10-01 13:12:51.303259+00:00,fully_settled,240.5,16,1540.5,2025-11-17 10:21:58.180328+00:00,self_loan_repayment
20240,991,5000.0,2025-08-26 08:37:48.379235+00:00,2025-09-25 08:37:48.373783+00:00,fully_settled,725.0,8,4300.0,2025-11-13 21:32:32.787897+00:00,self_loan_repayment
93308,900,10000.0,2025-10-09 16:37:13.644310+00:00,2025-11-08 16:37:13.640534+00:00,fully_settled,1250.0,10,10000.0,2025-11-14 12:19:31.427031+00:00,self_loan_repayment
20251,991,4000.0,2025-08-26 09:02:28.617681+00:00,2025-09-25 09:02:28.613553+00:00,fully_settled,580.0,8,3508.0,2025-11-13 21:34:57.703070+00:00,self_loan_repayment
114061,991,1000.0,2025-10-31 20:01:46.791878+00:00,2025-11-30 20:01:46.786753+00:00,fully_settled,145.0,8,1145.0,2025-11-13 21:37:07.983535+00:00,self_loan_repayment
20504,992,3000.0,2025-08-29 10:29:19.922278+00:00,2025-09-28 10:29:19.916034+00:00,fully_settled,555.0,16,3555.0,2025-11-17 08:12:07.587978+00:00,self_loan_repayment
20176,941,6000.0,2025-08-25 15:04:26.691445+00:00,2025-09-24 15:04:26.685901+00:00,fully_settled,870.0,8,430.0,2025-11-15 05:46:12.861633+00:00,self_loan_repayment
20413,991,10000.0,2025-08-28 06:46:19.272224+00:00,2025-09-27 06:46:19.267562+00:00,fully_settled,1450.0,8,8600.0,2025-11-14 09:40:25.803814+00:00,self_loan_repayment
20309,991,10000.0,2025-08-27 04:09:19.791443+00:00,2025-09-26 04:09:19.784750+00:00,fully_settled,1450.0,8,8550.0,2025-11-14 09:42:35.478565+00:00,self_loan_repayment
46582,1014,6000.0,2025-09-15 15:33:09.078843+00:00,2025-10-15 15:33:09.073659+00:00,overdue,870.0,8,870.0,2025-11-15 11:04:55.463083+00:00,self_loan_repayment
20308,991,10000.0,2025-08-27 04:07:51.909867+00:00,2025-09-26 04:07:51.902982+00:00,fully_settled,1450.0,8,8550.0,2025-11-14 09:48:18.765229+00:00,self_loan_repayment
93308,900,10000.0,2025-10-09 16:37:13.644310+00:00,2025-11-08 16:37:13.640534+00:00,fully_settled,1250.0,10,1250.0,2025-11-15 13:53:31.615039+00:00,self_loan_repayment
20670,992,1000.0,2025-08-29 21:51:34.118127+00:00,2025-09-28 21:51:34.113096+00:00,fully_settled,185.0,16,1185.0,2025-11-17 08:29:50.705306+00:00,self_loan_repayment
101385,1038,2000.0,2025-10-19 13:18:26.477737+00:00,2025-11-18 13:18:26.473064+00:00,fully_settled,290.0,8,2290.0,2025-11-16 21:21:20.992225+00:00,self_loan_repayment
68795,992,5000.0,2025-09-24 09:51:56.236220+00:00,2025-10-24 09:51:56.231981+00:00,fully_settled,925.0,16,5925.0,2025-11-17 10:29:27.318346+00:00,self_loan_repayment
20812,992,1000.0,2025-08-31 12:58:43.403570+00:00,2025-09-30 12:58:43.398217+00:00,fully_settled,185.0,16,1185.0,2025-11-17 08:48:09.893586+00:00,self_loan_repayment
115277,1038,1000.0,2025-11-02 17:34:42.590258+00:00,2025-12-02 17:34:42.585038+00:00,fully_settled,145.0,8,200.0,2025-11-17 15:38:48.231378+00:00,self_loan_repayment
96156,992,1500.0,2025-10-12 15:06:43.704026+00:00,2025-11-11 15:06:43.699176+00:00,fully_settled,277.5,16,1777.5,2025-11-17 10:33:12.459006+00:00,self_loan_repayment
21654,27,10.0,2025-09-08 15:06:35.031793+00:00,2025-10-08 15:06:35.026043+00:00,fully_settled,1.25,1,11.25,2025-11-20 08:26:02.325538+00:00,wallet_repayment
115277,1038,1000.0,2025-11-02 17:34:42.590258+00:00,2025-12-02 17:34:42.585038+00:00,fully_settled,145.0,8,200.0,2025-11-19 14:55:09.215510+00:00,self_loan_repayment
20881,64,3000.0,2025-09-01 12:27:18.884322+00:00,2025-10-01 12:27:18.878895+00:00,fully_settled,555.0,4,3555.0,2025-11-20 15:28:02.616577+00:00,allocation_repayment
115277,1038,1000.0,2025-11-02 17:34:42.590258+00:00,2025-12-02 17:34:42.585038+00:00,fully_settled,145.0,8,745.0,2025-11-20 10:40:42.708417+00:00,self_loan_repayment
69455,34,2000.0,2025-09-24 15:33:56.004796+00:00,2025-10-24 15:33:55.996784+00:00,fully_settled,250.0,1,2250.0,2025-11-21 06:56:10.325823+00:00,self_loan_repayment
105029,1030,1800.0,2025-10-23 10:28:11.472507+00:00,2025-11-22 10:28:11.465975+00:00,fully_settled,225.0,10,2025.0,2025-11-21 12:31:20.565059+00:00,self_loan_repayment
66093,886,6000.0,2025-09-22 08:03:39.089850+00:00,2025-10-22 08:03:39.084574+00:00,fully_settled,750.0,10,6750.0,2025-11-21 15:04:02.699482+00:00,self_loan_repayment
66117,886,4000.0,2025-09-22 08:16:28.677862+00:00,2025-10-22 08:16:28.672487+00:00,fully_settled,500.0,10,4500.0,2025-11-21 15:08:15.864728+00:00,self_loan_repayment
103964,1040,5000.0,2025-10-22 09:11:30.498930+00:00,2025-11-21 09:11:30.492479+00:00,fully_settled,725.0,8,5725.0,2025-11-22 06:25:26.662314+00:00,self_loan_repayment
103967,1040,5000.0,2025-10-22 09:12:51.301556+00:00,2025-11-21 09:12:51.296239+00:00,fully_settled,725.0,8,5725.0,2025-11-22 06:28:15.713039+00:00,self_loan_repayment
49021,1018,5000.0,2025-09-16 14:28:58.213132+00:00,2025-10-16 14:28:58.206769+00:00,fully_settled,725.0,8,5725.0,2025-11-22 06:34:28.024761+00:00,self_loan_repayment
106173,896,2500.0,2025-10-24 15:29:34.524243+00:00,2025-11-23 15:29:34.519322+00:00,fully_settled,312.5,10,2812.5,2025-11-22 10:40:39.085281+00:00,self_loan_repayment
83572,947,5000.0,2025-10-02 10:29:30.312753+00:00,2025-11-01 10:29:30.305872+00:00,fully_settled,725.0,8,5725.0,2025-11-22 11:27:09.656966+00:00,self_loan_repayment
83573,947,5000.0,2025-10-02 10:31:11.027305+00:00,2025-11-01 10:31:11.020954+00:00,fully_settled,725.0,8,5725.0,2025-11-22 11:30:55.957734+00:00,self_loan_repayment
83458,948,6000.0,2025-10-02 09:13:16.405424+00:00,2025-11-01 09:13:16.401011+00:00,fully_settled,870.0,8,6870.0,2025-11-23 10:11:41.246137+00:00,self_loan_repayment
19575,892,300.0,2025-08-17 18:09:44.615092+00:00,2025-09-16 18:09:44.608200+00:00,overdue,37.5,10,100.0,2025-11-25 19:12:24.988025+00:00,self_loan_repayment
115693,1048,10000.0,2025-11-03 10:48:17.952782+00:00,2025-12-03 10:48:17.946660+00:00,overdue,1450.0,8,10000.0,2025-11-24 10:23:37.244543+00:00,self_loan_repayment
112105,1028,6000.0,2025-10-29 11:41:38.693146+00:00,2025-11-28 11:41:38.688950+00:00,fully_settled,870.0,8,6870.0,2025-11-24 12:14:59.042021+00:00,self_loan_repayment
77469,1028,6000.0,2025-09-29 08:39:32.849580+00:00,2025-10-29 08:39:32.842702+00:00,fully_settled,870.0,8,6000.0,2025-11-24 12:17:00.271878+00:00,self_loan_repayment
111349,887,5000.0,2025-10-28 13:46:39.606921+00:00,2025-11-27 13:46:39.600846+00:00,fully_settled,625.0,10,5625.0,2025-11-24 17:02:27.396434+00:00,self_loan_repayment
110145,1,2000.0,2025-10-27 12:14:27.488466+00:00,2025-11-26 12:14:27.482443+00:00,fully_settled,250.0,1,2250.0,2025-11-25 13:24:18.168895+00:00,self_loan_repayment
99017,982,3000.0,2025-10-16 11:39:39.651596+00:00,2025-11-15 11:39:39.644096+00:00,fully_settled,435.0,8,3435.0,2025-11-25 03:45:35.323789+00:00,self_loan_repayment
114601,933,1000.0,2025-11-01 15:57:56.791057+00:00,2025-12-01 15:57:56.784918+00:00,fully_settled,145.0,8,1145.0,2025-11-28 16:42:57.293303+00:00,self_loan_repayment
111549,892,250.0,2025-10-28 17:31:16.707647+00:00,2025-11-27 17:31:16.702822+00:00,overdue,31.25,10,100.0,2025-11-25 18:23:59.977532+00:00,self_loan_repayment
92340,1037,5000.0,2025-10-08 15:13:22.243813+00:00,2025-11-07 15:13:22.239049+00:00,overdue,725.0,8,2000.0,2025-11-26 10:54:14.305944+00:00,self_loan_repayment
92486,892,350.0,2025-10-08 19:48:37.147618+00:00,2025-11-07 19:48:37.141608+00:00,fully_settled,43.75,10,393.75,2025-11-25 18:30:28.231480+00:00,self_loan_repayment
19433,892,360.0,2025-08-15 21:04:55.109364+00:00,2025-09-14 21:04:55.104021+00:00,fully_settled,45.0,10,305.0,2025-11-25 18:27:08.095008+00:00,self_loan_repayment
5954,892,300.0,2025-06-19 10:57:54.451850+00:00,2025-06-28 00:00:00+00:00,overdue,37.5,10,100.0,2025-11-25 19:11:15.206439+00:00,self_loan_repayment
5287,881,1000.0,2025-05-26 12:43:25.685889+00:00,2025-05-28 00:00:00+00:00,fully_settled,125.0,10,1125.0,2025-11-27 13:20:40.271707+00:00,self_loan_repayment
103898,933,10000.0,2025-10-22 08:33:46.662760+00:00,2025-11-21 08:33:46.657801+00:00,fully_settled,1450.0,8,10000.0,2025-11-28 16:34:57.710661+00:00,self_loan_repayment
5792,881,13000.0,2025-06-05 11:57:30.052929+00:00,2025-06-28 00:00:00+00:00,overdue,1625.0,10,3000.0,2025-11-27 14:20:03.950373+00:00,self_loan_repayment
103898,933,10000.0,2025-10-22 08:33:46.662760+00:00,2025-11-21 08:33:46.657801+00:00,fully_settled,1450.0,8,1450.0,2025-11-28 16:40:50.466459+00:00,self_loan_repayment
117212,933,200.0,2025-11-05 17:00:03.763193+00:00,2025-12-05 17:00:03.757915+00:00,fully_settled,29.0,8,229.0,2025-11-28 16:52:05.970812+00:00,self_loan_repayment
114944,933,500.0,2025-11-02 06:58:43.276185+00:00,2025-12-02 06:58:43.270846+00:00,fully_settled,72.5,8,572.5,2025-11-28 16:44:41.399538+00:00,self_loan_repayment
116185,933,1600.0,2025-11-04 05:42:50.394104+00:00,2025-12-04 05:42:50.387429+00:00,fully_settled,232.0,8,1832.0,2025-11-28 16:48:53.251587+00:00,self_loan_repayment
114997,933,1000.0,2025-11-02 08:43:07.946644+00:00,2025-12-02 08:43:07.941878+00:00,fully_settled,145.0,8,1145.0,2025-11-28 16:47:04.920575+00:00,self_loan_repayment
117869,933,700.0,2025-11-06 20:12:22.586616+00:00,2025-12-06 20:12:22.581188+00:00,fully_settled,101.5,8,801.5,2025-11-28 17:01:40.347354+00:00,self_loan_repayment
104301,982,4000.0,2025-10-22 14:07:06.983107+00:00,2025-11-21 14:07:06.977564+00:00,fully_settled,580.0,8,4580.0,2025-11-28 17:41:10.091300+00:00,self_loan_repayment
105049,982,3000.0,2025-10-23 10:42:59.919406+00:00,2025-11-22 10:42:59.915418+00:00,fully_settled,435.0,8,3435.0,2025-11-28 21:52:31.635792+00:00,self_loan_repayment
109190,982,2000.0,2025-10-26 17:36:23.654755+00:00,2025-11-25 17:36:23.648100+00:00,fully_settled,290.0,8,2290.0,2025-11-28 22:12:37.426031+00:00,self_loan_repayment
109247,982,2000.0,2025-10-26 18:31:48.360138+00:00,2025-11-25 18:31:48.354222+00:00,fully_settled,290.0,8,2290.0,2025-11-28 22:19:58.206565+00:00,self_loan_repayment
109241,924,2000.0,2025-10-26 18:25:20.347802+00:00,2025-11-25 18:25:20.338024+00:00,fully_settled,250.0,1,2250.0,2025-11-29 06:52:43.277674+00:00,allocation_repayment
131819,4,510.0,2025-11-20 15:41:07.956034+00:00,2025-12-20 15:41:07.949091+00:00,fully_settled,63.75,1,573.75,2025-11-29 06:53:31.336247+00:00,allocation_repayment
117003,4,200.0,2025-11-05 10:47:44.757673+00:00,2025-12-05 10:47:44.753526+00:00,fully_settled,25.0,1,225.0,2025-11-29 06:53:55.587058+00:00,allocation_repayment
116382,4,300.0,2025-11-04 11:17:06.044289+00:00,2025-12-04 11:17:06.040129+00:00,fully_settled,37.5,1,337.5,2025-11-29 06:54:25.186921+00:00,allocation_repayment
115801,4,10.0,2025-11-03 13:23:27.161644+00:00,2025-12-03 13:23:27.157971+00:00,fully_settled,1.25,1,11.25,2025-11-29 06:54:54.192644+00:00,allocation_repayment
116370,4,10.0,2025-11-04 11:01:06.543501+00:00,2025-12-04 11:01:06.538643+00:00,fully_settled,1.25,1,11.25,2025-11-29 06:55:18.443168+00:00,allocation_repayment
113185,4,950.0,2025-10-30 16:16:05.162103+00:00,2025-11-29 16:16:05.155905+00:00,fully_settled,118.75,1,1068.75,2025-11-29 06:56:51.057722+00:00,allocation_repayment
111459,4,10.0,2025-10-28 15:33:03.554035+00:00,2025-11-27 15:33:03.547382+00:00,fully_settled,1.25,1,11.25,2025-11-29 06:57:10.452543+00:00,allocation_repayment
118773,930,800.0,2025-11-08 14:03:54.313700+00:00,2025-12-08 14:03:54.308691+00:00,fully_settled,100.0,1,900.0,2025-11-29 06:57:48.693325+00:00,allocation_repayment
118234,930,1200.0,2025-11-07 14:24:34.422956+00:00,2025-12-07 14:24:34.417061+00:00,fully_settled,150.0,1,1348.0,2025-11-29 06:58:11.089443+00:00,allocation_repayment
121651,931,2000.0,2025-11-14 11:52:00.570653+00:00,2025-12-14 11:52:00.566017+00:00,fully_settled,250.0,1,2250.0,2025-11-29 07:00:58.500630+00:00,allocation_repayment
116305,78,2000.0,2025-11-04 09:30:19.870149+00:00,2025-12-04 09:30:19.864672+00:00,fully_settled,250.0,1,2250.0,2025-11-29 07:01:31.337237+00:00,allocation_repayment
117015,16,700.0,2025-11-05 11:00:23.060838+00:00,2025-12-05 11:00:23.055815+00:00,fully_settled,87.5,1,706.5,2025-11-29 07:02:18.024871+00:00,allocation_repayment
117015,16,700.0,2025-11-05 11:00:23.060838+00:00,2025-12-05 11:00:23.055815+00:00,fully_settled,87.5,1,61.5,2025-11-29 07:02:49.072166+00:00,allocation_repayment
117015,16,700.0,2025-11-05 11:00:23.060838+00:00,2025-12-05 11:00:23.055815+00:00,fully_settled,87.5,1,18.0,2025-11-29 07:03:09.158882+00:00,allocation_repayment
117015,16,700.0,2025-11-05 11:00:23.060838+00:00,2025-12-05 11:00:23.055815+00:00,fully_settled,87.5,1,1.0,2025-11-29 07:03:37.378788+00:00,allocation_repayment
117015,16,700.0,2025-11-05 11:00:23.060838+00:00,2025-12-05 11:00:23.055815+00:00,fully_settled,87.5,1,0.5,2025-11-29 07:03:54.353100+00:00,allocation_repayment
94349,16,1300.0,2025-10-10 16:28:02.435796+00:00,2025-11-09 16:28:02.430105+00:00,fully_settled,162.5,1,1462.5,2025-11-29 07:04:26.766383+00:00,allocation_repayment
118164,5,500.0,2025-11-07 11:43:56.891781+00:00,2025-12-07 11:43:56.886644+00:00,fully_settled,62.5,1,562.5,2025-11-29 07:04:59.413448+00:00,allocation_repayment
133918,28,500.0,2025-11-21 19:57:51.507111+00:00,2025-12-21 19:57:51.501585+00:00,fully_settled,62.5,1,562.5,2025-11-29 07:05:40.565176+00:00,allocation_repayment
558,28,10.0,2025-02-22 10:38:54.856000+00:00,2025-02-28 00:00:00+00:00,fully_settled,1.25,1,11.25,2025-11-29 07:08:58.389210+00:00,allocation_repayment
118234,930,1200.0,2025-11-07 14:24:34.422956+00:00,2025-12-07 14:24:34.417061+00:00,fully_settled,150.0,1,2.0,2025-12-03 14:33:07.423455+00:00,allocation_repayment
104340,948,6000.0,2025-10-22 14:43:59.242194+00:00,2025-11-21 14:43:59.235254+00:00,fully_settled,870.0,8,6870.0,2025-11-29 10:31:22.157074+00:00,self_loan_repayment
115729,994,10000.0,2025-11-03 11:35:04.489989+00:00,2025-12-03 11:35:04.482845+00:00,fully_settled,1850.0,16,1800.0,2025-11-30 04:34:56.481069+00:00,self_loan_repayment
68731,974,5000.0,2025-09-24 09:16:36.288955+00:00,2025-10-24 09:16:36.280915+00:00,fully_settled,925.0,16,2025.0,2025-11-29 11:02:41.582408+00:00,self_loan_repayment
113745,936,10000.0,2025-10-31 12:18:43.127826+00:00,2025-11-30 12:18:43.123479+00:00,fully_settled,1450.0,8,8450.0,2025-12-01 12:00:41.078590+00:00,self_loan_repayment
115729,994,10000.0,2025-11-03 11:35:04.489989+00:00,2025-12-03 11:35:04.482845+00:00,fully_settled,1850.0,16,50.0,2025-11-30 04:37:21.268208+00:00,self_loan_repayment
115729,994,10000.0,2025-11-03 11:35:04.489989+00:00,2025-12-03 11:35:04.482845+00:00,fully_settled,1850.0,16,10000.0,2025-11-30 04:32:23.090831+00:00,self_loan_repayment
113745,936,10000.0,2025-10-31 12:18:43.127826+00:00,2025-11-30 12:18:43.123479+00:00,fully_settled,1450.0,8,3000.0,2025-11-30 06:31:57.101166+00:00,self_loan_repayment
21657,997,10000.0,2025-09-08 15:11:42.068855+00:00,2025-10-08 15:11:42.062331+00:00,overdue,1450.0,8,800.0,2025-11-30 14:00:02.159800+00:00,self_loan_repayment
20545,940,20000.0,2025-08-29 14:46:29.937005+00:00,2025-09-28 14:46:29.930388+00:00,overdue,2900.0,8,1700.0,2025-12-01 07:31:41.473228+00:00,self_loan_repayment
70537,943,1000.0,2025-09-25 13:21:33.904452+00:00,2025-10-25 13:21:33.899752+00:00,fully_settled,145.0,8,1145.0,2025-12-02 07:17:30.101508+00:00,self_loan_repayment
113548,936,10000.0,2025-10-31 07:51:18.779989+00:00,2025-11-30 07:51:18.775878+00:00,overdue,1450.0,8,7000.0,2025-12-02 07:40:13.501029+00:00,self_loan_repayment
105576,18,2000.0,2025-10-23 18:21:46.900881+00:00,2025-11-22 18:21:46.896832+00:00,fully_settled,250.0,1,2250.0,2025-12-02 08:58:40.704718+00:00,allocation_repayment
115233,989,4000.0,2025-11-02 16:42:36.892259+00:00,2025-12-02 16:42:36.885105+00:00,fully_settled,580.0,8,4580.0,2025-12-03 05:56:16.841133+00:00,self_loan_repayment
92012,1036,8000.0,2025-10-08 08:52:16.072122+00:00,2025-11-07 08:52:16.066738+00:00,fully_settled,1480.0,16,9480.0,2025-12-04 07:54:03.200669+00:00,allocation_repayment
111354,1036,10000.0,2025-10-28 13:49:08.163461+00:00,2025-11-27 13:49:08.157979+00:00,fully_settled,1850.0,16,11850.0,2025-12-04 07:54:26.959771+00:00,allocation_repayment
100067,1036,2000.0,2025-10-17 16:11:04.246693+00:00,2025-11-16 16:11:04.241498+00:00,fully_settled,370.0,16,2370.0,2025-12-04 07:54:51.276012+00:00,allocation_repayment
100817,1036,1000.0,2025-10-18 20:26:20.010372+00:00,2025-11-17 20:26:20.005626+00:00,fully_settled,185.0,16,1185.0,2025-12-04 07:55:10.289390+00:00,allocation_repayment
102123,1036,500.0,2025-10-20 11:09:05.770393+00:00,2025-11-19 11:09:05.765525+00:00,fully_settled,92.5,16,592.5,2025-12-04 07:56:12.569330+00:00,allocation_repayment
96507,992,1000.0,2025-10-13 05:32:27.260379+00:00,2025-11-12 05:32:27.256375+00:00,fully_settled,185.0,16,1185.0,2025-12-04 07:57:46.370639+00:00,allocation_repayment
99785,992,2200.0,2025-10-17 10:06:40.058979+00:00,2025-11-16 10:06:40.053381+00:00,fully_settled,407.0,16,2607.0,2025-12-04 07:58:13.405212+00:00,allocation_repayment
97428,992,1500.0,2025-10-14 03:36:00.349168+00:00,2025-11-13 03:36:00.343955+00:00,fully_settled,277.5,16,1777.5,2025-12-04 08:00:14.880100+00:00,allocation_repayment
121095,992,100.0,2025-11-13 14:06:22.118051+00:00,2025-12-13 14:06:22.109730+00:00,fully_settled,18.5,16,118.5,2025-12-04 08:00:52.919551+00:00,allocation_repayment
121735,992,200.0,2025-11-14 14:29:43.770789+00:00,2025-12-14 14:29:43.763595+00:00,fully_settled,37.0,16,237.0,2025-12-04 08:01:13.112596+00:00,allocation_repayment
115276,989,6000.0,2025-11-02 17:34:28.495568+00:00,2025-12-02 17:34:28.491785+00:00,fully_settled,870.0,8,70.0,2025-12-04 15:38:46.060353+00:00,self_loan_repayment
20176,941,6000.0,2025-08-25 15:04:26.691445+00:00,2025-09-24 15:04:26.685901+00:00,fully_settled,870.0,8,5000.0,2025-12-05 08:12:25.830777+00:00,self_loan_repayment
20141,941,4000.0,2025-08-25 09:40:46.297794+00:00,2025-09-24 09:40:46.294391+00:00,fully_settled,580.0,8,3980.0,2025-12-05 08:22:36.356243+00:00,self_loan_repayment
115417,7,1000.0,2025-11-03 03:28:10.037576+00:00,2025-12-03 03:28:10.033972+00:00,fully_settled,125.0,1,1125.0,2025-12-05 09:05:20.580431+00:00,allocation_repayment
100566,7,500.0,2025-10-18 12:05:13.536873+00:00,2025-11-17 12:05:13.523811+00:00,fully_settled,62.5,1,562.5,2025-12-05 09:09:10.262380+00:00,allocation_repayment
153268,4,10.0,2025-12-04 17:37:48.947038+00:00,2026-01-03 17:37:48.940952+00:00,fully_settled,1.25,1,11.25,2025-12-05 11:31:47.141029+00:00,self_loan_repayment
5997,888,3000.0,2025-06-25 22:04:27.334889+00:00,2025-06-28 00:00:00+00:00,overdue,375.0,10,1500.0,2025-12-05 09:43:07.677432+00:00,self_loan_repayment
115276,989,6000.0,2025-11-02 17:34:28.495568+00:00,2025-12-02 17:34:28.491785+00:00,fully_settled,870.0,8,6600.0,2025-12-05 10:31:57.393258+00:00,self_loan_repayment
5949,23,100.0,2025-06-17 13:51:12.530618+00:00,2025-06-28 00:00:00+00:00,fully_settled,12.5,1,112.5,2025-12-05 10:54:38.289093+00:00,allocation_repayment
115999,1049,6000.0,2025-11-03 18:20:37.170515+00:00,2025-12-03 18:20:37.166465+00:00,fully_settled,870.0,8,6870.0,2025-12-05 12:35:16.302468+00:00,self_loan_repayment
117485,975,5000.0,2025-11-06 08:13:39.913520+00:00,2025-12-06 08:13:39.909204+00:00,fully_settled,925.0,16,5925.0,2025-12-07 07:56:44.262935+00:00,self_loan_repayment
152856,4,10.0,2025-12-04 14:21:14.427399+00:00,2026-01-03 14:21:14.420978+00:00,fully_settled,1.25,1,11.25,2025-12-05 11:22:25.771394+00:00,self_loan_repayment
54871,1019,5000.0,2025-09-18 09:30:35.315715+00:00,2025-10-18 09:30:35.308811+00:00,overdue,725.0,8,725.0,2025-12-05 13:10:33.371020+00:00,self_loan_repayment
113579,55,10000.0,2025-10-31 08:24:34.196527+00:00,2025-11-30 08:24:34.191532+00:00,fully_settled,1850.0,4,8887.5,2025-12-05 13:24:30.586311+00:00,allocation_repayment
113579,55,10000.0,2025-10-31 08:24:34.196527+00:00,2025-11-30 08:24:34.191532+00:00,fully_settled,1850.0,4,2962.5,2025-12-05 13:28:26.973446+00:00,allocation_repayment
152870,64,2000.0,2025-12-04 14:28:09.155184+00:00,2026-01-03 14:28:09.148466+00:00,fully_settled,370.0,4,2370.0,2025-12-05 13:30:10.506539+00:00,allocation_repayment
118089,67,2000.0,2025-11-07 09:45:04.660541+00:00,2025-12-07 09:45:04.656599+00:00,fully_settled,370.0,4,2370.0,2025-12-05 13:31:23.516990+00:00,allocation_repayment
113580,63,12000.0,2025-10-31 08:25:26.887967+00:00,2025-11-30 08:25:26.882441+00:00,fully_settled,2220.0,4,8295.0,2025-12-06 08:31:50.350457+00:00,allocation_repayment
113580,63,12000.0,2025-10-31 08:25:26.887967+00:00,2025-11-30 08:25:26.882441+00:00,fully_settled,2220.0,4,4740.0,2025-12-06 08:32:34.770840+00:00,allocation_repayment
113580,63,12000.0,2025-10-31 08:25:26.887967+00:00,2025-11-30 08:25:26.882441+00:00,fully_settled,2220.0,4,1185.0,2025-12-06 08:33:18.913302+00:00,allocation_repayment
111256,60,5000.0,2025-10-28 09:14:00.002726+00:00,2025-11-27 09:13:59.998123+00:00,fully_settled,925.0,4,1185.0,2025-12-08 15:18:44.529640+00:00,allocation_repayment
119905,978,250.0,2025-11-11 04:43:14.773706+00:00,2025-12-11 04:43:14.769879+00:00,fully_settled,46.25,16,296.25,2025-12-08 09:09:46.987370+00:00,self_loan_repayment
111256,60,5000.0,2025-10-28 09:14:00.002726+00:00,2025-11-27 09:13:59.998123+00:00,fully_settled,925.0,4,1185.0,2025-12-08 15:20:41.845209+00:00,allocation_repayment
111256,60,5000.0,2025-10-28 09:14:00.002726+00:00,2025-11-27 09:13:59.998123+00:00,fully_settled,925.0,4,3555.0,2025-12-08 15:17:09.271807+00:00,allocation_repayment
91779,67,3000.0,2025-10-08 04:27:04.855457+00:00,2025-11-07 04:27:04.849231+00:00,fully_settled,555.0,4,3555.0,2025-12-08 16:04:05.596659+00:00,allocation_repayment
91329,67,2000.0,2025-10-07 15:26:39.034689+00:00,2025-11-06 15:26:39.026325+00:00,fully_settled,370.0,4,1185.0,2025-12-08 16:04:34.014618+00:00,allocation_repayment
91329,67,2000.0,2025-10-07 15:26:39.034689+00:00,2025-11-06 15:26:39.026325+00:00,fully_settled,370.0,4,1185.0,2025-12-08 16:04:53.655624+00:00,allocation_repayment
113412,975,10000.0,2025-10-31 03:40:03.428151+00:00,2025-11-30 03:40:03.424196+00:00,fully_settled,1850.0,16,9850.0,2025-12-09 10:02:15.092550+00:00,self_loan_repayment
91827,974,5000.0,2025-10-08 05:28:10.918726+00:00,2025-11-07 05:28:10.912474+00:00,fully_settled,925.0,16,2500.0,2025-12-17 09:50:26.073769+00:00,self_loan_repayment
153293,4,10.0,2025-12-04 17:55:35.181625+00:00,2026-01-03 17:55:35.169314+00:00,overdue,1.25,1,1.0,2025-12-09 12:42:35.383082+00:00,self_loan_repayment
46582,1014,6000.0,2025-09-15 15:33:09.078843+00:00,2025-10-15 15:33:09.073659+00:00,overdue,870.0,8,870.0,2025-12-13 01:46:50.213342+00:00,self_loan_repayment
68731,974,5000.0,2025-09-24 09:16:36.288955+00:00,2025-10-24 09:16:36.280915+00:00,fully_settled,925.0,16,600.0,2025-12-10 07:08:53.152521+00:00,self_loan_repayment
113412,975,10000.0,2025-10-31 03:40:03.428151+00:00,2025-11-30 03:40:03.424196+00:00,fully_settled,1850.0,16,2000.0,2025-12-10 10:56:56.750824+00:00,self_loan_repayment
71910,1026,10000.0,2025-09-26 16:47:35.948081+00:00,2025-10-26 16:47:35.942288+00:00,overdue,1450.0,8,1600.0,2025-12-10 12:14:43.641590+00:00,self_loan_repayment
91827,974,5000.0,2025-10-08 05:28:10.918726+00:00,2025-11-07 05:28:10.912474+00:00,fully_settled,925.0,16,400.0,2025-12-13 10:32:52.079775+00:00,self_loan_repayment
68731,974,5000.0,2025-09-24 09:16:36.288955+00:00,2025-10-24 09:16:36.280915+00:00,fully_settled,925.0,16,2200.0,2025-12-11 12:34:59.936228+00:00,self_loan_repayment
110011,1044,7000.0,2025-10-27 10:37:06.112963+00:00,2025-11-26 10:37:06.104582+00:00,overdue,1015.0,8,4000.0,2025-12-11 13:08:25.778960+00:00,self_loan_repayment
112382,808,1500.0,2025-10-29 17:35:46.890504+00:00,2025-11-28 17:35:46.885115+00:00,fully_settled,277.5,4,1170.0,2025-12-11 14:29:03.642762+00:00,allocation_repayment
112382,808,1500.0,2025-10-29 17:35:46.890504+00:00,2025-11-28 17:35:46.885115+00:00,fully_settled,277.5,4,592.5,2025-12-11 14:29:37.328923+00:00,allocation_repayment
112382,808,1500.0,2025-10-29 17:35:46.890504+00:00,2025-11-28 17:35:46.885115+00:00,fully_settled,277.5,4,15.0,2025-12-11 14:30:23.081026+00:00,allocation_repayment
111670,808,10000.0,2025-10-28 23:23:07.888469+00:00,2025-11-27 23:23:07.884794+00:00,fully_settled,1850.0,4,9480.0,2025-12-11 14:31:15.498855+00:00,allocation_repayment
111670,808,10000.0,2025-10-28 23:23:07.888469+00:00,2025-11-27 23:23:07.884794+00:00,fully_settled,1850.0,4,2370.0,2025-12-11 14:31:55.181105+00:00,allocation_repayment
111673,808,9500.0,2025-10-28 23:33:12.184246+00:00,2025-11-27 23:33:12.171807+00:00,fully_settled,1757.5,4,8295.0,2025-12-11 14:32:23.257762+00:00,allocation_repayment
111673,808,9500.0,2025-10-28 23:33:12.184246+00:00,2025-11-27 23:33:12.171807+00:00,fully_settled,1757.5,4,2962.5,2025-12-11 15:32:34.548299+00:00,allocation_repayment
112778,75,1500.0,2025-10-30 08:36:35.031778+00:00,2025-11-29 08:36:35.026690+00:00,overdue,277.5,4,1182.0,2025-12-11 15:33:14.987906+00:00,allocation_repayment
68731,974,5000.0,2025-09-24 09:16:36.288955+00:00,2025-10-24 09:16:36.280915+00:00,fully_settled,925.0,16,300.0,2025-12-11 20:57:08.324386+00:00,self_loan_repayment
91827,974,5000.0,2025-10-08 05:28:10.918726+00:00,2025-11-07 05:28:10.912474+00:00,fully_settled,925.0,16,500.0,2025-12-13 14:33:54.831574+00:00,self_loan_repayment
68731,974,5000.0,2025-09-24 09:16:36.288955+00:00,2025-10-24 09:16:36.280915+00:00,fully_settled,925.0,16,300.0,2025-12-12 06:44:09.409961+00:00,self_loan_repayment
68731,974,5000.0,2025-09-24 09:16:36.288955+00:00,2025-10-24 09:16:36.280915+00:00,fully_settled,925.0,16,500.0,2025-12-12 11:03:32.814099+00:00,self_loan_repayment
91827,974,5000.0,2025-10-08 05:28:10.918726+00:00,2025-11-07 05:28:10.912474+00:00,fully_settled,925.0,16,500.0,2025-12-17 14:00:20.847279+00:00,self_loan_repayment
120025,989,2000.0,2025-11-11 09:09:03.248806+00:00,2025-12-11 09:09:03.241476+00:00,fully_settled,290.0,8,2290.0,2025-12-12 12:20:10.616544+00:00,self_loan_repayment
91827,974,5000.0,2025-10-08 05:28:10.918726+00:00,2025-11-07 05:28:10.912474+00:00,fully_settled,925.0,16,1200.0,2025-12-13 20:56:54.239094+00:00,self_loan_repayment
91827,974,5000.0,2025-10-08 05:28:10.918726+00:00,2025-11-07 05:28:10.912474+00:00,fully_settled,925.0,16,225.0,2025-12-12 14:56:15.199438+00:00,self_loan_repayment
91827,974,5000.0,2025-10-08 05:28:10.918726+00:00,2025-11-07 05:28:10.912474+00:00,fully_settled,925.0,16,600.0,2025-12-14 07:43:33.165532+00:00,self_loan_repayment
144551,1,2000.0,2025-11-29 10:58:15.892232+00:00,2025-12-29 10:58:15.886253+00:00,fully_settled,250.0,1,2250.0,2025-12-16 17:05:43.527691+00:00,self_loan_repayment
164127,808,10000.0,2025-12-11 15:36:03.919367+00:00,2026-01-10 15:36:03.914441+00:00,fully_settled,1850.0,4,10072.5,2025-12-16 18:08:16.621989+00:00,allocation_repayment
164127,808,10000.0,2025-12-11 15:36:03.919367+00:00,2026-01-10 15:36:03.914441+00:00,fully_settled,1850.0,4,1185.0,2025-12-16 18:09:16.227398+00:00,allocation_repayment
164127,808,10000.0,2025-12-11 15:36:03.919367+00:00,2026-01-10 15:36:03.914441+00:00,fully_settled,1850.0,4,592.5,2025-12-16 18:10:50.844906+00:00,allocation_repayment
164108,808,10000.0,2025-12-11 15:12:13.107422+00:00,2026-01-10 15:12:13.089849+00:00,fully_settled,1850.0,4,11850.0,2025-12-16 18:11:53.163203+00:00,allocation_repayment
4935,882,300.0,2025-05-06 09:40:32.124509+00:00,2025-05-28 00:00:00+00:00,overdue,55.5,4,,,
2409,706,100.0,2025-03-24 18:38:13.185329+00:00,2025-03-28 00:00:00+00:00,overdue,18.5,4,,,
5039,416,1000.0,2025-05-10 05:49:24.259595+00:00,2025-05-28 00:00:00+00:00,overdue,185.0,4,,,
2961,266,750.0,2025-04-02 11:29:30.977945+00:00,2025-04-28 00:00:00+00:00,overdue,138.75,4,,,
496,98,10000.0,2025-02-06 10:56:04.315639+00:00,2025-02-28 00:00:00+00:00,overdue,1250.0,1,,,
118824,982,6000.0,2025-11-08 15:57:38.445247+00:00,2025-12-08 15:57:38.440960+00:00,overdue,870.0,8,,,
21027,902,500.0,2025-09-03 08:33:00.374004+00:00,2025-10-03 08:33:00.370322+00:00,overdue,62.5,10,,,
1101,4,10.0,2025-03-07 10:01:04.699074+00:00,2025-03-28 00:00:00+00:00,fully_settled,1.25,1,,,
81875,990,10000.0,2025-10-01 10:24:27.745756+00:00,2025-10-31 10:24:27.741293+00:00,overdue,1450.0,8,,,
3903,769,100.0,2025-04-09 20:33:58.079072+00:00,2025-04-28 00:00:00+00:00,overdue,18.5,4,,,
122164,978,500.0,2025-11-15 13:21:23.209632+00:00,2025-12-15 13:21:23.204431+00:00,overdue,92.5,16,,,
4083,552,150.0,2025-04-14 16:28:55.744147+00:00,2025-04-28 00:00:00+00:00,overdue,27.75,4,,,
154880,1051,1500.0,2025-12-05 16:20:25.064140+00:00,2026-01-04 16:20:25.056376+00:00,overdue,277.5,16,,,
2627,745,1000.0,2025-03-27 11:20:22.623686+00:00,2025-03-28 00:00:00+00:00,overdue,185.0,4,,,
5028,903,900.0,2025-05-09 11:10:20.697607+00:00,2025-05-28 00:00:00+00:00,overdue,166.5,4,,,
97722,955,7000.0,2025-10-14 11:11:03.146262+00:00,2025-11-13 11:11:03.141863+00:00,overdue,1295.0,13,,,
3808,570,150.0,2025-04-08 05:37:48.673662+00:00,2025-04-28 00:00:00+00:00,overdue,27.75,4,,,
156726,992,1500.0,2025-12-06 16:06:57.855847+00:00,2026-01-05 16:06:57.850304+00:00,overdue,277.5,16,,,
3911,772,400.0,2025-04-10 06:49:06.949150+00:00,2025-04-28 00:00:00+00:00,overdue,74.0,4,,,
2540,732,700.0,2025-03-26 10:07:25.532722+00:00,2025-03-28 00:00:00+00:00,overdue,129.5,4,,,
4722,465,1000.0,2025-05-04 09:47:14.498799+00:00,2025-05-28 00:00:00+00:00,overdue,185.0,4,,,
97677,992,500.0,2025-10-14 10:31:14.565843+00:00,2025-11-13 10:31:14.562065+00:00,overdue,92.5,16,,,
2206,658,400.0,2025-03-23 10:58:51.798614+00:00,2025-03-28 00:00:00+00:00,overdue,74.0,4,,,
414,33,2000.0,2025-01-27 15:30:39.764479+00:00,2025-01-28 00:00:00+00:00,overdue,250.0,1,,,
139455,1036,900.0,2025-11-25 18:11:29.793627+00:00,2025-12-25 18:11:29.787741+00:00,overdue,166.5,16,,,
667,235,400.0,2025-02-19 11:02:15.715999+00:00,2025-02-28 00:00:00+00:00,overdue,74.0,4,,,
899,190,500.0,2025-03-01 04:49:04.478703+00:00,2025-03-28 00:00:00+00:00,overdue,92.5,4,,,
1108,327,1000.0,2025-03-07 14:24:42.049826+00:00,2025-03-28 00:00:00+00:00,overdue,185.0,4,,,
1600,382,100.0,2025-03-18 16:12:41.748388+00:00,2025-03-28 00:00:00+00:00,overdue,18.5,4,,,
140761,982,1000.0,2025-11-26 15:40:18.537174+00:00,2025-12-26 15:40:18.531882+00:00,overdue,145.0,8,,,
1665,612,1000.0,2025-03-19 16:33:54.303813+00:00,2025-03-28 00:00:00+00:00,overdue,185.0,4,,,
2505,653,200.0,2025-03-25 21:35:37.594991+00:00,2025-03-28 00:00:00+00:00,overdue,37.0,4,,,
3924,400,600.0,2025-04-10 10:34:17.410143+00:00,2025-04-28 00:00:00+00:00,overdue,111.0,4,,,
706,329,500.0,2025-02-20 10:33:56.943571+00:00,2025-02-28 00:00:00+00:00,overdue,92.5,4,,,
2503,653,600.0,2025-03-25 19:22:16.485027+00:00,2025-03-28 00:00:00+00:00,overdue,111.0,4,,,
4198,690,100.0,2025-04-20 03:08:50.667108+00:00,2025-04-28 00:00:00+00:00,overdue,18.5,4,,,
4081,758,100.0,2025-04-14 14:26:48.842032+00:00,2025-04-28 00:00:00+00:00,overdue,18.5,4,,,
2499,467,120.0,2025-03-25 18:46:59.358020+00:00,2025-03-28 00:00:00+00:00,overdue,22.2,4,,,
3300,598,1000.0,2025-04-03 07:53:06.066085+00:00,2025-04-28 00:00:00+00:00,overdue,185.0,4,,,
111388,876,6000.0,2025-10-28 14:24:09.112846+00:00,2025-11-27 14:24:09.107476+00:00,overdue,750.0,10,,,
1999,230,1000.0,2025-03-21 09:57:46.855854+00:00,2025-03-28 00:00:00+00:00,overdue,185.0,4,,,
83837,75,2000.0,2025-10-02 13:57:59.317405+00:00,2025-11-01 13:57:59.311883+00:00,overdue,370.0,4,,,
861,30,200.0,2025-02-25 14:53:27.844332+00:00,2025-02-28 00:00:00+00:00,overdue,25.0,1,,,
4258,770,200.0,2025-04-24 05:27:51.014293+00:00,2025-04-28 00:00:00+00:00,overdue,37.0,4,,,
17687,881,1000.0,2025-07-31 11:10:16.405291+00:00,2025-08-30 11:10:16.399149+00:00,overdue,125.0,10,,,
2741,441,100.0,2025-03-29 17:41:31.392777+00:00,2025-04-28 00:00:00+00:00,overdue,18.5,4,,,
4986,401,100.0,2025-05-07 09:51:52.435328+00:00,2025-05-28 00:00:00+00:00,overdue,18.5,4,,,
166905,1052,50.0,2025-12-14 08:57:27.728320+00:00,2026-01-13 08:57:27.723366+00:00,overdue,9.25,16,,,
14805,961,7000.0,2025-07-16 10:05:35.807131+00:00,2025-07-28 00:00:00+00:00,overdue,1295.0,14,,,
5946,351,4000.0,2025-06-16 14:21:27.717913+00:00,2025-06-28 00:00:00+00:00,overdue,740.0,4,,,
4105,531,500.0,2025-04-15 10:30:22.193566+00:00,2025-04-28 00:00:00+00:00,overdue,92.5,4,,,
1389,456,100.0,2025-03-14 18:12:01.407383+00:00,2025-03-28 00:00:00+00:00,overdue,18.5,4,,,
1364,434,1000.0,2025-03-14 13:54:33.256811+00:00,2025-03-28 00:00:00+00:00,overdue,185.0,4,,,
5846,498,1000.0,2025-06-06 20:11:49.477008+00:00,2025-06-28 00:00:00+00:00,overdue,185.0,4,,,
15502,960,5000.0,2025-07-18 17:02:14.934303+00:00,2025-07-28 00:00:00+00:00,overdue,925.0,13,,,
1416,364,500.0,2025-03-15 07:10:03.183977+00:00,2025-03-28 00:00:00+00:00,overdue,92.5,4,,,
1488,461,150.0,2025-03-16 11:18:59.348736+00:00,2025-03-28 00:00:00+00:00,overdue,27.75,4,,,
4265,665,100.0,2025-04-24 19:44:24.775907+00:00,2025-04-28 00:00:00+00:00,overdue,18.5,4,,,
161985,4,2000.0,2025-12-03 11:00:00.421000+00:00,2026-01-02 11:00:42.711000+00:00,fully_settled,2250.0,1,,,
3606,717,200.0,2025-04-04 10:19:46.182552+00:00,2025-04-28 00:00:00+00:00,overdue,37.0,4,,,
2390,691,100.0,2025-03-24 15:17:04.025465+00:00,2025-03-28 00:00:00+00:00,overdue,18.5,4,,,
4145,739,350.0,2025-04-16 11:28:57.072193+00:00,2025-04-28 00:00:00+00:00,overdue,64.75,4,,,
1528,500,1000.0,2025-03-17 11:46:21.882919+00:00,2025-03-28 00:00:00+00:00,overdue,185.0,4,,,
114300,51,4000.0,2025-11-01 08:13:32.991422+00:00,2025-12-01 08:13:32.987119+00:00,overdue,740.0,4,,,
4056,552,100.0,2025-04-14 06:02:54.341789+00:00,2025-04-28 00:00:00+00:00,overdue,18.5,4,,,
2169,562,1000.0,2025-03-23 07:08:43.165053+00:00,2025-03-28 00:00:00+00:00,overdue,185.0,4,,,
2363,732,250.0,2025-03-24 09:33:46.366355+00:00,2025-03-28 00:00:00+00:00,overdue,46.25,4,,,
2650,23,150.0,2025-03-27 19:18:35.938180+00:00,2025-03-28 00:00:00+00:00,overdue,18.75,1,,,
119971,1038,1000.0,2025-11-11 07:45:56.775840+00:00,2025-12-11 07:45:56.771696+00:00,overdue,145.0,8,,,
3775,715,200.0,2025-04-07 06:16:21.575191+00:00,2025-04-28 00:00:00+00:00,overdue,37.0,4,,,
2542,694,1000.0,2025-03-26 10:28:41.715909+00:00,2025-03-28 00:00:00+00:00,overdue,185.0,4,,,
1252,374,500.0,2025-03-14 09:41:44.647982+00:00,2025-03-28 00:00:00+00:00,overdue,92.5,4,,,
3012,761,1000.0,2025-04-02 13:44:39.701802+00:00,2025-04-28 00:00:00+00:00,overdue,185.0,4,,,
4976,295,400.0,2025-05-07 06:32:36.918186+00:00,2025-05-28 00:00:00+00:00,overdue,74.0,4,,,
3926,570,320.0,2025-04-10 11:37:53.608304+00:00,2025-04-28 00:00:00+00:00,overdue,59.2,4,,,
2004,559,1000.0,2025-03-21 10:11:56.672638+00:00,2025-03-28 00:00:00+00:00,overdue,185.0,4,,,
3048,528,1000.0,2025-04-02 16:19:13.045928+00:00,2025-04-28 00:00:00+00:00,overdue,185.0,4,,,
2028,720,1000.0,2025-03-21 12:18:12.450427+00:00,2025-03-28 00:00:00+00:00,overdue,185.0,4,,,
5172,882,150.0,2025-05-11 18:44:57.453413+00:00,2025-05-28 00:00:00+00:00,overdue,27.75,4,,,
4291,739,100.0,2025-04-28 07:57:39.028694+00:00,2025-05-28 00:00:00+00:00,overdue,18.5,4,,,
5762,534,100.0,2025-06-05 08:15:13.659658+00:00,2025-06-28 00:00:00+00:00,overdue,18.5,4,,,
3853,625,500.0,2025-04-08 15:58:51.858664+00:00,2025-04-28 00:00:00+00:00,overdue,92.5,4,,,
167176,1052,550.0,2025-12-14 13:17:42.550697+00:00,2026-01-13 13:17:42.543250+00:00,overdue,101.75,16,,,
2339,499,600.0,2025-03-24 07:38:31.019528+00:00,2025-03-28 00:00:00+00:00,overdue,111.0,4,,,
122843,1050,5000.0,2025-11-17 08:08:28.454366+00:00,2025-12-17 08:08:28.449413+00:00,overdue,725.0,8,,,
20335,97,1000.0,2025-08-27 08:38:03.381760+00:00,2025-09-26 08:38:03.377188+00:00,overdue,125.0,1,,,
137631,1048,10000.0,2025-11-24 17:06:57.726513+00:00,2025-12-24 17:06:57.723061+00:00,overdue,1450.0,8,,,
1118,116,1000.0,2025-03-08 14:17:57.087573+00:00,2025-03-28 00:00:00+00:00,overdue,185.0,4,,,
2605,392,500.0,2025-03-27 07:18:30.962192+00:00,2025-03-28 00:00:00+00:00,overdue,92.5,4,,,
376,97,2000.0,2025-01-20 12:43:25.992247+00:00,2025-01-28 00:00:00+00:00,fully_settled,250.0,1,,,
879,266,100.0,2025-02-27 12:58:07.555291+00:00,2025-02-28 00:00:00+00:00,overdue,18.5,4,,,
1372,437,700.0,2025-03-14 15:54:52.929313+00:00,2025-03-28 00:00:00+00:00,overdue,129.5,4,,,
5191,726,1000.0,2025-05-13 06:06:10.932772+00:00,2025-05-28 00:00:00+00:00,overdue,185.0,4,,,
2023,709,1000.0,2025-03-21 11:51:29.559289+00:00,2025-03-28 00:00:00+00:00,overdue,185.0,4,,,
5256,24,20.0,2025-05-22 08:31:42.896735+00:00,2025-05-28 00:00:00+00:00,overdue,2.5,1,,,
160708,60,5000.0,2025-12-08 16:14:43.115885+00:00,2026-01-07 16:14:43.105650+00:00,overdue,925.0,4,,,
3707,488,1000.0,2025-04-05 07:23:01.713759+00:00,2025-04-28 00:00:00+00:00,overdue,185.0,4,,,
3942,802,1000.0,2025-04-10 14:55:28.980658+00:00,2025-04-28 00:00:00+00:00,overdue,185.0,4,,,
4173,244,100.0,2025-04-17 16:34:29.107198+00:00,2025-04-28 00:00:00+00:00,overdue,18.5,4,,,
71916,1026,3000.0,2025-09-26 16:49:12.208849+00:00,2025-10-26 16:49:12.204526+00:00,overdue,435.0,8,,,
2361,693,100.0,2025-03-24 09:23:49.075881+00:00,2025-03-28 00:00:00+00:00,overdue,18.5,4,,,
131964,64,3000.0,2025-11-20 17:01:48.495336+00:00,2025-12-20 17:01:48.491905+00:00,overdue,555.0,4,,,
1136,209,400.0,2025-03-11 06:29:35.715015+00:00,2025-03-28 00:00:00+00:00,overdue,74.0,4,,,
1029,278,1000.0,2025-03-05 05:32:26.453891+00:00,2025-03-28 00:00:00+00:00,overdue,185.0,4,,,
3812,535,800.0,2025-04-08 07:36:19.591614+00:00,2025-04-28 00:00:00+00:00,overdue,148.0,4,,,
653,112,100.0,2025-02-19 09:17:13.591442+00:00,2025-02-28 00:00:00+00:00,overdue,18.5,4,,,
2124,738,1000.0,2025-03-22 11:55:27.235708+00:00,2025-03-28 00:00:00+00:00,overdue,185.0,4,,,
4981,828,1000.0,2025-05-07 09:08:41.669194+00:00,2025-05-28 00:00:00+00:00,overdue,185.0,4,,,
3432,806,1000.0,2025-04-03 14:35:50.015528+00:00,2025-04-28 00:00:00+00:00,overdue,185.0,4,,,
3862,501,800.0,2025-04-08 19:05:45.380135+00:00,2025-04-28 00:00:00+00:00,overdue,148.0,4,,,
5649,257,1000.0,2025-06-04 09:10:04.364825+00:00,2025-06-28 00:00:00+00:00,overdue,185.0,4,,,
161924,887,3000.0,2025-12-09 13:29:28.906377+00:00,2026-01-08 13:29:28.897795+00:00,overdue,375.0,10,,,
3663,444,100.0,2025-04-04 17:20:21.930298+00:00,2025-04-28 00:00:00+00:00,overdue,18.5,4,,,
3906,779,160.0,2025-04-09 22:04:37.689911+00:00,2025-04-28 00:00:00+00:00,overdue,29.6,4,,,
4764,242,1000.0,2025-05-04 14:47:08.174713+00:00,2025-05-28 00:00:00+00:00,overdue,185.0,4,,,
2353,425,1000.0,2025-03-24 08:30:22.317757+00:00,2025-03-28 00:00:00+00:00,overdue,185.0,4,,,
2407,706,100.0,2025-03-24 18:29:56.094528+00:00,2025-03-28 00:00:00+00:00,overdue,18.5,4,,,
4397,878,500.0,2025-05-02 09:22:47.180443+00:00,2025-05-28 00:00:00+00:00,overdue,92.5,4,,,
3900,825,300.0,2025-04-09 17:37:37.738432+00:00,2025-04-28 00:00:00+00:00,overdue,55.5,4,,,
2611,780,1000.0,2025-03-27 08:48:38.113653+00:00,2025-03-28 00:00:00+00:00,overdue,185.0,4,,,
83521,946,3900.0,2025-10-02 09:47:47.803098+00:00,2025-11-01 09:47:47.795900+00:00,overdue,721.5,4,,,
132112,892,100.0,2025-11-20 18:42:24.601550+00:00,2025-12-20 18:42:24.597872+00:00,overdue,12.5,10,,,
4233,870,400.0,2025-04-22 15:28:18.472608+00:00,2025-04-28 00:00:00+00:00,overdue,74.0,4,,,
3653,715,800.0,2025-04-04 15:44:45.187751+00:00,2025-04-28 00:00:00+00:00,overdue,148.0,4,,,
2856,220,100.0,2025-03-31 16:36:44.974083+00:00,2025-04-28 00:00:00+00:00,overdue,18.5,4,,,
652,337,1000.0,2025-02-19 09:12:45.635340+00:00,2025-02-28 00:00:00+00:00,overdue,185.0,4,,,
54827,1020,10000.0,2025-09-18 09:12:58.148263+00:00,2025-10-18 09:12:58.141577+00:00,overdue,1450.0,8,,,
121117,3,10.0,2025-11-13 14:53:39.278804+00:00,2025-12-13 14:53:39.241925+00:00,overdue,1.25,1,,,
535,206,2000.0,2025-02-11 14:13:13.788808+00:00,2025-02-28 00:00:00+00:00,overdue,370.0,4,,,
4176,690,205.0,2025-04-18 06:44:01.690903+00:00,2025-04-28 00:00:00+00:00,overdue,37.925,4,,,
157838,975,5000.0,2025-12-07 07:59:33.519100+00:00,2026-01-06 07:59:33.511903+00:00,overdue,925.0,16,,,
2122,710,1000.0,2025-03-22 09:26:00.560259+00:00,2025-03-28 00:00:00+00:00,overdue,185.0,4,,,
1629,391,900.0,2025-03-19 09:10:15.886174+00:00,2025-03-28 00:00:00+00:00,overdue,166.5,4,,,
77524,985,10000.0,2025-09-29 09:18:14.991408+00:00,2025-10-29 09:18:14.985900+00:00,overdue,1450.0,8,,,
3915,839,400.0,2025-04-10 07:21:28.787226+00:00,2025-04-28 00:00:00+00:00,overdue,74.0,4,,,
865,30,100.0,2025-02-26 10:33:44.468846+00:00,2025-02-28 00:00:00+00:00,overdue,12.5,1,,,
161135,67,5000.0,2025-12-09 03:46:38.736924+00:00,2026-01-08 03:46:38.654619+00:00,overdue,925.0,4,,,
165335,902,300.0,2025-12-12 16:07:28.272152+00:00,2026-01-11 16:07:28.263417+00:00,overdue,37.5,10,,,
1432,273,1000.0,2025-03-15 11:40:58.220466+00:00,2025-03-28 00:00:00+00:00,overdue,185.0,4,,,
2034,386,300.0,2025-03-21 12:30:07.419803+00:00,2025-03-28 00:00:00+00:00,overdue,55.5,4,,,
98719,892,250.0,2025-10-15 19:06:07.687746+00:00,2025-11-14 19:06:07.681688+00:00,overdue,31.25,10,,,
4075,758,200.0,2025-04-14 12:50:25.607041+00:00,2025-04-28 00:00:00+00:00,overdue,37.0,4,,,
1415,410,1000.0,2025-03-15 07:04:57.989067+00:00,2025-03-28 00:00:00+00:00,overdue,185.0,4,,,
152860,1051,10000.0,2025-12-04 14:22:54.794311+00:00,2026-01-03 14:22:54.788958+00:00,overdue,1850.0,16,,,
2561,775,1000.0,2025-03-26 14:32:43.403803+00:00,2025-03-28 00:00:00+00:00,overdue,185.0,4,,,
122896,1051,10000.0,2025-11-17 09:53:23.280180+00:00,2025-12-17 09:53:23.272822+00:00,overdue,1850.0,16,,,
4117,647,100.0,2025-04-16 06:07:21.351485+00:00,2025-04-28 00:00:00+00:00,overdue,18.5,4,,,
4274,839,100.0,2025-04-25 18:33:31.847653+00:00,2025-04-28 00:00:00+00:00,overdue,18.5,4,,,
5337,566,100.0,2025-05-30 17:19:35.495776+00:00,2025-06-28 00:00:00+00:00,overdue,18.5,4,,,
4799,627,1000.0,2025-05-05 06:26:24.913816+00:00,2025-05-28 00:00:00+00:00,overdue,185.0,4,,,
2354,722,500.0,2025-03-24 08:30:26.073298+00:00,2025-03-28 00:00:00+00:00,overdue,92.5,4,,,
5701,276,1000.0,2025-06-04 14:24:24.698355+00:00,2025-06-28 00:00:00+00:00,overdue,185.0,4,,,
4740,631,100.0,2025-05-04 11:42:53.728079+00:00,2025-05-28 00:00:00+00:00,overdue,18.5,4,,,
1624,433,1000.0,2025-03-19 08:26:12.832470+00:00,2025-03-28 00:00:00+00:00,overdue,185.0,4,,,
1426,446,900.0,2025-03-15 10:09:05.897135+00:00,2025-03-28 00:00:00+00:00,overdue,166.5,4,,,
1244,229,1000.0,2025-03-14 08:57:00.756750+00:00,2025-03-28 00:00:00+00:00,overdue,185.0,4,,,
28948,1008,6000.0,2025-09-12 12:42:43.753219+00:00,2025-10-12 12:42:43.747121+00:00,overdue,870.0,8,,,
1511,311,100.0,2025-03-17 09:17:33.230455+00:00,2025-03-28 00:00:00+00:00,overdue,18.5,4,,,
4063,856,1000.0,2025-04-14 07:49:25.145835+00:00,2025-04-28 00:00:00+00:00,overdue,185.0,4,,,
2685,713,100.0,2025-03-28 11:47:56.711323+00:00,2025-04-28 00:00:00+00:00,overdue,18.5,4,,,
137645,1028,6500.0,2025-11-24 17:11:10.774769+00:00,2025-12-24 17:11:10.770872+00:00,overdue,942.5,8,,,
4974,197,800.0,2025-05-07 06:17:51.103684+00:00,2025-05-28 00:00:00+00:00,overdue,148.0,4,,,
1057,315,500.0,2025-03-05 19:20:06.879964+00:00,2025-03-28 00:00:00+00:00,overdue,92.5,4,,,
5682,759,1000.0,2025-06-04 11:39:04.302381+00:00,2025-06-28 00:00:00+00:00,overdue,185.0,4,,,
4235,839,100.0,2025-04-22 19:10:16.520060+00:00,2025-04-28 00:00:00+00:00,overdue,18.5,4,,,
1433,421,100.0,2025-03-15 12:29:41.915332+00:00,2025-03-28 00:00:00+00:00,overdue,18.5,4,,,
96689,902,250.0,2025-10-13 09:28:26.484578+00:00,2025-11-12 09:28:26.480041+00:00,overdue,31.25,10,,,
3024,727,1000.0,2025-04-02 14:21:23.097244+00:00,2025-04-28 00:00:00+00:00,overdue,185.0,4,,,
2865,545,100.0,2025-04-01 06:51:25.346311+00:00,2025-04-28 00:00:00+00:00,overdue,18.5,4,,,
5668,782,900.0,2025-06-04 10:31:00.530932+00:00,2025-06-28 00:00:00+00:00,overdue,166.5,4,,,
160199,933,10000.0,2025-12-08 10:33:57.234318+00:00,2026-01-07 10:33:57.228913+00:00,overdue,1450.0,8,,,
4207,584,1000.0,2025-04-20 20:41:12.175170+00:00,2025-04-28 00:00:00+00:00,overdue,185.0,4,,,
3456,763,100.0,2025-04-03 16:39:32.265149+00:00,2025-04-28 00:00:00+00:00,overdue,18.5,4,,,
3818,506,100.0,2025-04-08 12:37:37.934573+00:00,2025-04-28 00:00:00+00:00,overdue,18.5,4,,,
12807,22,1000.0,2025-07-10 19:20:56.100757+00:00,2025-07-28 00:00:00+00:00,overdue,125.0,1,,,
2593,386,200.0,2025-03-27 04:43:53.189005+00:00,2025-03-28 00:00:00+00:00,overdue,37.0,4,,,
1367,382,100.0,2025-03-14 14:26:58.743353+00:00,2025-03-28 00:00:00+00:00,overdue,18.5,4,,,
1623,489,1000.0,2025-03-19 07:49:31.509389+00:00,2025-03-28 00:00:00+00:00,overdue,185.0,4,,,
5858,105,200.0,2025-06-07 16:02:42.482438+00:00,2025-06-28 00:00:00+00:00,overdue,37.0,4,,,
3881,832,1000.0,2025-04-09 08:55:54.635760+00:00,2025-04-28 00:00:00+00:00,overdue,185.0,4,,,
126698,287,3000.0,2025-11-18 15:06:17.279561+00:00,2025-12-18 15:06:17.272350+00:00,overdue,375.0,1,,,
4229,560,1000.0,2025-04-22 13:58:20.607612+00:00,2025-04-28 00:00:00+00:00,overdue,185.0,4,,,
168281,1052,500.0,2025-12-15 16:05:23.975108+00:00,2026-01-14 16:05:23.967099+00:00,overdue,92.5,16,,,
161698,975,10000.0,2025-12-09 10:29:11.980690+00:00,2026-01-08 10:29:11.973654+00:00,overdue,1850.0,16,,,
378,24,10.0,2025-01-21 07:09:51.847267+00:00,2025-01-28 00:00:00+00:00,overdue,1.25,1,,,
5209,190,200.0,2025-05-14 18:44:19.958779+00:00,2025-05-28 00:00:00+00:00,overdue,37.0,4,,,
5794,447,1000.0,2025-06-05 12:17:19.039361+00:00,2025-06-28 00:00:00+00:00,overdue,185.0,4,,,
1440,370,100.0,2025-03-15 16:15:15.348416+00:00,2025-03-28 00:00:00+00:00,overdue,18.5,4,,,
1635,606,1000.0,2025-03-19 09:38:50.767081+00:00,2025-03-28 00:00:00+00:00,overdue,185.0,4,,,
1905,432,1000.0,2025-03-21 06:27:18.156821+00:00,2025-03-28 00:00:00+00:00,overdue,185.0,4,,,
167467,1052,1000.0,2025-12-14 19:11:49.910731+00:00,2026-01-13 19:11:49.904033+00:00,overdue,185.0,16,,,
3423,778,1000.0,2025-04-03 14:09:09.385175+00:00,2025-04-28 00:00:00+00:00,overdue,185.0,4,,,
4150,473,1000.0,2025-04-16 13:24:17.932904+00:00,2025-04-28 00:00:00+00:00,overdue,185.0,4,,,
2404,362,100.0,2025-03-24 18:06:32.067327+00:00,2025-03-28 00:00:00+00:00,overdue,18.5,4,,,
1441,370,100.0,2025-03-15 16:18:55.800724+00:00,2025-03-28 00:00:00+00:00,overdue,18.5,4,,,
144575,948,6000.0,2025-11-29 11:14:26.644513+00:00,2025-12-29 11:14:26.638036+00:00,overdue,870.0,8,,,
4004,23,200.0,2025-04-11 15:44:11.475966+00:00,2025-04-28 00:00:00+00:00,overdue,25.0,1,,,
3136,616,1000.0,2025-04-02 19:50:06.323489+00:00,2025-04-28 00:00:00+00:00,overdue,185.0,4,,,
2545,771,1000.0,2025-03-26 10:48:52.918853+00:00,2025-03-28 00:00:00+00:00,overdue,185.0,4,,,
5242,924,2000.0,2025-05-19 15:54:43.527518+00:00,2025-05-28 00:00:00+00:00,fully_settled,250.0,1,,,
84482,96,2000.0,2025-10-03 08:10:54.766507+00:00,2025-11-02 08:10:54.762341+00:00,overdue,250.0,1,,,
2487,685,100.0,2025-03-25 15:47:27.634038+00:00,2025-03-28 00:00:00+00:00,overdue,18.5,4,,,
1648,389,200.0,2025-03-19 12:02:08.006723+00:00,2025-03-28 00:00:00+00:00,overdue,37.0,4,,,
1891,427,300.0,2025-03-21 05:41:47.233428+00:00,2025-03-28 00:00:00+00:00,overdue,55.5,4,,,
20202,65,100.0,2025-08-25 19:03:58.481548+00:00,2025-09-24 19:03:58.476753+00:00,overdue,18.5,4,,,
20884,993,9000.0,2025-09-01 12:58:15.213963+00:00,2025-10-01 12:58:15.208564+00:00,overdue,1305.0,8,,,
4510,408,250.0,2025-05-03 10:25:52.157680+00:00,2025-05-28 00:00:00+00:00,overdue,46.25,4,,,
22006,1003,6000.0,2025-09-11 08:12:18.977165+00:00,2025-10-11 08:12:18.972162+00:00,overdue,870.0,8,,,
74,14,53.0,2024-11-29 15:00:50.957632+00:00,2024-12-28 00:00:00+00:00,overdue,6.625,1,,,
2139,311,100.0,2025-03-22 15:06:16.962364+00:00,2025-03-28 00:00:00+00:00,overdue,18.5,4,,,
118841,978,500.0,2025-11-08 16:24:23.951132+00:00,2025-12-08 16:24:23.947369+00:00,overdue,92.5,16,,,
3464,444,800.0,2025-04-03 17:34:24.163013+00:00,2025-04-28 00:00:00+00:00,overdue,148.0,4,,,
70508,962,2000.0,2025-09-25 12:53:56.066345+00:00,2025-10-25 12:53:56.062012+00:00,overdue,370.0,14,,,
3631,689,150.0,2025-04-04 13:46:07.836644+00:00,2025-04-28 00:00:00+00:00,overdue,27.75,4,,,
720,340,150.0,2025-02-21 02:29:24.306328+00:00,2025-02-28 00:00:00+00:00,overdue,27.75,4,,,
137006,34,2000.0,2025-11-24 08:32:51.649366+00:00,2025-12-24 08:32:51.645224+00:00,overdue,250.0,1,,,
145777,994,4000.0,2025-11-30 10:30:38.648518+00:00,2025-12-30 10:30:38.642710+00:00,overdue,740.0,16,,,
143943,982,2000.0,2025-11-28 22:17:56.150018+00:00,2025-12-28 22:17:56.145205+00:00,overdue,290.0,8,,,
1654,628,1000.0,2025-03-19 14:17:09.187020+00:00,2025-03-28 00:00:00+00:00,overdue,185.0,4,,,
21000,902,1000.0,2025-09-02 20:31:01.576265+00:00,2025-10-02 20:31:01.568976+00:00,overdue,125.0,10,,,
4770,688,1000.0,2025-05-04 16:33:29.556405+00:00,2025-05-28 00:00:00+00:00,overdue,185.0,4,,,
3621,764,1000.0,2025-04-04 11:46:56.563253+00:00,2025-04-28 00:00:00+00:00,overdue,185.0,4,,,
663,296,1000.0,2025-02-19 10:18:10.172223+00:00,2025-02-28 00:00:00+00:00,overdue,185.0,4,,,
135076,1036,700.0,2025-11-22 15:47:07.497364+00:00,2025-12-22 15:47:07.493676+00:00,overdue,129.5,16,,,
5831,437,100.0,2025-06-06 11:11:47.279019+00:00,2025-06-28 00:00:00+00:00,overdue,18.5,4,,,
1992,658,600.0,2025-03-21 09:36:49.187721+00:00,2025-03-28 00:00:00+00:00,overdue,111.0,4,,,
1618,536,1000.0,2025-03-19 06:53:39.829093+00:00,2025-03-28 00:00:00+00:00,overdue,185.0,4,,,
4005,462,100.0,2025-04-11 16:34:34.756335+00:00,2025-04-28 00:00:00+00:00,overdue,18.5,4,,,
144947,1036,1550.0,2025-11-29 16:29:22.066468+00:00,2025-12-29 16:29:22.060876+00:00,overdue,286.75,16,,,
20397,46,6000.0,2025-08-28 04:41:51.290078+00:00,2025-09-27 04:41:51.284633+00:00,overdue,1110.0,4,,,
4940,161,1000.0,2025-05-06 10:46:57.661431+00:00,2025-05-28 00:00:00+00:00,overdue,185.0,4,,,
2829,774,100.0,2025-03-31 07:00:36.010041+00:00,2025-04-28 00:00:00+00:00,overdue,18.5,4,,,
1566,402,150.0,2025-03-18 06:04:20.306232+00:00,2025-03-28 00:00:00+00:00,overdue,27.75,4,,,
4164,868,1000.0,2025-04-17 11:53:01.305303+00:00,2025-04-28 00:00:00+00:00,overdue,185.0,4,,,
46679,1005,10000.0,2025-09-15 16:12:54.138494+00:00,2025-10-15 16:12:54.133636+00:00,overdue,1450.0,8,,,
1255,378,1000.0,2025-03-14 09:43:47.475093+00:00,2025-03-28 00:00:00+00:00,overdue,185.0,4,,,
2014,444,100.0,2025-03-21 11:21:44.031681+00:00,2025-03-28 00:00:00+00:00,overdue,18.5,4,,,
1751,264,1000.0,2025-03-20 09:57:06.858446+00:00,2025-03-28 00:00:00+00:00,overdue,185.0,4,,,
128155,992,10000.0,2025-11-19 04:47:46.412557+00:00,2025-12-19 04:47:46.409392+00:00,overdue,1850.0,16,,,
134992,1036,3100.0,2025-11-22 14:38:17.299378+00:00,2025-12-22 14:38:17.293662+00:00,overdue,573.5,16,,,
2849,452,150.0,2025-03-31 13:30:52.377980+00:00,2025-04-28 00:00:00+00:00,overdue,27.75,4,,,
1601,526,800.0,2025-03-18 16:33:15.469207+00:00,2025-03-28 00:00:00+00:00,overdue,148.0,4,,,
890,30,500.0,2025-02-28 15:17:54.293325+00:00,2025-03-28 00:00:00+00:00,overdue,62.5,1,,,
144596,930,800.0,2025-11-29 11:30:08.976305+00:00,2025-12-29 11:30:08.970633+00:00,overdue,100.0,1,,,
83821,14,1945.0,2025-10-02 13:44:04.490453+00:00,2025-11-01 13:44:04.484062+00:00,overdue,243.125,1,,,
111298,1046,5000.0,2025-10-28 09:56:17.470201+00:00,2025-11-27 09:56:17.466258+00:00,overdue,725.0,8,,,
1617,549,1000.0,2025-03-19 06:50:11.051490+00:00,2025-03-28 00:00:00+00:00,overdue,185.0,4,,,
4187,784,200.0,2025-04-19 07:17:22.592791+00:00,2025-04-28 00:00:00+00:00,overdue,37.0,4,,,
1752,415,900.0,2025-03-20 10:05:46.791541+00:00,2025-03-28 00:00:00+00:00,overdue,166.5,4,,,
561,125,2000.0,2025-02-13 11:19:14.971624+00:00,2025-02-28 00:00:00+00:00,overdue,370.0,4,,,
5834,214,2000.0,2025-06-06 14:25:02.425019+00:00,2025-06-28 00:00:00+00:00,overdue,370.0,4,,,
122924,936,3000.0,2025-11-17 10:32:39.757950+00:00,2025-12-17 10:32:39.754297+00:00,overdue,435.0,8,,,
5277,331,500.0,2025-05-24 17:12:46.439663+00:00,2025-05-28 00:00:00+00:00,overdue,92.5,4,,,
3822,829,1000.0,2025-04-08 13:16:59.098168+00:00,2025-04-28 00:00:00+00:00,overdue,185.0,4,,,
116000,1049,5000.0,2025-11-03 18:21:52.755182+00:00,2025-12-03 18:21:52.751022+00:00,overdue,725.0,8,,,
2431,545,100.0,2025-03-25 06:30:00.302677+00:00,2025-03-28 00:00:00+00:00,overdue,18.5,4,,,
154293,989,6000.0,2025-12-05 10:35:09.206032+00:00,2026-01-04 10:35:09.200842+00:00,overdue,870.0,8,,,
1857,259,300.0,2025-03-20 17:27:19.768339+00:00,2025-03-28 00:00:00+00:00,overdue,55.5,4,,,
118866,1038,3000.0,2025-11-08 17:13:24.970188+00:00,2025-12-08 17:13:24.965115+00:00,overdue,435.0,8,,,
122683,1038,2000.0,2025-11-16 22:27:12.118325+00:00,2025-12-16 22:27:12.113257+00:00,overdue,290.0,8,,,
2043,730,1000.0,2025-03-21 13:17:07.839753+00:00,2025-03-28 00:00:00+00:00,overdue,185.0,4,,,
1257,382,300.0,2025-03-14 09:51:52.064306+00:00,2025-03-28 00:00:00+00:00,overdue,55.5,4,,,
4383,683,1000.0,2025-04-30 19:30:24.005461+00:00,2025-05-28 00:00:00+00:00,overdue,185.0,4,,,
1444,461,100.0,2025-03-15 16:53:02.555257+00:00,2025-03-28 00:00:00+00:00,overdue,18.5,4,,,
4277,665,200.0,2025-04-25 22:35:18.598441+00:00,2025-04-28 00:00:00+00:00,overdue,37.0,4,,,
598,151,200.0,2025-02-15 18:33:10.556496+00:00,2025-02-28 00:00:00+00:00,overdue,37.0,4,,,
154020,78,2000.0,2025-12-05 08:09:21.047971+00:00,2026-01-04 08:09:21.042529+00:00,overdue,250.0,1,,,
133330,1030,1800.0,2025-11-21 12:36:30.621728+00:00,2025-12-21 12:36:30.614879+00:00,overdue,225.0,10,,,
3279,426,1000.0,2025-04-03 07:23:43.163923+00:00,2025-04-28 00:00:00+00:00,overdue,185.0,4,,,
2377,664,350.0,2025-03-24 13:44:26.406774+00:00,2025-03-28 00:00:00+00:00,overdue,64.75,4,,,
3667,443,1000.0,2025-04-04 17:42:07.823363+00:00,2025-04-28 00:00:00+00:00,overdue,185.0,4,,,
1436,368,100.0,2025-03-15 13:33:39.330079+00:00,2025-03-28 00:00:00+00:00,overdue,18.5,4,,,
71437,1027,10000.0,2025-09-26 10:50:24.700556+00:00,2025-10-26 10:50:24.694924+00:00,overdue,1450.0,8,,,
3800,474,200.0,2025-04-07 15:32:32.656361+00:00,2025-04-28 00:00:00+00:00,overdue,37.0,4,,,
5286,552,100.0,2025-05-26 12:21:06.509957+00:00,2025-05-28 00:00:00+00:00,overdue,18.5,4,,,
3469,797,1000.0,2025-04-03 20:24:16.295722+00:00,2025-04-28 00:00:00+00:00,overdue,185.0,4,,,
2657,133,150.0,2025-03-28 03:57:23.018951+00:00,2025-04-28 00:00:00+00:00,overdue,27.75,4,,,
97896,992,500.0,2025-10-14 15:35:25.210432+00:00,2025-11-13 15:35:25.205301+00:00,overdue,92.5,16,,,
20690,88,12000.0,2025-08-30 06:16:10.765643+00:00,2025-09-29 06:16:10.761972+00:00,overdue,2220.0,4,,,
98579,992,1000.0,2025-10-15 15:35:46.750617+00:00,2025-11-14 15:35:46.743165+00:00,overdue,185.0,16,,,
2163,713,100.0,2025-03-23 06:21:52.958415+00:00,2025-03-28 00:00:00+00:00,overdue,18.5,4,,,
122133,936,3000.0,2025-11-15 12:11:28.700009+00:00,2025-12-15 12:11:28.694422+00:00,overdue,435.0,8,,,
2708,362,500.0,2025-03-29 04:46:05.136775+00:00,2025-04-28 00:00:00+00:00,overdue,92.5,4,,,
2041,663,200.0,2025-03-21 13:02:44.281364+00:00,2025-03-28 00:00:00+00:00,overdue,37.0,4,,,
711,282,250.0,2025-02-20 17:30:34.013660+00:00,2025-02-28 00:00:00+00:00,overdue,46.25,4,,,
917,342,100.0,2025-03-01 20:39:10.180570+00:00,2025-03-28 00:00:00+00:00,overdue,18.5,4,,,
4067,772,600.0,2025-04-14 08:45:26.358989+00:00,2025-04-28 00:00:00+00:00,overdue,111.0,4,,,
2137,691,100.0,2025-03-22 13:53:45.374504+00:00,2025-03-28 00:00:00+00:00,overdue,18.5,4,,,
151126,930,260.0,2025-12-03 16:48:00.863380+00:00,2026-01-02 16:48:00.856290+00:00,overdue,32.5,1,,,
169771,992,800.0,2025-12-17 09:31:32.513239+00:00,2026-01-16 09:31:32.506151+00:00,overdue,148.0,16,,,
2352,660,600.0,2025-03-24 08:26:32.691736+00:00,2025-03-28 00:00:00+00:00,overdue,111.0,4,,,
1434,244,700.0,2025-03-15 12:40:12.839771+00:00,2025-03-28 00:00:00+00:00,overdue,129.5,4,,,
164720,967,2000.0,2025-12-12 07:36:43.905648+00:00,2026-01-11 07:36:43.898011+00:00,overdue,370.0,14,,,
1671,633,1000.0,2025-03-19 18:09:02.883715+00:00,2025-03-28 00:00:00+00:00,overdue,185.0,4,,,
4503,859,1000.0,2025-05-03 09:39:04.304775+00:00,2025-05-28 00:00:00+00:00,overdue,185.0,4,,,
681,284,1000.0,2025-02-19 18:42:42.168076+00:00,2025-02-28 00:00:00+00:00,overdue,185.0,4,,,
866,350,5000.0,2025-02-26 15:21:41.019529+00:00,2025-03-14 00:00:00+00:00,overdue,925.0,4,,,
601,112,500.0,2025-02-16 12:40:43.813608+00:00,2025-02-28 00:00:00+00:00,overdue,92.5,4,,,
647,34,2000.0,2025-02-19 08:32:53.817007+00:00,2025-02-28 00:00:00+00:00,fully_settled,250.0,1,,,
143644,982,5000.0,2025-11-28 17:37:46.080997+00:00,2025-12-28 17:37:46.069656+00:00,overdue,725.0,8,,,
20879,950,4000.0,2025-09-01 12:07:46.923280+00:00,2025-10-01 12:07:46.917381+00:00,overdue,740.0,4,,,
4255,23,200.0,2025-04-23 15:21:11.800166+00:00,2025-04-28 00:00:00+00:00,overdue,25.0,1,,,
2822,585,200.0,2025-03-31 04:52:18.014228+00:00,2025-04-28 00:00:00+00:00,overdue,37.0,4,,,
96490,946,100.0,2025-10-13 04:45:56.958147+00:00,2025-11-12 04:45:56.952126+00:00,overdue,18.5,4,,,
162985,1052,2000.0,2025-12-10 12:47:19.365294+00:00,2026-01-09 12:47:19.357660+00:00,overdue,370.0,16,,,
117601,936,5000.0,2025-11-06 11:21:40.928608+00:00,2025-12-06 11:21:40.923917+00:00,overdue,725.0,8,,,
550,159,1000.0,2025-02-12 18:12:08.438113+00:00,2025-02-28 00:00:00+00:00,overdue,185.0,4,,,
165108,989,2000.0,2025-12-12 12:36:23.237990+00:00,2026-01-11 12:36:23.231004+00:00,overdue,290.0,8,,,
2447,311,100.0,2025-03-25 07:59:47.295254+00:00,2025-03-28 00:00:00+00:00,overdue,18.5,4,,,
19547,902,160.0,2025-08-17 11:48:27.588556+00:00,2025-09-16 11:48:27.583012+00:00,overdue,20.0,10,,,
160628,63,2000.0,2025-12-08 15:18:38.102473+00:00,2026-01-07 15:18:38.094271+00:00,overdue,370.0,4,,,
4364,520,650.0,2025-04-30 15:58:25.267375+00:00,2025-05-28 00:00:00+00:00,overdue,120.25,4,,,
1831,436,1000.0,2025-03-20 14:52:35.354794+00:00,2025-03-28 00:00:00+00:00,overdue,185.0,4,,,
3644,760,1000.0,2025-04-04 14:50:34.540804+00:00,2025-04-28 00:00:00+00:00,overdue,185.0,4,,,
1539,502,1000.0,2025-03-17 12:50:01.017313+00:00,2025-03-28 00:00:00+00:00,overdue,185.0,4,,,
2121,713,100.0,2025-03-22 09:18:51.733776+00:00,2025-03-28 00:00:00+00:00,overdue,18.5,4,,,
2676,782,100.0,2025-03-28 09:23:10.468492+00:00,2025-04-28 00:00:00+00:00,overdue,18.5,4,,,
2136,702,1000.0,2025-03-22 13:39:45.267292+00:00,2025-03-28 00:00:00+00:00,overdue,185.0,4,,,
5304,824,850.0,2025-05-27 17:03:13.805716+00:00,2025-05-28 00:00:00+00:00,overdue,157.25,4,,,
1069,291,200.0,2025-03-06 10:53:26.784455+00:00,2025-03-28 00:00:00+00:00,overdue,37.0,4,,,
2750,622,100.0,2025-03-30 04:20:00.354019+00:00,2025-04-28 00:00:00+00:00,overdue,18.5,4,,,
2539,706,100.0,2025-03-26 09:55:40.076457+00:00,2025-03-28 00:00:00+00:00,overdue,18.5,4,,,
2187,375,500.0,2025-03-23 09:31:36.499054+00:00,2025-03-28 00:00:00+00:00,overdue,92.5,4,,,
2702,259,300.0,2025-03-28 19:23:25.881323+00:00,2025-04-28 00:00:00+00:00,overdue,55.5,4,,,
1250,376,250.0,2025-03-14 09:36:38.348303+00:00,2025-03-28 00:00:00+00:00,overdue,46.25,4,,,
3984,831,1000.0,2025-04-11 07:30:37.858335+00:00,2025-04-28 00:00:00+00:00,overdue,185.0,4,,,
2659,259,200.0,2025-03-28 05:21:24.417542+00:00,2025-04-28 00:00:00+00:00,overdue,37.0,4,,,
1546,480,1000.0,2025-03-17 13:30:51.380148+00:00,2025-03-28 00:00:00+00:00,overdue,185.0,4,,,
2997,538,1000.0,2025-04-02 13:17:41.634488+00:00,2025-04-28 00:00:00+00:00,overdue,185.0,4,,,
3854,570,130.0,2025-04-08 16:16:02.240165+00:00,2025-04-28 00:00:00+00:00,overdue,24.05,4,,,
68138,992,10000.0,2025-09-23 08:01:03.952949+00:00,2025-10-23 08:01:03.945650+00:00,overdue,1850.0,16,,,
3876,833,1000.0,2025-04-09 07:08:23.974373+00:00,2025-04-28 00:00:00+00:00,overdue,185.0,4,,,
1496,311,100.0,2025-03-16 14:42:18.313979+00:00,2025-03-28 00:00:00+00:00,overdue,18.5,4,,,
1854,622,400.0,2025-03-20 17:04:16.183869+00:00,2025-03-28 00:00:00+00:00,overdue,74.0,4,,,
2500,467,200.0,2025-03-25 18:59:11.238603+00:00,2025-03-28 00:00:00+00:00,overdue,37.0,4,,,
2557,663,300.0,2025-03-26 13:25:16.445064+00:00,2025-03-28 00:00:00+00:00,overdue,55.5,4,,,
4630,773,1000.0,2025-05-03 17:32:20.047830+00:00,2025-05-28 00:00:00+00:00,overdue,185.0,4,,,
2427,685,400.0,2025-03-25 04:03:50.807060+00:00,2025-03-28 00:00:00+00:00,overdue,74.0,4,,,
4118,650,100.0,2025-04-16 06:14:55.065612+00:00,2025-04-28 00:00:00+00:00,overdue,18.5,4,,,
83308,31,10.0,2025-10-02 07:55:03.447780+00:00,2025-11-01 07:55:03.443917+00:00,overdue,1.25,1,,,
2022,701,1000.0,2025-03-21 11:49:43.320694+00:00,2025-03-28 00:00:00+00:00,overdue,185.0,4,,,
382,28,10.0,2025-02-22 10:27:44.779000+00:00,2025-01-28 00:00:00+00:00,overdue,1.25,1,,,
20938,65,500.0,2025-09-02 04:09:01.839866+00:00,2025-10-02 04:09:01.833435+00:00,overdue,92.5,4,,,
142751,1036,3500.0,2025-11-28 08:33:46.253566+00:00,2025-12-28 08:33:46.246380+00:00,overdue,647.5,16,,,
2589,693,900.0,2025-03-26 21:11:02.551654+00:00,2025-03-28 00:00:00+00:00,overdue,166.5,4,,,
5388,891,1500.0,2025-06-02 07:41:10.184966+00:00,2025-06-28 00:00:00+00:00,overdue,187.5,10,,,
137634,1048,10000.0,2025-11-24 17:08:33.457683+00:00,2025-12-24 17:08:33.453167+00:00,overdue,1450.0,8,,,
2851,452,200.0,2025-03-31 14:38:54.185888+00:00,2025-04-28 00:00:00+00:00,overdue,37.0,4,,,
3899,825,700.0,2025-04-09 17:33:55.136004+00:00,2025-04-28 00:00:00+00:00,overdue,129.5,4,,,
2213,674,1000.0,2025-03-23 12:43:03.075106+00:00,2025-03-28 00:00:00+00:00,overdue,185.0,4,,,
142203,1053,10000.0,2025-11-27 18:40:57.185411+00:00,2025-12-27 18:40:57.178992+00:00,overdue,1450.0,8,,,
69915,962,2000.0,2025-09-25 03:05:57.801343+00:00,2025-10-25 03:05:57.795978+00:00,overdue,370.0,14,,,
83301,31,10.0,2025-10-02 07:47:37.557585+00:00,2025-11-01 07:47:37.552300+00:00,overdue,1.25,1,,,
1243,29,1000.0,2025-03-14 08:56:49.344926+00:00,2025-03-28 00:00:00+00:00,overdue,125.0,1,,,
1584,402,200.0,2025-03-18 12:17:05.805313+00:00,2025-03-28 00:00:00+00:00,overdue,37.0,4,,,
1744,372,900.0,2025-03-20 09:35:33.344178+00:00,2025-03-28 00:00:00+00:00,overdue,166.5,4,,,
1592,540,500.0,2025-03-18 13:54:25.356227+00:00,2025-03-28 00:00:00+00:00,overdue,92.5,4,,,
2698,552,400.0,2025-03-28 15:56:04.782358+00:00,2025-04-28 00:00:00+00:00,overdue,74.0,4,,,
5219,305,100.0,2025-05-16 09:40:20.233846+00:00,2025-05-28 00:00:00+00:00,overdue,18.5,4,,,
1887,311,100.0,2025-03-21 04:57:12.725599+00:00,2025-03-28 00:00:00+00:00,overdue,18.5,4,,,
2118,664,100.0,2025-03-22 08:36:32.796996+00:00,2025-03-28 00:00:00+00:00,overdue,18.5,4,,,
143594,1036,3000.0,2025-11-28 17:05:26.507056+00:00,2025-12-28 17:05:26.501679+00:00,overdue,555.0,16,,,
5008,878,200.0,2025-05-08 11:57:25.535190+00:00,2025-05-28 00:00:00+00:00,overdue,37.0,4,,,
4227,871,1000.0,2025-04-22 13:44:40.049588+00:00,2025-04-28 00:00:00+00:00,overdue,185.0,4,,,
4968,647,100.0,2025-05-06 20:44:11.505436+00:00,2025-05-28 00:00:00+00:00,overdue,18.5,4,,,
18556,354,5000.0,2025-08-05 15:53:17.138117+00:00,2025-09-04 15:53:17.131439+00:00,overdue,725.0,8,,,
131550,1036,5300.0,2025-11-20 13:22:50.763702+00:00,2025-12-20 13:22:50.760309+00:00,overdue,980.5,16,,,
19468,62,2000.0,2025-08-16 11:25:41.584052+00:00,2025-09-15 11:25:41.575104+00:00,overdue,370.0,4,,,
2782,418,250.0,2025-03-30 12:36:28.388927+00:00,2025-04-28 00:00:00+00:00,overdue,46.25,4,,,
117218,892,100.0,2025-11-05 17:09:29.516729+00:00,2025-12-05 17:09:29.512760+00:00,overdue,12.5,10,,,
112773,948,5000.0,2025-10-30 08:32:08.014505+00:00,2025-11-29 08:32:08.009776+00:00,overdue,725.0,8,,,
2145,660,100.0,2025-03-22 16:31:56.000346+00:00,2025-03-28 00:00:00+00:00,overdue,18.5,4,,,
135505,1040,4000.0,2025-11-23 03:52:48.103370+00:00,2025-12-23 03:52:48.098438+00:00,overdue,580.0,8,,,
20899,65,500.0,2025-09-01 16:41:23.712420+00:00,2025-10-01 16:41:23.708502+00:00,overdue,92.5,4,,,
1598,382,100.0,2025-03-18 16:11:27.779012+00:00,2025-03-28 00:00:00+00:00,overdue,18.5,4,,,
1373,381,1000.0,2025-03-14 15:55:16.804754+00:00,2025-03-28 00:00:00+00:00,overdue,185.0,4,,,
2154,706,100.0,2025-03-22 19:47:45.016483+00:00,2025-03-28 00:00:00+00:00,overdue,18.5,4,,,
144426,924,2000.0,2025-11-29 09:20:00.836738+00:00,2025-12-29 09:20:00.830273+00:00,overdue,250.0,1,,,
3905,769,500.0,2025-04-09 21:33:57.127337+00:00,2025-04-28 00:00:00+00:00,overdue,92.5,4,,,
3861,819,1000.0,2025-04-08 17:09:24.666282+00:00,2025-04-28 00:00:00+00:00,overdue,185.0,4,,,
69378,962,4000.0,2025-09-24 14:49:56.279853+00:00,2025-10-24 14:49:56.275450+00:00,overdue,740.0,14,,,
1150,301,1000.0,2025-03-11 17:22:18.712501+00:00,2025-03-28 00:00:00+00:00,overdue,185.0,4,,,
106140,893,5000.0,2025-10-24 14:43:42.708710+00:00,2025-11-23 14:43:42.702846+00:00,overdue,625.0,10,,,
117796,892,120.0,2025-11-06 17:33:21.838070+00:00,2025-12-06 17:33:21.831301+00:00,overdue,15.0,10,,,
2568,733,1000.0,2025-03-26 15:39:52.518261+00:00,2025-03-28 00:00:00+00:00,overdue,185.0,4,,,
651,328,400.0,2025-02-19 08:51:36.569631+00:00,2025-02-28 00:00:00+00:00,overdue,74.0,4,,,
5667,422,1000.0,2025-06-04 10:19:55.230589+00:00,2025-06-28 00:00:00+00:00,overdue,185.0,4,,,
149864,989,4000.0,2025-12-03 05:58:39.085506+00:00,2026-01-02 05:58:39.080103+00:00,overdue,580.0,8,,,
631,188,2000.0,2025-02-18 18:42:17.604304+00:00,2025-02-28 00:00:00+00:00,overdue,370.0,4,,,
2401,362,200.0,2025-03-24 17:44:48.131436+00:00,2025-03-28 00:00:00+00:00,overdue,37.0,4,,,
3890,837,1000.0,2025-04-09 11:50:22.844114+00:00,2025-04-28 00:00:00+00:00,overdue,185.0,4,,,
5878,409,200.0,2025-06-09 10:01:19.518542+00:00,2025-06-28 00:00:00+00:00,overdue,37.0,4,,,
2199,735,1000.0,2025-03-23 10:15:49.163703+00:00,2025-03-28 00:00:00+00:00,overdue,185.0,4,,,
3837,506,200.0,2025-04-08 14:30:24.963719+00:00,2025-04-28 00:00:00+00:00,overdue,37.0,4,,,
5021,714,1000.0,2025-05-08 18:06:49.607564+00:00,2025-05-28 00:00:00+00:00,overdue,185.0,4,,,
1082,330,500.0,2025-03-06 19:45:00.299515+00:00,2025-03-28 00:00:00+00:00,overdue,92.5,4,,,
642,239,350.0,2025-02-19 08:05:42.933109+00:00,2025-02-28 00:00:00+00:00,overdue,64.75,4,,,
3725,677,500.0,2025-04-05 11:01:37.784502+00:00,2025-04-28 00:00:00+00:00,overdue,92.5,4,,,
5823,657,1000.0,2025-06-06 09:18:10.217089+00:00,2025-06-28 00:00:00+00:00,overdue,185.0,4,,,
1449,370,100.0,2025-03-15 17:51:03.799102+00:00,2025-03-28 00:00:00+00:00,overdue,18.5,4,,,
543,24,20.0,2025-02-22 10:38:52.661000+00:00,2025-02-28 00:00:00+00:00,overdue,2.5,1,,,
5009,458,1000.0,2025-05-08 12:11:17.933472+00:00,2025-05-28 00:00:00+00:00,overdue,185.0,4,,,
2037,539,200.0,2025-03-21 12:42:05.502099+00:00,2025-03-28 00:00:00+00:00,overdue,37.0,4,,,
869,30,550.0,2025-02-27 08:56:15.105071+00:00,2025-02-28 00:00:00+00:00,overdue,68.75,1,,,
1780,423,600.0,2025-03-20 11:43:32.895865+00:00,2025-03-28 00:00:00+00:00,overdue,111.0,4,,,
4182,711,1000.0,2025-04-18 14:19:41.921491+00:00,2025-04-28 00:00:00+00:00,overdue,185.0,4,,,
169178,808,20000.0,2025-12-16 18:16:33.721844+00:00,2026-01-15 18:16:33.701709+00:00,overdue,3700.0,4,,,
69408,1024,7000.0,2025-09-24 15:09:09.444537+00:00,2025-10-24 15:09:09.440877+00:00,overdue,1015.0,8,,,
593,4,110.0,2025-02-14 15:22:52.506692+00:00,2025-02-28 00:00:00+00:00,fully_settled,13.75,1,,,
4106,839,100.0,2025-04-15 10:38:30.691221+00:00,2025-04-28 00:00:00+00:00,overdue,18.5,4,,,
4785,435,1000.0,2025-05-04 19:29:13.723866+00:00,2025-05-28 00:00:00+00:00,overdue,185.0,4,,,
80465,1029,3000.0,2025-09-30 14:18:34.170049+00:00,2025-10-30 14:18:34.165014+00:00,overdue,435.0,8,,,
69635,944,10000.0,2025-09-24 17:36:45.257588+00:00,2025-10-24 17:36:45.252819+00:00,overdue,1450.0,8,,,
144573,948,6000.0,2025-11-29 11:13:05.091915+00:00,2025-12-29 11:13:05.085386+00:00,overdue,870.0,8,,,
1417,374,200.0,2025-03-15 07:19:51.700501+00:00,2025-03-28 00:00:00+00:00,overdue,37.0,4,,,
846,314,500.0,2025-02-24 15:11:51.948564+00:00,2025-02-28 00:00:00+00:00,overdue,92.5,4,,,
3784,818,1000.0,2025-04-07 07:58:46.405523+00:00,2025-04-28 00:00:00+00:00,overdue,185.0,4,,,
396,4,20.0,2025-01-22 14:03:51.267533+00:00,2025-01-28 00:00:00+00:00,fully_settled,2.5,1,,,
1613,529,1000.0,2025-03-19 06:22:36.159398+00:00,2025-03-28 00:00:00+00:00,overdue,185.0,4,,,
34771,1011,7000.0,2025-09-13 07:10:32.025184+00:00,2025-10-13 07:10:32.020808+00:00,overdue,1015.0,8,,,
140088,75,1500.0,2025-11-26 07:22:05.278609+00:00,2025-12-26 07:22:05.273247+00:00,overdue,277.5,4,,,
135503,1040,8000.0,2025-11-23 03:50:52.581622+00:00,2025-12-23 03:50:52.577958+00:00,overdue,1160.0,8,,,
3738,585,800.0,2025-04-05 16:10:04.861840+00:00,2025-04-28 00:00:00+00:00,overdue,148.0,4,,,
4703,460,1000.0,2025-05-04 08:30:54.385428+00:00,2025-05-28 00:00:00+00:00,overdue,185.0,4,,,
80901,876,2000.0,2025-09-30 18:05:09.205471+00:00,2025-10-30 18:05:09.201151+00:00,overdue,250.0,10,,,
1370,455,500.0,2025-03-14 15:45:57.537215+00:00,2025-03-28 00:00:00+00:00,overdue,92.5,4,,,
635,231,1000.0,2025-02-19 07:20:44.689868+00:00,2025-02-28 00:00:00+00:00,overdue,185.0,4,,,
5025,442,1000.0,2025-05-09 06:49:25.798940+00:00,2025-05-28 00:00:00+00:00,overdue,185.0,4,,,
3866,792,100.0,2025-04-09 02:25:56.561666+00:00,2025-04-28 00:00:00+00:00,overdue,18.5,4,,,
1653,526,100.0,2025-03-19 14:02:25.521063+00:00,2025-03-28 00:00:00+00:00,overdue,18.5,4,,,
3713,592,400.0,2025-04-05 08:07:37.418628+00:00,2025-04-28 00:00:00+00:00,overdue,74.0,4,,,
2661,651,100.0,2025-03-28 06:22:23.640696+00:00,2025-04-28 00:00:00+00:00,overdue,18.5,4,,,
4254,520,350.0,2025-04-23 15:08:44.700723+00:00,2025-04-28 00:00:00+00:00,overdue,64.75,4,,,
2466,768,525.0,2025-03-25 10:02:49.050165+00:00,2025-03-28 00:00:00+00:00,overdue,97.125,4,,,
148620,18,2000.0,2025-12-02 11:18:29.887382+00:00,2026-01-01 11:18:29.878447+00:00,overdue,250.0,1,,,
5382,926,1000.0,2025-06-01 14:17:15.068634+00:00,2025-06-28 00:00:00+00:00,overdue,185.0,4,,,
5244,918,1000.0,2025-05-19 16:59:54.094775+00:00,2025-05-28 00:00:00+00:00,overdue,185.0,4,,,
137672,1048,7000.0,2025-11-24 17:25:28.585453+00:00,2025-12-24 17:25:28.582175+00:00,overdue,1015.0,8,,,
2549,696,1000.0,2025-03-26 11:28:29.667080+00:00,2025-03-28 00:00:00+00:00,overdue,185.0,4,,,
2208,441,800.0,2025-03-23 11:26:25.051285+00:00,2025-03-28 00:00:00+00:00,overdue,148.0,4,,,
3880,259,3500.0,2025-04-09 08:30:06.422492+00:00,2025-04-28 00:00:00+00:00,overdue,647.5,4,,,
707,239,650.0,2025-02-20 12:34:44.456866+00:00,2025-02-28 00:00:00+00:00,overdue,120.25,4,,,
2356,382,100.0,2025-03-24 08:51:59.885160+00:00,2025-03-28 00:00:00+00:00,overdue,18.5,4,,,
5815,597,1000.0,2025-06-06 00:10:35.256250+00:00,2025-06-28 00:00:00+00:00,overdue,185.0,4,,,
121384,892,380.0,2025-11-14 06:04:35.385363+00:00,2025-12-14 06:04:35.380174+00:00,overdue,47.5,10,,,
136272,1036,4100.0,2025-11-23 14:58:52.692583+00:00,2025-12-23 14:58:52.689113+00:00,overdue,758.5,16,,,
903,282,100.0,2025-03-01 09:04:19.500281+00:00,2025-03-28 00:00:00+00:00,overdue,18.5,4,,,
3741,769,100.0,2025-04-05 17:24:00.050696+00:00,2025-04-28 00:00:00+00:00,overdue,18.5,4,,,
135454,947,10000.0,2025-11-22 23:05:47.869970+00:00,2025-12-22 23:05:47.865183+00:00,overdue,1450.0,8,,,
3908,716,250.0,2025-04-10 01:11:21.776169+00:00,2025-04-28 00:00:00+00:00,overdue,46.25,4,,,
2144,647,300.0,2025-03-22 16:23:07.810894+00:00,2025-03-28 00:00:00+00:00,overdue,55.5,4,,,
2008,413,1000.0,2025-03-21 10:16:27.309838+00:00,2025-03-28 00:00:00+00:00,overdue,185.0,4,,,
98941,992,1000.0,2025-10-16 07:06:26.031516+00:00,2025-11-15 07:06:26.025820+00:00,overdue,185.0,16,,,
1590,537,1000.0,2025-03-18 13:14:35.263888+00:00,2025-03-28 00:00:00+00:00,overdue,185.0,4,,,
2576,685,400.0,2025-03-26 17:22:18.656398+00:00,2025-03-28 00:00:00+00:00,overdue,74.0,4,,,
5818,519,300.0,2025-06-06 06:44:39.888664+00:00,2025-06-28 00:00:00+00:00,overdue,55.5,4,,,
4938,568,1000.0,2025-05-06 10:12:45.949562+00:00,2025-05-28 00:00:00+00:00,overdue,185.0,4,,,
5805,621,1000.0,2025-06-05 13:40:30.167021+00:00,2025-06-28 00:00:00+00:00,overdue,185.0,4,,,
118335,992,10000.0,2025-11-07 17:53:22.023735+00:00,2025-12-07 17:53:22.018721+00:00,overdue,1850.0,16,,,
145247,933,5000.0,2025-11-29 21:57:06.669571+00:00,2025-12-29 21:57:06.663898+00:00,overdue,725.0,8,,,
4394,770,400.0,2025-05-01 20:41:34.907326+00:00,2025-05-28 00:00:00+00:00,overdue,74.0,4,,,
1612,545,300.0,2025-03-19 06:21:47.904510+00:00,2025-03-28 00:00:00+00:00,overdue,55.5,4,,,
6037,881,3000.0,2025-06-30 06:55:34.632973+00:00,2025-07-28 00:00:00+00:00,overdue,375.0,10,,,
675,201,1300.0,2025-02-19 16:32:34.163175+00:00,2025-02-28 00:00:00+00:00,overdue,240.5,4,,,
4515,246,1000.0,2025-05-03 10:38:49.479476+00:00,2025-05-28 00:00:00+00:00,overdue,185.0,4,,,
2690,767,950.0,2025-03-28 12:29:36.209947+00:00,2025-04-28 00:00:00+00:00,overdue,175.75,4,,,
166553,982,3000.0,2025-12-13 19:29:53.574369+00:00,2026-01-12 19:29:53.568632+00:00,overdue,435.0,8,,,
709,190,700.0,2025-02-20 15:39:07.617947+00:00,2025-02-28 00:00:00+00:00,overdue,129.5,4,,,
5916,881,2000.0,2025-06-13 11:32:04.629603+00:00,2025-06-28 00:00:00+00:00,overdue,250.0,10,,,
708,201,500.0,2025-02-20 14:01:49.383424+00:00,2025-02-28 00:00:00+00:00,overdue,92.5,4,,,
3305,483,500.0,2025-04-03 08:01:20.413378+00:00,2025-04-28 00:00:00+00:00,overdue,92.5,4,,,
115334,976,5000.0,2025-11-02 19:18:54.428889+00:00,2025-12-02 19:18:54.419865+00:00,overdue,925.0,16,,,
2173,386,200.0,2025-03-23 07:35:43.580096+00:00,2025-03-28 00:00:00+00:00,overdue,37.0,4,,,
4333,179,600.0,2025-04-29 05:56:19.269525+00:00,2025-05-28 00:00:00+00:00,overdue,111.0,4,,,
5046,299,1000.0,2025-05-10 09:04:57.303860+00:00,2025-05-28 00:00:00+00:00,overdue,185.0,4,,,
1154,298,800.0,2025-03-11 17:57:31.555621+00:00,2025-03-28 00:00:00+00:00,overdue,148.0,4,,,
1376,421,100.0,2025-03-14 16:11:57.987344+00:00,2025-03-28 00:00:00+00:00,overdue,18.5,4,,,
2160,728,100.0,2025-03-23 04:24:00.241461+00:00,2025-03-28 00:00:00+00:00,overdue,18.5,4,,,
3129,763,200.0,2025-04-02 19:35:52.057635+00:00,2025-04-28 00:00:00+00:00,overdue,37.0,4,,,
1557,491,1000.0,2025-03-17 16:53:00.712073+00:00,2025-03-28 00:00:00+00:00,overdue,185.0,4,,,
641,247,1000.0,2025-02-19 07:42:21.093825+00:00,2025-02-28 00:00:00+00:00,overdue,185.0,4,,,
1844,370,100.0,2025-03-20 15:48:50.535663+00:00,2025-03-28 00:00:00+00:00,overdue,18.5,4,,,
750,4,10.0,2025-02-22 13:31:00.341386+00:00,2025-02-28 00:00:00+00:00,fully_settled,1.25,1,,,
88703,968,2500.0,2025-10-06 07:27:52.453086+00:00,2025-11-05 07:27:52.447821+00:00,overdue,462.5,14,,,
3306,483,500.0,2025-04-03 08:02:39.148984+00:00,2025-04-28 00:00:00+00:00,overdue,92.5,4,,,
1385,448,1000.0,2025-03-14 17:25:57.706173+00:00,2025-03-28 00:00:00+00:00,overdue,185.0,4,,,
2127,543,380.0,2025-03-22 12:51:39.403750+00:00,2025-03-28 00:00:00+00:00,overdue,70.3,4,,,
844,31,10.0,2025-02-24 14:14:58.328743+00:00,2025-02-28 00:00:00+00:00,overdue,1.25,1,,,
4144,190,200.0,2025-04-16 11:21:25.072133+00:00,2025-04-28 00:00:00+00:00,overdue,37.0,4,,,
1362,241,260.0,2025-03-14 13:48:27.380901+00:00,2025-03-28 00:00:00+00:00,overdue,48.1,4,,,
2347,663,200.0,2025-03-24 08:03:00.792272+00:00,2025-03-28 00:00:00+00:00,overdue,37.0,4,,,
1550,517,1000.0,2025-03-17 13:56:45.426876+00:00,2025-03-28 00:00:00+00:00,overdue,185.0,4,,,
1066,280,450.0,2025-03-06 09:46:33.133245+00:00,2025-03-28 00:00:00+00:00,overdue,83.25,4,,,
2633,784,500.0,2025-03-27 12:02:17.250853+00:00,2025-03-28 00:00:00+00:00,overdue,92.5,4,,,
658,265,1000.0,2025-02-19 09:50:37.689058+00:00,2025-02-28 00:00:00+00:00,overdue,185.0,4,,,
113748,936,10000.0,2025-10-31 12:23:10.575029+00:00,2025-11-30 12:23:10.569752+00:00,overdue,1450.0,8,,,
2895,133,103.0,2025-04-01 16:24:42.710357+00:00,2025-04-28 00:00:00+00:00,overdue,19.055,4,,,
105575,95,2000.0,2025-10-23 18:21:11.328632+00:00,2025-11-22 18:21:11.323924+00:00,overdue,250.0,1,,,
168656,1051,500.0,2025-12-16 08:17:47.168929+00:00,2026-01-15 08:17:47.154333+00:00,overdue,92.5,16,,,
20705,69,15000.0,2025-08-30 09:43:35.029865+00:00,2025-09-29 09:43:35.024541+00:00,overdue,2775.0,4,,,
5797,796,1000.0,2025-06-05 12:44:35.001513+00:00,2025-06-28 00:00:00+00:00,overdue,185.0,4,,,
3962,177,2000.0,2025-04-10 18:34:12.358197+00:00,2025-04-28 00:00:00+00:00,overdue,370.0,4,,,
18565,953,7000.0,2025-08-05 17:34:29.673517+00:00,2025-09-04 17:34:29.669508+00:00,overdue,1295.0,13,,,
120166,936,5000.0,2025-11-11 14:25:11.161247+00:00,2025-12-11 14:25:11.154325+00:00,overdue,725.0,8,,,
167450,892,150.0,2025-12-14 18:47:15.618949+00:00,2026-01-13 18:47:15.611782+00:00,overdue,18.75,10,,,
3346,490,1000.0,2025-04-03 09:17:53.488228+00:00,2025-04-28 00:00:00+00:00,overdue,185.0,4,,,
1921,661,1000.0,2025-03-21 08:06:26.586783+00:00,2025-03-28 00:00:00+00:00,overdue,185.0,4,,,
1254,379,1000.0,2025-03-14 09:43:35.039555+00:00,2025-03-28 00:00:00+00:00,overdue,185.0,4,,,
2648,774,100.0,2025-03-27 18:10:22.449966+00:00,2025-03-28 00:00:00+00:00,overdue,18.5,4,,,
4737,551,1000.0,2025-05-04 10:52:51.304068+00:00,2025-05-28 00:00:00+00:00,overdue,185.0,4,,,
2674,648,500.0,2025-03-28 09:10:51.786349+00:00,2025-04-28 00:00:00+00:00,overdue,92.5,4,,,
118338,892,350.0,2025-11-07 17:58:49.589530+00:00,2025-12-07 17:58:49.584601+00:00,overdue,43.75,10,,,
4238,665,100.0,2025-04-22 21:17:33.513001+00:00,2025-04-28 00:00:00+00:00,overdue,18.5,4,,,
20851,88,10000.0,2025-09-01 05:37:01.992931+00:00,2025-10-01 05:37:01.986728+00:00,overdue,1850.0,4,,,
862,310,1000.0,2025-02-25 16:30:52.869621+00:00,2025-02-28 00:00:00+00:00,overdue,185.0,4,,,
501,4,50.0,2025-02-08 08:34:56.495556+00:00,2025-02-28 00:00:00+00:00,fully_settled,6.25,1,,,
1664,646,1000.0,2025-03-19 16:31:09.019078+00:00,2025-03-28 00:00:00+00:00,overdue,185.0,4,,,
2009,263,1000.0,2025-03-21 11:09:06.685697+00:00,2025-03-28 00:00:00+00:00,overdue,185.0,4,,,
1319,406,100.0,2025-03-14 10:43:20.034929+00:00,2025-03-28 00:00:00+00:00,overdue,18.5,4,,,
83461,79,5000.0,2025-10-02 09:14:18.612314+00:00,2025-11-01 09:14:18.605132+00:00,overdue,925.0,4,,,
69916,962,2000.0,2025-09-25 03:07:38.914105+00:00,2025-10-25 03:07:38.909143+00:00,overdue,370.0,14,,,
83307,31,10.0,2025-10-02 07:53:59.877491+00:00,2025-11-01 07:53:59.869543+00:00,overdue,1.25,1,,,
1279,395,1000.0,2025-03-14 10:18:11.937573+00:00,2025-03-28 00:00:00+00:00,overdue,185.0,4,,,
4236,678,900.0,2025-04-22 19:14:38.314505+00:00,2025-04-28 00:00:00+00:00,overdue,166.5,4,,,
380,24,10.0,2024-12-29 04:25:30.983437+00:00,2025-01-28 00:00:00+00:00,overdue,1.25,1,,,
3438,587,1000.0,2025-04-03 14:58:27.395799+00:00,2025-04-28 00:00:00+00:00,overdue,185.0,4,,,
4751,631,400.0,2025-05-04 12:40:54.623492+00:00,2025-05-28 00:00:00+00:00,overdue,74.0,4,,,
4049,739,200.0,2025-04-13 12:35:14.451183+00:00,2025-04-28 00:00:00+00:00,overdue,37.0,4,,,
20333,984,10000.0,2025-08-27 08:34:31.468295+00:00,2025-09-26 08:34:31.463937+00:00,overdue,1450.0,8,,,
3327,713,450.0,2025-04-03 08:35:41.128920+00:00,2025-04-28 00:00:00+00:00,overdue,83.25,4,,,
4983,438,1000.0,2025-05-07 09:37:22.797399+00:00,2025-05-28 00:00:00+00:00,overdue,185.0,4,,,
1526,428,1000.0,2025-03-17 11:21:04.816541+00:00,2025-03-28 00:00:00+00:00,overdue,185.0,4,,,
3769,496,900.0,2025-04-06 17:50:54.534926+00:00,2025-04-28 00:00:00+00:00,overdue,166.5,4,,,
71431,1027,10000.0,2025-09-26 10:48:51.390723+00:00,2025-10-26 10:48:51.386141+00:00,overdue,1450.0,8,,,
1397,437,100.0,2025-03-14 23:46:04.336453+00:00,2025-03-28 00:00:00+00:00,overdue,18.5,4,,,
1038,291,800.0,2025-03-05 11:05:07.427785+00:00,2025-03-28 00:00:00+00:00,overdue,148.0,4,,,
168724,992,1200.0,2025-12-16 09:08:10.152431+00:00,2026-01-15 09:08:10.144038+00:00,overdue,222.0,16,,,
200,12,48.0,2024-12-07 17:43:54.502338+00:00,2024-12-28 00:00:00+00:00,overdue,6.0,1,,,
3752,681,450.0,2025-04-06 08:44:03.330020+00:00,2025-04-28 00:00:00+00:00,overdue,83.25,4,,,
4159,865,950.0,2025-04-17 09:23:52.201951+00:00,2025-04-28 00:00:00+00:00,overdue,175.75,4,,,
4348,874,1000.0,2025-04-29 15:21:37.752710+00:00,2025-05-28 00:00:00+00:00,overdue,185.0,4,,,
2565,650,250.0,2025-03-26 14:52:44.676282+00:00,2025-03-28 00:00:00+00:00,overdue,46.25,4,,,
98362,32,2000.0,2025-10-15 10:15:58.809057+00:00,2025-11-14 10:15:58.804593+00:00,overdue,250.0,1,,,
2475,545,200.0,2025-03-25 11:41:24.142249+00:00,2025-03-28 00:00:00+00:00,overdue,37.0,4,,,
130300,1036,650.0,2025-11-19 20:42:41.072456+00:00,2025-12-19 20:42:41.067277+00:00,overdue,120.25,16,,,
2226,199,300.0,2025-03-23 15:44:29.336561+00:00,2025-03-28 00:00:00+00:00,overdue,55.5,4,,,
83331,31,10.0,2025-10-02 08:09:39.209606+00:00,2025-11-01 08:09:39.203174+00:00,overdue,1.25,1,,,
2016,544,1000.0,2025-03-21 11:31:57.839440+00:00,2025-03-28 00:00:00+00:00,overdue,185.0,4,,,
677,275,1000.0,2025-02-19 16:55:01.453530+00:00,2025-02-28 00:00:00+00:00,overdue,185.0,4,,,
4730,827,1000.0,2025-05-04 10:27:23.058016+00:00,2025-05-28 00:00:00+00:00,overdue,185.0,4,,,
54925,1021,5000.0,2025-09-18 09:58:55.557426+00:00,2025-10-18 09:58:55.553282+00:00,overdue,725.0,8,,,
19688,939,1000.0,2025-08-19 10:53:39.385991+00:00,2025-09-18 10:53:39.379772+00:00,overdue,145.0,8,,,
148921,16,1000.0,2025-12-02 14:25:21.684029+00:00,2026-01-01 14:25:21.678048+00:00,overdue,125.0,1,,,
1365,461,750.0,2025-03-14 14:15:28.784646+00:00,2025-03-28 00:00:00+00:00,overdue,138.75,4,,,
2465,592,200.0,2025-03-25 09:49:27.174661+00:00,2025-03-28 00:00:00+00:00,overdue,37.0,4,,,
136393,948,6000.0,2025-11-23 16:43:45.758957+00:00,2025-12-23 16:43:45.754505+00:00,overdue,870.0,8,,,
3643,792,200.0,2025-04-04 14:40:30.580944+00:00,2025-04-28 00:00:00+00:00,overdue,37.0,4,,,
422,4,50.0,2025-01-29 18:24:12.285785+00:00,2025-02-28 00:00:00+00:00,fully_settled,6.25,1,,,
5644,485,1000.0,2025-06-04 08:46:00.433350+00:00,2025-06-28 00:00:00+00:00,overdue,185.0,4,,,
1710,575,1000.0,2025-03-20 06:58:19.306527+00:00,2025-03-28 00:00:00+00:00,overdue,185.0,4,,,
2002,699,1000.0,2025-03-21 10:08:03.527529+00:00,2025-03-28 00:00:00+00:00,overdue,185.0,4,,,
901,266,150.0,2025-03-01 05:58:34.982128+00:00,2025-03-28 00:00:00+00:00,overdue,27.75,4,,,
146655,1052,6000.0,2025-12-01 05:39:42.280595+00:00,2025-12-31 05:39:42.273970+00:00,overdue,1110.0,16,,,
158114,992,1300.0,2025-12-07 10:33:22.223723+00:00,2026-01-06 10:33:22.216172+00:00,overdue,240.5,16,,,
2679,799,1000.0,2025-03-28 10:45:11.626447+00:00,2025-04-28 00:00:00+00:00,overdue,185.0,4,,,
3913,311,100.0,2025-04-10 07:00:35.131412+00:00,2025-04-28 00:00:00+00:00,overdue,18.5,4,,,
1562,507,1000.0,2025-03-17 20:30:21.378954+00:00,2025-03-28 00:00:00+00:00,overdue,185.0,4,,,
2786,681,350.0,2025-03-30 14:03:59.355270+00:00,2025-04-28 00:00:00+00:00,overdue,64.75,4,,,
2588,653,100.0,2025-03-26 20:59:07.431841+00:00,2025-03-28 00:00:00+00:00,overdue,18.5,4,,,
1249,361,1000.0,2025-03-14 09:33:22.776629+00:00,2025-03-28 00:00:00+00:00,overdue,185.0,4,,,
18241,881,3000.0,2025-08-03 05:00:01.756751+00:00,2025-09-02 05:00:01.751620+00:00,overdue,375.0,10,,,
3455,656,1000.0,2025-04-03 16:39:29.654600+00:00,2025-04-28 00:00:00+00:00,overdue,185.0,4,,,
2647,540,100.0,2025-03-27 18:07:56.075327+00:00,2025-03-28 00:00:00+00:00,overdue,18.5,4,,,
1497,393,800.0,2025-03-16 16:00:41.084168+00:00,2025-03-28 00:00:00+00:00,overdue,148.0,4,,,
4234,739,100.0,2025-04-22 16:31:10.021882+00:00,2025-04-28 00:00:00+00:00,overdue,18.5,4,,,
1119,112,500.0,2025-03-08 15:35:58.986906+00:00,2025-03-28 00:00:00+00:00,overdue,92.5,4,,,
3385,398,1000.0,2025-04-03 11:19:20.926964+00:00,2025-04-28 00:00:00+00:00,overdue,185.0,4,,,
616,126,2000.0,2025-02-17 15:13:40.613179+00:00,2025-02-28 00:00:00+00:00,overdue,370.0,4,,,
70149,1025,5000.0,2025-09-25 07:32:54.542218+00:00,2025-10-25 07:32:54.537918+00:00,overdue,725.0,8,,,
3668,792,400.0,2025-04-04 17:43:05.265892+00:00,2025-04-28 00:00:00+00:00,overdue,74.0,4,,,
3272,689,400.0,2025-04-03 07:16:57.155017+00:00,2025-04-28 00:00:00+00:00,overdue,74.0,4,,,
105572,6,2000.0,2025-10-23 18:19:44.869943+00:00,2025-11-22 18:19:44.865777+00:00,overdue,250.0,1,,,
1513,418,120.0,2025-03-17 09:30:37.208123+00:00,2025-03-28 00:00:00+00:00,overdue,22.2,4,,,
138023,1028,6500.0,2025-11-25 03:36:33.368647+00:00,2025-12-25 03:36:33.365121+00:00,overdue,942.5,8,,,
2125,541,1000.0,2025-03-22 12:09:21.865206+00:00,2025-03-28 00:00:00+00:00,overdue,185.0,4,,,
3611,805,1000.0,2025-04-04 10:58:56.178065+00:00,2025-04-28 00:00:00+00:00,overdue,185.0,4,,,
3311,689,100.0,2025-04-03 08:09:16.751635+00:00,2025-04-28 00:00:00+00:00,overdue,18.5,4,,,
2263,685,100.0,2025-03-23 18:29:29.245772+00:00,2025-03-28 00:00:00+00:00,overdue,18.5,4,,,
5316,635,200.0,2025-05-28 16:43:47.456085+00:00,2025-06-28 00:00:00+00:00,overdue,37.0,4,,,
4281,552,100.0,2025-04-27 07:26:15.741022+00:00,2025-04-28 00:00:00+00:00,overdue,18.5,4,,,
850,30,100.0,2025-02-24 16:24:20.237824+00:00,2025-02-28 00:00:00+00:00,overdue,12.5,1,,,
5031,295,200.0,2025-05-09 16:22:22.310471+00:00,2025-05-28 00:00:00+00:00,overdue,37.0,4,,,
3795,421,800.0,2025-04-07 12:07:32.686880+00:00,2025-04-28 00:00:00+00:00,overdue,148.0,4,,,
3001,763,500.0,2025-04-02 13:32:53.328839+00:00,2025-04-28 00:00:00+00:00,overdue,92.5,4,,,
2020,708,1000.0,2025-03-21 11:41:34.615054+00:00,2025-03-28 00:00:00+00:00,overdue,185.0,4,,,
2241,722,500.0,2025-03-23 17:14:06.752121+00:00,2025-03-28 00:00:00+00:00,overdue,92.5,4,,,
253,17,2000.0,2025-01-02 06:59:02.538894+00:00,2025-01-28 00:00:00+00:00,overdue,250.0,1,,,
30928,902,150.0,2025-09-12 15:53:18.184991+00:00,2025-10-12 15:53:18.181047+00:00,overdue,18.75,10,,,
120076,992,600.0,2025-11-11 11:13:59.010071+00:00,2025-12-11 11:13:59.000235+00:00,overdue,111.0,16,,,
5829,440,1000.0,2025-06-06 10:39:47.276329+00:00,2025-06-28 00:00:00+00:00,overdue,185.0,4,,,
2870,743,1000.0,2025-04-01 10:15:09.036831+00:00,2025-04-28 00:00:00+00:00,overdue,185.0,4,,,
22039,1004,6000.0,2025-09-11 14:13:28.741887+00:00,2025-10-11 14:13:28.735389+00:00,overdue,870.0,8,,,
21545,5,500.0,2025-09-07 18:38:27.651943+00:00,2025-10-07 18:38:27.647257+00:00,overdue,62.5,1,,,
2672,648,500.0,2025-03-28 09:07:50.997723+00:00,2025-04-28 00:00:00+00:00,overdue,92.5,4,,,
1253,377,1000.0,2025-03-14 09:42:48.167794+00:00,2025-03-28 00:00:00+00:00,overdue,185.0,4,,,
2389,691,100.0,2025-03-24 15:14:16.844258+00:00,2025-03-28 00:00:00+00:00,overdue,18.5,4,,,
1732,577,1000.0,2025-03-20 08:42:53.364678+00:00,2025-03-28 00:00:00+00:00,overdue,185.0,4,,,
1640,607,1000.0,2025-03-19 10:26:07.555494+00:00,2025-03-28 00:00:00+00:00,overdue,185.0,4,,,
119163,992,1000.0,2025-11-09 10:51:49.035048+00:00,2025-12-09 10:51:49.031054+00:00,overdue,185.0,16,,,
4999,839,100.0,2025-05-07 19:11:38.054245+00:00,2025-05-28 00:00:00+00:00,overdue,18.5,4,,,
51599,70,200.0,2025-09-17 10:32:42.068704+00:00,2025-10-17 10:32:42.064015+00:00,overdue,37.0,4,,,
15458,97,1000.0,2025-07-18 12:42:59.600530+00:00,2025-07-28 00:00:00+00:00,overdue,125.0,1,,,
3895,452,100.0,2025-04-09 12:36:51.234881+00:00,2025-04-28 00:00:00+00:00,overdue,18.5,4,,,
4512,408,750.0,2025-05-03 10:29:26.580976+00:00,2025-05-28 00:00:00+00:00,overdue,138.75,4,,,
4192,690,100.0,2025-04-19 10:21:29.074715+00:00,2025-04-28 00:00:00+00:00,overdue,18.5,4,,,
20933,62,8000.0,2025-09-02 00:52:37.725265+00:00,2025-10-02 00:52:37.718215+00:00,overdue,1480.0,4,,,
4749,731,1000.0,2025-05-04 12:29:28.419363+00:00,2025-05-28 00:00:00+00:00,overdue,185.0,4,,,
4201,552,100.0,2025-04-20 09:58:19.031752+00:00,2025-04-28 00:00:00+00:00,overdue,18.5,4,,,
95131,902,300.0,2025-10-11 14:49:24.349889+00:00,2025-11-10 14:49:24.344877+00:00,overdue,37.5,10,,,
1403,459,1000.0,2025-03-15 06:11:18.288819+00:00,2025-03-28 00:00:00+00:00,overdue,185.0,4,,,
1945,663,200.0,2025-03-21 08:38:48.596190+00:00,2025-03-28 00:00:00+00:00,overdue,37.0,4,,,
97799,992,1100.0,2025-10-14 13:20:09.935843+00:00,2025-11-13 13:20:09.931726+00:00,overdue,203.5,16,,,
1587,402,200.0,2025-03-18 12:34:15.876198+00:00,2025-03-28 00:00:00+00:00,overdue,37.0,4,,,
2550,650,250.0,2025-03-26 11:48:28.327494+00:00,2025-03-28 00:00:00+00:00,overdue,46.25,4,,,
34738,1010,7000.0,2025-09-13 07:07:21.558085+00:00,2025-10-13 07:07:21.550649+00:00,overdue,1015.0,8,,,
4994,882,400.0,2025-05-07 14:01:32.196365+00:00,2025-05-28 00:00:00+00:00,overdue,74.0,4,,,
714,112,100.0,2025-02-20 17:52:23.522529+00:00,2025-02-28 00:00:00+00:00,overdue,18.5,4,,,
3810,728,700.0,2025-04-08 07:09:39.389124+00:00,2025-04-28 00:00:00+00:00,overdue,129.5,4,,,
1742,636,1000.0,2025-03-20 09:24:04.846465+00:00,2025-03-28 00:00:00+00:00,overdue,185.0,4,,,
114143,9,1000.0,2025-11-01 04:24:08.872332+00:00,2025-12-01 04:24:08.866769+00:00,overdue,125.0,1,,,
4184,690,100.0,2025-04-19 04:54:34.168863+00:00,2025-04-28 00:00:00+00:00,overdue,18.5,4,,,
1914,476,1000.0,2025-03-21 07:51:31.297294+00:00,2025-03-28 00:00:00+00:00,overdue,185.0,4,,,
1425,446,100.0,2025-03-15 10:06:40.520275+00:00,2025-03-28 00:00:00+00:00,overdue,18.5,4,,,
4180,531,300.0,2025-04-18 08:51:35.545012+00:00,2025-04-28 00:00:00+00:00,overdue,55.5,4,,,
155792,55,10000.0,2025-12-06 07:07:06.688207+00:00,2026-01-05 07:07:06.683023+00:00,overdue,1850.0,4,,,
20675,945,5000.0,2025-08-30 02:57:25.122594+00:00,2025-09-29 02:57:25.116329+00:00,overdue,925.0,4,,,
3326,605,1000.0,2025-04-03 08:33:50.476249+00:00,2025-04-28 00:00:00+00:00,overdue,185.0,4,,,
19899,70,500.0,2025-08-22 12:20:07.039141+00:00,2025-09-21 12:20:07.032858+00:00,overdue,92.5,4,,,
633,340,400.0,2025-02-19 07:10:06.524465+00:00,2025-02-28 00:00:00+00:00,overdue,74.0,4,,,
1003,318,1000.0,2025-03-04 11:49:03.479119+00:00,2025-03-28 00:00:00+00:00,overdue,185.0,4,,,
3925,595,1000.0,2025-04-10 11:13:00.125932+00:00,2025-04-28 00:00:00+00:00,overdue,185.0,4,,,
2396,259,500.0,2025-03-24 16:04:09.874737+00:00,2025-03-28 00:00:00+00:00,overdue,92.5,4,,,
2168,706,200.0,2025-03-23 07:08:32.841922+00:00,2025-03-28 00:00:00+00:00,overdue,37.0,4,,,
686,340,450.0,2025-02-20 06:20:51.908904+00:00,2025-02-28 00:00:00+00:00,overdue,83.25,4,,,
2376,664,300.0,2025-03-24 13:39:16.580471+00:00,2025-03-28 00:00:00+00:00,overdue,55.5,4,,,
1847,360,2000.0,2025-03-20 15:59:03.002695+00:00,2025-03-28 00:00:00+00:00,overdue,370.0,4,,,
2167,737,1000.0,2025-03-23 07:04:57.205352+00:00,2025-03-28 00:00:00+00:00,overdue,185.0,4,,,
3626,321,1000.0,2025-04-04 12:25:32.659933+00:00,2025-04-28 00:00:00+00:00,overdue,185.0,4,,,
5308,878,200.0,2025-05-28 10:01:12.433197+00:00,2025-06-28 00:00:00+00:00,overdue,37.0,4,,,
2021,660,100.0,2025-03-21 11:43:41.708901+00:00,2025-03-28 00:00:00+00:00,overdue,18.5,4,,,
2939,681,100.0,2025-04-02 10:32:18.868249+00:00,2025-04-28 00:00:00+00:00,overdue,18.5,4,,,
4541,619,1000.0,2025-05-03 12:29:18.780497+00:00,2025-05-28 00:00:00+00:00,overdue,185.0,4,,,
1708,608,1000.0,2025-03-20 06:51:58.820337+00:00,2025-03-28 00:00:00+00:00,overdue,185.0,4,,,
2573,564,1000.0,2025-03-26 17:06:21.437502+00:00,2025-03-28 00:00:00+00:00,overdue,185.0,4,,,
3892,794,900.0,2025-04-09 12:10:18.104360+00:00,2025-04-28 00:00:00+00:00,overdue,166.5,4,,,
2119,664,250.0,2025-03-22 08:40:38.811672+00:00,2025-03-28 00:00:00+00:00,overdue,46.25,4,,,
2671,788,1000.0,2025-03-28 08:59:36.604356+00:00,2025-04-28 00:00:00+00:00,overdue,185.0,4,,,
533,211,1000.0,2025-02-11 07:48:54.541304+00:00,2025-02-28 00:00:00+00:00,overdue,185.0,4,,,
2767,159,700.0,2025-03-30 09:49:27.656187+00:00,2025-04-28 00:00:00+00:00,overdue,129.5,4,,,
1555,525,1000.0,2025-03-17 15:25:50.808987+00:00,2025-03-28 00:00:00+00:00,overdue,185.0,4,,,
158078,1051,1000.0,2025-12-07 10:15:25.269136+00:00,2026-01-06 10:15:25.264222+00:00,overdue,185.0,16,,,
19926,46,6000.0,2025-08-22 21:56:20.329836+00:00,2025-09-21 21:56:20.322751+00:00,overdue,1110.0,4,,,
19275,33,2000.0,2025-08-14 06:59:57.363341+00:00,2025-09-13 06:59:57.357319+00:00,overdue,250.0,1,,,
2428,427,100.0,2025-03-25 04:27:23.544587+00:00,2025-03-28 00:00:00+00:00,overdue,18.5,4,,,
705,314,450.0,2025-02-20 10:27:58.395280+00:00,2025-02-28 00:00:00+00:00,overdue,83.25,4,,,
4828,297,1000.0,2025-05-05 08:41:36.600488+00:00,2025-05-28 00:00:00+00:00,overdue,185.0,4,,,
157094,992,2000.0,2025-12-06 19:09:03.598718+00:00,2026-01-05 19:09:03.591982+00:00,overdue,370.0,16,,,
4155,690,295.0,2025-04-17 05:08:41.806762+00:00,2025-04-28 00:00:00+00:00,overdue,54.575,4,,,
1527,402,150.0,2025-03-17 11:34:24.191085+00:00,2025-03-28 00:00:00+00:00,overdue,27.75,4,,,
104831,943,10000.0,2025-10-23 07:05:25.523972+00:00,2025-11-22 07:05:25.516256+00:00,overdue,1450.0,8,,,
5218,305,900.0,2025-05-16 09:30:35.069465+00:00,2025-05-28 00:00:00+00:00,overdue,166.5,4,,,
55815,1022,7000.0,2025-09-18 15:33:15.517352+00:00,2025-10-18 15:33:15.513633+00:00,overdue,1015.0,8,,,
143438,7,100.0,2025-11-28 15:14:12.415128+00:00,2025-12-28 15:14:12.396880+00:00,overdue,12.5,1,,,
2649,362,100.0,2025-03-27 18:32:49.221807+00:00,2025-03-28 00:00:00+00:00,overdue,18.5,4,,,
145767,1052,2500.0,2025-11-30 10:24:25.066544+00:00,2025-12-30 10:24:25.060578+00:00,overdue,462.5,16,,,
1903,390,500.0,2025-03-21 06:15:38.659936+00:00,2025-03-28 00:00:00+00:00,overdue,92.5,4,,,
1747,374,200.0,2025-03-20 09:42:08.814792+00:00,2025-03-28 00:00:00+00:00,overdue,37.0,4,,,
4965,880,1000.0,2025-05-06 19:11:38.992848+00:00,2025-05-28 00:00:00+00:00,overdue,185.0,4,,,
121833,1038,1000.0,2025-11-14 17:48:47.588287+00:00,2025-12-14 17:48:47.583947+00:00,overdue,145.0,8,,,
946,346,800.0,2025-03-04 09:32:39.503872+00:00,2025-03-28 00:00:00+00:00,overdue,148.0,4,,,
2873,804,1000.0,2025-04-01 11:06:16.047006+00:00,2025-04-28 00:00:00+00:00,overdue,185.0,4,,,
1647,389,200.0,2025-03-19 11:50:36.104396+00:00,2025-03-28 00:00:00+00:00,overdue,37.0,4,,,
885,30,100.0,2025-02-28 06:15:21.366906+00:00,2025-03-28 00:00:00+00:00,overdue,12.5,1,,,
1917,659,800.0,2025-03-21 07:55:24.233070+00:00,2025-03-28 00:00:00+00:00,overdue,148.0,4,,,
2155,677,500.0,2025-03-22 19:51:53.312325+00:00,2025-03-28 00:00:00+00:00,overdue,92.5,4,,,
1530,494,1000.0,2025-03-17 12:04:27.005250+00:00,2025-03-28 00:00:00+00:00,overdue,185.0,4,,,
1429,456,150.0,2025-03-15 10:13:00.163949+00:00,2025-03-28 00:00:00+00:00,overdue,27.75,4,,,
4925,873,1000.0,2025-05-06 07:14:13.004397+00:00,2025-05-28 00:00:00+00:00,overdue,185.0,4,,,
556,4,150.0,2025-02-13 04:31:02.449260+00:00,2025-02-28 00:00:00+00:00,fully_settled,18.75,1,,,
122660,1038,3000.0,2025-11-16 21:19:52.298153+00:00,2025-12-16 21:19:52.292447+00:00,overdue,435.0,8,,,
18968,881,3000.0,2025-08-09 18:23:08.371846+00:00,2025-09-08 18:23:08.367471+00:00,overdue,375.0,10,,,
2709,622,100.0,2025-03-29 05:19:33.035586+00:00,2025-04-28 00:00:00+00:00,overdue,18.5,4,,,
5611,424,1000.0,2025-06-03 19:40:52.698843+00:00,2025-06-28 00:00:00+00:00,overdue,185.0,4,,,
2338,734,1000.0,2025-03-24 07:31:08.032573+00:00,2025-03-28 00:00:00+00:00,overdue,185.0,4,,,
610,191,300.0,2025-02-17 09:29:07.647570+00:00,2025-02-28 00:00:00+00:00,overdue,55.5,4,,,
3997,840,950.0,2025-04-11 10:24:17.128719+00:00,2025-04-28 00:00:00+00:00,overdue,175.75,4,,,
2730,789,400.0,2025-03-29 10:24:40.696889+00:00,2025-04-28 00:00:00+00:00,overdue,74.0,4,,,
2343,684,1000.0,2025-03-24 07:52:58.863666+00:00,2025-03-28 00:00:00+00:00,overdue,185.0,4,,,
3955,792,100.0,2025-04-10 15:51:58.815452+00:00,2025-04-28 00:00:00+00:00,overdue,18.5,4,,,
3454,809,1000.0,2025-04-03 16:34:45.803067+00:00,2025-04-28 00:00:00+00:00,overdue,185.0,4,,,
2656,650,170.0,2025-03-28 00:22:14.187140+00:00,2025-04-28 00:00:00+00:00,overdue,31.45,4,,,
1672,629,1000.0,2025-03-19 18:39:01.821148+00:00,2025-03-28 00:00:00+00:00,overdue,185.0,4,,,
1701,505,1000.0,2025-03-20 06:03:10.569248+00:00,2025-03-28 00:00:00+00:00,overdue,185.0,4,,,
5835,625,300.0,2025-06-06 15:35:59.019613+00:00,2025-06-28 00:00:00+00:00,overdue,55.5,4,,,
145775,994,10000.0,2025-11-30 10:29:11.616861+00:00,2025-12-30 10:29:11.610593+00:00,overdue,1850.0,16,,,
4340,870,100.0,2025-04-29 09:47:11.023123+00:00,2025-05-28 00:00:00+00:00,overdue,18.5,4,,,
105001,1043,5000.0,2025-10-23 10:06:02.962137+00:00,2025-11-22 10:06:02.956974+00:00,overdue,725.0,8,,,
2536,678,100.0,2025-03-26 09:44:23.012174+00:00,2025-03-28 00:00:00+00:00,overdue,18.5,4,,,
1499,370,100.0,2025-03-16 17:01:54.333972+00:00,2025-03-28 00:00:00+00:00,overdue,18.5,4,,,
3931,792,100.0,2025-04-10 13:53:41.736770+00:00,2025-04-28 00:00:00+00:00,overdue,18.5,4,,,
1460,311,400.0,2025-03-16 04:56:59.649957+00:00,2025-03-28 00:00:00+00:00,overdue,74.0,4,,,
1561,522,1000.0,2025-03-17 19:08:35.517187+00:00,2025-03-28 00:00:00+00:00,overdue,185.0,4,,,
600,191,1100.0,2025-02-16 04:48:14.182442+00:00,2025-02-28 00:00:00+00:00,overdue,203.5,4,,,
112772,948,10000.0,2025-10-30 08:31:01.453356+00:00,2025-11-29 08:31:01.447373+00:00,overdue,1450.0,8,,,
20536,984,10000.0,2025-08-29 13:03:18.732774+00:00,2025-09-28 13:03:18.727655+00:00,overdue,1450.0,8,,,
3285,666,1000.0,2025-04-03 07:33:08.698952+00:00,2025-04-28 00:00:00+00:00,overdue,185.0,4,,,
2476,728,200.0,2025-03-25 12:08:36.827527+00:00,2025-03-28 00:00:00+00:00,overdue,37.0,4,,,
2864,768,200.0,2025-04-01 05:43:37.847404+00:00,2025-04-28 00:00:00+00:00,overdue,37.0,4,,,
2027,719,1000.0,2025-03-21 12:18:01.035948+00:00,2025-03-28 00:00:00+00:00,overdue,185.0,4,,,
5839,401,500.0,2025-06-06 16:11:41.355277+00:00,2025-06-28 00:00:00+00:00,overdue,92.5,4,,,
3277,487,1000.0,2025-04-03 07:21:02.894967+00:00,2025-04-28 00:00:00+00:00,overdue,185.0,4,,,
3339,481,500.0,2025-04-03 08:57:41.182881+00:00,2025-04-28 00:00:00+00:00,overdue,92.5,4,,,
1381,450,1000.0,2025-03-14 17:03:08.323419+00:00,2025-03-28 00:00:00+00:00,overdue,185.0,4,,,
137555,7,35.0,2025-11-24 16:24:09.636051+00:00,2025-12-24 16:24:09.630909+00:00,overdue,4.375,1,,,
1993,682,1000.0,2025-03-21 09:37:48.082662+00:00,2025-03-28 00:00:00+00:00,overdue,185.0,4,,,
4635,397,1000.0,2025-05-03 18:48:34.096500+00:00,2025-05-28 00:00:00+00:00,overdue,185.0,4,,,
637,250,1000.0,2025-02-19 07:35:19.871923+00:00,2025-02-28 00:00:00+00:00,overdue,185.0,4,,,
1658,609,1000.0,2025-03-19 15:15:03.879590+00:00,2025-03-28 00:00:00+00:00,overdue,185.0,4,,,
4256,739,100.0,2025-04-23 18:46:11.432613+00:00,2025-04-28 00:00:00+00:00,overdue,18.5,4,,,
377,24,10.0,2025-01-20 15:31:58.915783+00:00,2025-01-28 00:00:00+00:00,overdue,1.25,1,,,
156088,63,6000.0,2025-12-06 09:32:36.121492+00:00,2026-01-05 09:32:36.116573+00:00,overdue,1110.0,4,,,
5006,380,1000.0,2025-05-08 09:52:19.898497+00:00,2025-05-28 00:00:00+00:00,overdue,185.0,4,,,
3739,506,300.0,2025-04-05 16:17:53.426050+00:00,2025-04-28 00:00:00+00:00,overdue,55.5,4,,,
20667,47,8500.0,2025-08-29 21:27:17.394602+00:00,2025-09-28 21:27:17.387418+00:00,overdue,1572.5,4,,,
143916,982,4000.0,2025-11-28 21:51:30.020238+00:00,2025-12-28 21:51:30.015163+00:00,overdue,580.0,8,,,
16677,981,2000.0,2025-07-25 16:14:22.911698+00:00,2025-08-24 16:14:22.906431+00:00,overdue,250.0,1,,,
2731,530,100.0,2025-03-29 11:24:10.304295+00:00,2025-04-28 00:00:00+00:00,overdue,18.5,4,,,
3776,506,300.0,2025-04-07 06:22:11.199525+00:00,2025-04-28 00:00:00+00:00,overdue,55.5,4,,,
1755,430,750.0,2025-03-20 10:13:37.409691+00:00,2025-03-28 00:00:00+00:00,overdue,138.75,4,,,
1850,394,600.0,2025-03-20 16:19:34.447065+00:00,2025-03-28 00:00:00+00:00,overdue,111.0,4,,,
135315,947,8500.0,2025-11-22 18:52:14.503228+00:00,2025-12-22 18:52:14.499164+00:00,overdue,1232.5,8,,,
2651,774,150.0,2025-03-27 19:38:13.816325+00:00,2025-03-28 00:00:00+00:00,overdue,27.75,4,,,
4832,412,970.0,2025-05-05 09:04:12.312368+00:00,2025-05-28 00:00:00+00:00,overdue,179.45,4,,,
1501,370,100.0,2025-03-16 18:19:00.447186+00:00,2025-03-28 00:00:00+00:00,overdue,18.5,4,,,
16388,939,1000.0,2025-07-23 15:23:37.011670+00:00,2025-07-28 00:00:00+00:00,overdue,145.0,8,,,
104339,948,5000.0,2025-10-22 14:43:01.735702+00:00,2025-11-21 14:43:01.729778+00:00,overdue,725.0,8,,,
1753,430,250.0,2025-03-20 10:11:12.831784+00:00,2025-03-28 00:00:00+00:00,overdue,46.25,4,,,
1860,259,200.0,2025-03-20 17:57:51.862293+00:00,2025-03-28 00:00:00+00:00,overdue,37.0,4,,,
28,4,600.0,2024-11-25 15:36:21.722089+00:00,2024-11-28 00:00:00+00:00,fully_settled,75.0,1,,,
92895,42,2000.0,2025-10-09 09:47:40.437297+00:00,2025-11-08 09:47:40.432754+00:00,overdue,250.0,1,,,
137165,948,6000.0,2025-11-24 10:28:47.901160+00:00,2025-12-24 10:28:47.896172+00:00,overdue,870.0,8,,,
1862,495,1000.0,2025-03-20 18:05:18.951999+00:00,2025-03-28 00:00:00+00:00,overdue,185.0,4,,,
1050,313,1000.0,2025-03-05 14:23:16.694290+00:00,2025-03-28 00:00:00+00:00,overdue,185.0,4,,,
1764,241,280.0,2025-03-20 10:41:08.787763+00:00,2025-03-28 00:00:00+00:00,overdue,51.8,4,,,
2385,744,1000.0,2025-03-24 14:56:21.056183+00:00,2025-03-28 00:00:00+00:00,overdue,185.0,4,,,
3717,686,1000.0,2025-04-05 09:41:45.727904+00:00,2025-04-28 00:00:00+00:00,overdue,185.0,4,,,
531,217,1000.0,2025-02-11 06:52:30.539348+00:00,2025-02-28 00:00:00+00:00,overdue,185.0,4,,,
120913,994,500.0,2025-11-13 07:18:42.859724+00:00,2025-12-13 07:18:42.852567+00:00,overdue,92.5,16,,,
3276,493,1000.0,2025-04-03 07:21:00.850581+00:00,2025-04-28 00:00:00+00:00,overdue,185.0,4,,,
4582,307,1000.0,2025-05-03 14:20:49.931193+00:00,2025-05-28 00:00:00+00:00,overdue,185.0,4,,,
134852,1018,5000.0,2025-11-22 12:45:16.547176+00:00,2025-12-22 12:45:16.542007+00:00,overdue,725.0,8,,,
5550,817,1000.0,2025-06-03 14:10:49.840649+00:00,2025-06-28 00:00:00+00:00,overdue,185.0,4,,,
1696,630,1000.0,2025-03-20 05:35:28.700227+00:00,2025-03-28 00:00:00+00:00,overdue,185.0,4,,,
117963,902,150.0,2025-11-07 05:46:07.471892+00:00,2025-12-07 05:46:07.467733+00:00,overdue,18.75,10,,,
133373,1036,3100.0,2025-11-21 13:09:13.261571+00:00,2025-12-21 13:09:13.256647+00:00,overdue,573.5,16,,,
5263,555,1000.0,2025-05-23 06:12:36.500920+00:00,2025-05-28 00:00:00+00:00,overdue,185.0,4,,,
1115,20,1000.0,2025-03-08 12:05:09.331302+00:00,2025-03-28 00:00:00+00:00,overdue,125.0,1,,,
1646,455,500.0,2025-03-19 11:46:20.304993+00:00,2025-03-28 00:00:00+00:00,overdue,92.5,4,,,
111138,1045,5000.0,2025-10-28 07:41:51.302163+00:00,2025-11-27 07:41:51.298017+00:00,overdue,725.0,8,,,
1843,370,400.0,2025-03-20 15:39:55.421724+00:00,2025-03-28 00:00:00+00:00,overdue,74.0,4,,,
2350,640,1000.0,2025-03-24 08:17:36.190774+00:00,2025-03-28 00:00:00+00:00,overdue,185.0,4,,,
2374,427,200.0,2025-03-24 11:48:57.865913+00:00,2025-03-28 00:00:00+00:00,overdue,37.0,4,,,
1805,540,290.0,2025-03-20 14:05:27.684521+00:00,2025-03-28 00:00:00+00:00,overdue,53.65,4,,,
21928,1002,7000.0,2025-09-10 13:35:13.596803+00:00,2025-10-10 13:35:13.590053+00:00,overdue,1015.0,8,,,
3597,509,1000.0,2025-04-04 09:46:42.472627+00:00,2025-04-28 00:00:00+00:00,overdue,185.0,4,,,
5800,746,1000.0,2025-06-05 12:58:48.391989+00:00,2025-06-28 00:00:00+00:00,overdue,185.0,4,,,
1008,261,1000.0,2025-03-04 14:08:59.195811+00:00,2025-03-28 00:00:00+00:00,overdue,185.0,4,,,
4219,784,100.0,2025-04-22 08:05:47.318804+00:00,2025-04-28 00:00:00+00:00,overdue,18.5,4,,,
1055,320,1000.0,2025-03-05 17:40:54.286236+00:00,2025-03-28 00:00:00+00:00,overdue,185.0,4,,,
2197,199,300.0,2025-03-23 10:12:23.581515+00:00,2025-03-28 00:00:00+00:00,overdue,55.5,4,,,
1652,589,1000.0,2025-03-19 13:14:47.242005+00:00,2025-03-28 00:00:00+00:00,overdue,185.0,4,,,
1406,439,1000.0,2025-03-15 06:19:31.777940+00:00,2025-03-28 00:00:00+00:00,overdue,185.0,4,,,
5196,807,560.0,2025-05-13 10:16:23.319665+00:00,2025-05-28 00:00:00+00:00,overdue,103.6,4,,,
1745,364,500.0,2025-03-20 09:37:41.985237+00:00,2025-03-28 00:00:00+00:00,overdue,92.5,4,,,
4186,519,700.0,2025-04-19 06:07:08.613220+00:00,2025-04-28 00:00:00+00:00,overdue,129.5,4,,,
1392,368,100.0,2025-03-14 19:16:43.280440+00:00,2025-03-28 00:00:00+00:00,overdue,18.5,4,,,
1248,373,1000.0,2025-03-14 09:28:02.995072+00:00,2025-03-28 00:00:00+00:00,overdue,185.0,4,,,
29643,1009,5000.0,2025-09-12 13:36:49.604436+00:00,2025-10-12 13:36:49.597802+00:00,overdue,725.0,8,,,
5179,906,1000.0,2025-05-12 08:12:41.038224+00:00,2025-05-28 00:00:00+00:00,overdue,185.0,4,,,
1852,382,100.0,2025-03-20 16:50:57.093725+00:00,2025-03-28 00:00:00+00:00,overdue,18.5,4,,,
2855,622,100.0,2025-03-31 16:35:17.436437+00:00,2025-04-28 00:00:00+00:00,overdue,18.5,4,,,
3753,506,100.0,2025-04-06 09:28:33.988496+00:00,2025-04-28 00:00:00+00:00,overdue,18.5,4,,,
2402,691,200.0,2025-03-24 17:54:03.683632+00:00,2025-03-28 00:00:00+00:00,overdue,37.0,4,,,
5783,599,1000.0,2025-06-05 10:40:21.292217+00:00,2025-06-28 00:00:00+00:00,overdue,185.0,4,,,
4840,588,400.0,2025-05-05 10:47:54.731302+00:00,2025-05-28 00:00:00+00:00,overdue,74.0,4,,,
166005,67,2000.0,2025-12-13 09:24:48.412825+00:00,2026-01-12 09:24:48.405690+00:00,overdue,370.0,4,,,
16185,932,1000.0,2025-07-22 13:09:31.923940+00:00,2025-07-28 00:00:00+00:00,overdue,145.0,8,,,
21096,902,300.0,2025-09-04 09:57:14.579705+00:00,2025-10-04 09:57:14.573635+00:00,overdue,37.5,10,,,
2490,691,200.0,2025-03-25 16:40:34.732493+00:00,2025-03-28 00:00:00+00:00,overdue,37.0,4,,,
11224,897,400.0,2025-07-06 14:15:43.856143+00:00,2025-07-28 00:00:00+00:00,overdue,50.0,10,,,
1221,341,950.0,2025-03-13 17:39:15.576183+00:00,2025-03-28 00:00:00+00:00,overdue,175.75,4,,,
607,191,600.0,2025-02-17 05:26:44.529662+00:00,2025-02-28 00:00:00+00:00,overdue,111.0,4,,,
1560,497,1000.0,2025-03-17 18:38:53.645494+00:00,2025-03-28 00:00:00+00:00,overdue,185.0,4,,,
2378,249,1000.0,2025-03-24 13:56:32.268100+00:00,2025-03-28 00:00:00+00:00,overdue,185.0,4,,,
20262,65,1400.0,2025-08-26 11:14:29.081644+00:00,2025-09-25 11:14:29.077207+00:00,overdue,259.0,4,,,
2335,631,500.0,2025-03-24 07:18:21.288248+00:00,2025-03-28 00:00:00+00:00,overdue,92.5,4,,,
4684,624,1000.0,2025-05-04 06:35:42.454420+00:00,2025-05-28 00:00:00+00:00,overdue,185.0,4,,,
4003,570,400.0,2025-04-11 15:19:34.427184+00:00,2025-04-28 00:00:00+00:00,overdue,74.0,4,,,
2742,651,600.0,2025-03-29 17:41:55.340766+00:00,2025-04-28 00:00:00+00:00,overdue,111.0,4,,,
5631,625,200.0,2025-06-04 07:30:27.609893+00:00,2025-06-28 00:00:00+00:00,overdue,37.0,4,,,
2869,784,100.0,2025-04-01 10:07:19.252965+00:00,2025-04-28 00:00:00+00:00,overdue,18.5,4,,,
5281,110,500.0,2025-05-25 14:15:14.190946+00:00,2025-05-28 00:00:00+00:00,overdue,92.5,4,,,
136396,948,6000.0,2025-11-23 16:45:19.814416+00:00,2025-12-23 16:45:19.808074+00:00,overdue,870.0,8,,,
2159,706,100.0,2025-03-23 00:33:29.043745+00:00,2025-03-28 00:00:00+00:00,overdue,18.5,4,,,
3889,766,1000.0,2025-04-09 11:37:38.869233+00:00,2025-04-28 00:00:00+00:00,overdue,185.0,4,,,
1636,604,1000.0,2025-03-19 09:46:04.591481+00:00,2025-03-28 00:00:00+00:00,overdue,185.0,4,,,
70047,962,2000.0,2025-09-25 06:09:44.608792+00:00,2025-10-25 06:09:44.601590+00:00,overdue,370.0,14,,,
20096,894,5000.0,2025-08-24 16:20:03.812643+00:00,2025-09-23 16:20:03.809202+00:00,overdue,625.0,10,,,
3736,362,100.0,2025-04-05 14:21:58.283477+00:00,2025-04-28 00:00:00+00:00,overdue,18.5,4,,,
1398,456,350.0,2025-03-15 05:28:46.422233+00:00,2025-03-28 00:00:00+00:00,overdue,64.75,4,,,
857,112,300.0,2025-02-25 10:16:31.103922+00:00,2025-02-28 00:00:00+00:00,overdue,55.5,4,,,
1559,382,100.0,2025-03-17 17:47:45.935373+00:00,2025-03-28 00:00:00+00:00,overdue,18.5,4,,,
2718,651,200.0,2025-03-29 07:03:07.870611+00:00,2025-04-28 00:00:00+00:00,overdue,37.0,4,,,
2410,706,100.0,2025-03-24 18:40:17.826370+00:00,2025-03-28 00:00:00+00:00,overdue,18.5,4,,,
2600,545,200.0,2025-03-27 06:17:53.908494+00:00,2025-03-28 00:00:00+00:00,overdue,37.0,4,,,
168077,902,500.0,2025-12-15 12:46:09.521717+00:00,2026-01-14 12:46:09.512059+00:00,overdue,62.5,10,,,
3361,803,1000.0,2025-04-03 09:55:14.986042+00:00,2025-04-28 00:00:00+00:00,overdue,185.0,4,,,
1586,546,1000.0,2025-03-18 12:34:03.001860+00:00,2025-03-28 00:00:00+00:00,overdue,185.0,4,,,
120528,992,20000.0,2025-11-12 10:19:19.182896+00:00,2025-12-12 10:19:19.177604+00:00,overdue,3700.0,16,,,
4944,883,1000.0,2025-05-06 11:28:20.942279+00:00,2025-05-28 00:00:00+00:00,overdue,185.0,4,,,
2689,716,200.0,2025-03-28 12:20:43.291486+00:00,2025-04-28 00:00:00+00:00,overdue,37.0,4,,,
1256,383,1000.0,2025-03-14 09:49:32.208945+00:00,2025-03-28 00:00:00+00:00,overdue,185.0,4,,,
2697,789,600.0,2025-03-28 15:35:13.925313+00:00,2025-04-28 00:00:00+00:00,overdue,111.0,4,,,
3265,463,1000.0,2025-04-03 07:13:39.446953+00:00,2025-04-28 00:00:00+00:00,overdue,185.0,4,,,
3727,199,100.0,2025-04-05 11:25:29.491642+00:00,2025-04-28 00:00:00+00:00,overdue,18.5,4,,,
3868,769,100.0,2025-04-09 04:39:41.146902+00:00,2025-04-28 00:00:00+00:00,overdue,18.5,4,,,
5205,626,950.0,2025-05-14 07:08:55.609336+00:00,2025-05-28 00:00:00+00:00,overdue,175.75,4,,,
1393,389,500.0,2025-03-14 19:30:36.343852+00:00,2025-03-28 00:00:00+00:00,overdue,92.5,4,,,
2840,389,100.0,2025-03-31 09:05:39.365683+00:00,2025-04-28 00:00:00+00:00,overdue,18.5,4,,,
425,4,200.0,2025-01-30 12:08:23.194816+00:00,2025-02-28 00:00:00+00:00,fully_settled,25.0,1,,,
1970,557,1000.0,2025-03-21 09:09:52.280893+00:00,2025-03-28 00:00:00+00:00,overdue,185.0,4,,,
154054,941,10000.0,2025-12-05 08:26:47.984272+00:00,2026-01-04 08:26:47.976954+00:00,overdue,1450.0,8,,,
15418,970,4000.0,2025-07-18 10:15:16.094397+00:00,2025-07-28 00:00:00+00:00,overdue,740.0,14,,,
4356,580,1000.0,2025-04-30 09:24:36.015833+00:00,2025-05-28 00:00:00+00:00,overdue,185.0,4,,,
155666,4,1490.0,2025-12-06 06:10:17.494582+00:00,2026-01-05 06:10:17.489356+00:00,overdue,186.25,1,,,
1558,368,150.0,2025-03-17 16:59:32.688281+00:00,2025-03-28 00:00:00+00:00,overdue,27.75,4,,,
1585,550,1000.0,2025-03-18 12:25:30.883482+00:00,2025-03-28 00:00:00+00:00,overdue,185.0,4,,,
645,303,1000.0,2025-02-19 08:12:07.689125+00:00,2025-02-28 00:00:00+00:00,overdue,185.0,4,,,
3898,787,1000.0,2025-04-09 16:23:52.595417+00:00,2025-04-28 00:00:00+00:00,overdue,185.0,4,,,
170308,1052,1200.0,2025-12-17 14:40:51.318267+00:00,2026-01-16 14:40:51.310159+00:00,overdue,222.0,16,,,
3609,717,200.0,2025-04-04 10:25:24.283978+00:00,2025-04-28 00:00:00+00:00,overdue,37.0,4,,,
16019,958,5000.0,2025-07-21 14:29:14.346732+00:00,2025-07-28 00:00:00+00:00,overdue,925.0,13,,,
1616,423,200.0,2025-03-19 06:35:21.320654+00:00,2025-03-28 00:00:00+00:00,overdue,37.0,4,,,
902,30,400.0,2025-03-01 06:35:46.098989+00:00,2025-03-28 00:00:00+00:00,overdue,50.0,1,,,
634,325,1000.0,2025-02-19 07:16:50.401114+00:00,2025-02-28 00:00:00+00:00,overdue,185.0,4,,,
1036,315,500.0,2025-03-05 10:04:46.976992+00:00,2025-03-28 00:00:00+00:00,overdue,92.5,4,,,
20743,81,3000.0,2025-08-30 17:03:55.477952+00:00,2025-09-29 17:03:55.473005+00:00,overdue,555.0,4,,,
602,132,2000.0,2025-02-16 13:42:48.936521+00:00,2025-02-28 00:00:00+00:00,overdue,370.0,4,,,
157121,897,400.0,2025-12-06 19:27:35.478122+00:00,2026-01-05 19:27:35.472677+00:00,overdue,50.0,10,,,
3671,815,1000.0,2025-04-04 18:38:07.871657+00:00,2025-04-28 00:00:00+00:00,overdue,185.0,4,,,
166515,1052,2500.0,2025-12-13 18:22:23.782789+00:00,2026-01-12 18:22:23.772672+00:00,overdue,462.5,16,,,
95378,990,10000.0,2025-10-11 18:45:57.372839+00:00,2025-11-10 18:45:57.367685+00:00,overdue,1450.0,8,,,
20673,54,12000.0,2025-08-29 22:38:51.672838+00:00,2025-09-28 22:38:51.666406+00:00,overdue,2220.0,4,,,
1239,359,5000.0,2025-03-14 08:14:13.721037+00:00,2025-03-28 00:00:00+00:00,overdue,925.0,4,,,
1503,290,400.0,2025-03-17 08:39:27.803193+00:00,2025-03-28 00:00:00+00:00,overdue,74.0,4,,,
1570,402,200.0,2025-03-18 07:29:10.349019+00:00,2025-03-28 00:00:00+00:00,overdue,37.0,4,,,
116172,974,5000.0,2025-11-04 05:18:55.158454+00:00,2025-12-04 05:18:55.152762+00:00,overdue,925.0,16,,,
308,28,10.0,2025-02-22 10:28:09.753000+00:00,2025-01-28 00:00:00+00:00,overdue,1.25,1,,,
5855,409,300.0,2025-06-07 11:55:25.741415+00:00,2025-06-28 00:00:00+00:00,overdue,55.5,4,,,
1991,676,900.0,2025-03-21 09:35:52.567224+00:00,2025-03-28 00:00:00+00:00,overdue,166.5,4,,,
21763,902,100.0,2025-09-09 11:39:39.078471+00:00,2025-10-09 11:39:39.071036+00:00,overdue,12.5,10,,,
5556,762,1000.0,2025-06-03 14:29:30.274356+00:00,2025-06-28 00:00:00+00:00,overdue,185.0,4,,,
111516,9,1000.0,2025-10-28 16:50:30.912568+00:00,2025-11-27 16:50:30.907263+00:00,overdue,125.0,1,,,
161417,4,450.0,2025-12-09 07:44:02.265498+00:00,2026-01-08 07:44:02.257410+00:00,overdue,56.25,1,,,
91026,891,2500.0,2025-10-07 11:13:45.251836+00:00,2025-11-06 11:13:45.245896+00:00,overdue,312.5,10,,,
4576,417,1000.0,2025-05-03 13:31:59.251416+00:00,2025-05-28 00:00:00+00:00,overdue,185.0,4,,,
3743,365,1000.0,2025-04-05 18:07:32.253503+00:00,2025-04-28 00:00:00+00:00,overdue,185.0,4,,,
2558,530,700.0,2025-03-26 13:36:42.816428+00:00,2025-03-28 00:00:00+00:00,overdue,129.5,4,,,
2467,706,100.0,2025-03-25 10:18:32.017587+00:00,2025-03-28 00:00:00+00:00,overdue,18.5,4,,,
1424,394,200.0,2025-03-15 10:04:44.200587+00:00,2025-03-28 00:00:00+00:00,overdue,37.0,4,,,
133337,1038,1000.0,2025-11-21 12:42:04.331051+00:00,2025-12-21 12:42:04.326663+00:00,overdue,145.0,8,,,
2862,592,100.0,2025-03-31 23:36:58.908991+00:00,2025-04-28 00:00:00+00:00,overdue,18.5,4,,,
4990,414,800.0,2025-05-07 10:37:25.798942+00:00,2025-05-28 00:00:00+00:00,overdue,148.0,4,,,
1495,295,100.0,2025-03-16 14:40:33.459324+00:00,2025-03-28 00:00:00+00:00,overdue,18.5,4,,,
1042,346,100.0,2025-03-05 11:14:51.280120+00:00,2025-03-28 00:00:00+00:00,overdue,18.5,4,,,
4193,779,640.0,2025-04-19 11:38:09.147083+00:00,2025-04-28 00:00:00+00:00,overdue,118.4,4,,,
3732,484,1000.0,2025-04-05 12:23:50.281182+00:00,2025-04-28 00:00:00+00:00,overdue,185.0,4,,,
4731,590,1000.0,2025-05-04 10:28:31.503360+00:00,2025-05-28 00:00:00+00:00,overdue,185.0,4,,,
16426,970,2000.0,2025-07-23 20:43:24.896323+00:00,2025-07-28 00:00:00+00:00,overdue,370.0,14,,,
5876,477,200.0,2025-06-08 20:10:47.309250+00:00,2025-06-28 00:00:00+00:00,overdue,37.0,4,,,
1439,241,460.0,2025-03-15 16:07:08.290197+00:00,2025-03-28 00:00:00+00:00,overdue,85.1,4,,,
4092,414,200.0,2025-04-15 07:02:16.266628+00:00,2025-04-28 00:00:00+00:00,overdue,37.0,4,,,
2056,375,100.0,2025-03-21 15:11:56.052118+00:00,2025-03-28 00:00:00+00:00,overdue,18.5,4,,,
5912,881,3000.0,2025-06-13 08:56:43.857961+00:00,2025-06-28 00:00:00+00:00,overdue,375.0,10,,,
3714,363,1000.0,2025-04-05 08:08:27.581318+00:00,2025-04-28 00:00:00+00:00,overdue,185.0,4,,,
4384,875,1000.0,2025-04-30 20:59:10.744831+00:00,2025-05-28 00:00:00+00:00,overdue,185.0,4,,,
1512,386,300.0,2025-03-17 09:30:18.472897+00:00,2025-03-28 00:00:00+00:00,overdue,55.5,4,,,
4735,652,1000.0,2025-05-04 10:41:47.158134+00:00,2025-05-28 00:00:00+00:00,overdue,185.0,4,,,
3771,545,100.0,2025-04-07 04:14:04.792795+00:00,2025-04-28 00:00:00+00:00,overdue,18.5,4,,,
310,28,10.0,2025-02-22 10:28:07.613000+00:00,2025-01-28 00:00:00+00:00,overdue,1.25,1,,,
1369,419,1000.0,2025-03-14 15:36:59.663181+00:00,2025-03-28 00:00:00+00:00,overdue,185.0,4,,,
5213,907,800.0,2025-05-15 11:29:30.502902+00:00,2025-05-28 00:00:00+00:00,overdue,148.0,4,,,
2602,392,500.0,2025-03-27 07:00:42.853215+00:00,2025-03-28 00:00:00+00:00,overdue,92.5,4,,,
1746,449,1000.0,2025-03-20 09:42:04.579101+00:00,2025-03-28 00:00:00+00:00,overdue,185.0,4,,,
5214,903,100.0,2025-05-15 15:01:34.299454+00:00,2025-05-28 00:00:00+00:00,overdue,18.5,4,,,
2366,756,1000.0,2025-03-24 10:04:50.883949+00:00,2025-03-28 00:00:00+00:00,overdue,185.0,4,,,
28988,1007,10000.0,2025-09-12 12:45:36.788697+00:00,2025-10-12 12:45:36.784960+00:00,overdue,1450.0,8,,,
1162,227,600.0,2025-03-12 10:30:36.240462+00:00,2025-03-28 00:00:00+00:00,overdue,111.0,4,,,
379,24,10.0,2025-02-22 10:26:17.951000+00:00,2025-01-28 00:00:00+00:00,overdue,1.25,1,,,
3457,366,600.0,2025-04-03 16:52:14.128039+00:00,2025-04-28 00:00:00+00:00,overdue,111.0,4,,,
1707,333,1000.0,2025-03-20 06:45:55.567460+00:00,2025-03-28 00:00:00+00:00,overdue,185.0,4,,,
2586,653,100.0,2025-03-26 19:33:44.713881+00:00,2025-03-28 00:00:00+00:00,overdue,18.5,4,,,
2899,779,200.0,2025-04-01 17:37:51.178965+00:00,2025-04-28 00:00:00+00:00,overdue,37.0,4,,,
1936,668,1000.0,2025-03-21 08:30:20.405154+00:00,2025-03-28 00:00:00+00:00,overdue,185.0,4,,,
1396,453,1000.0,2025-03-14 21:49:23.942088+00:00,2025-03-28 00:00:00+00:00,overdue,185.0,4,,,
2185,718,1000.0,2025-03-23 09:28:59.725829+00:00,2025-03-28 00:00:00+00:00,overdue,185.0,4,,,
4076,860,500.0,2025-04-14 12:56:31.595369+00:00,2025-04-28 00:00:00+00:00,overdue,92.5,4,,,
20917,74,7000.0,2025-09-01 18:08:09.817109+00:00,2025-10-01 18:08:09.813169+00:00,overdue,1295.0,4,,,
3274,396,1000.0,2025-04-03 07:18:37.161010+00:00,2025-04-28 00:00:00+00:00,overdue,185.0,4,,,
4491,878,100.0,2025-05-03 08:55:52.723237+00:00,2025-05-28 00:00:00+00:00,overdue,18.5,4,,,
5201,641,300.0,2025-05-13 13:03:55.579278+00:00,2025-05-28 00:00:00+00:00,overdue,55.5,4,,,
153338,930,300.0,2025-12-04 18:20:55.684900+00:00,2026-01-03 18:20:55.679181+00:00,overdue,37.5,1,,,
2694,651,100.0,2025-03-28 13:18:02.504406+00:00,2025-04-28 00:00:00+00:00,overdue,18.5,4,,,
4116,539,300.0,2025-04-15 17:57:05.547764+00:00,2025-04-28 00:00:00+00:00,overdue,55.5,4,,,
86930,964,5000.0,2025-10-05 08:03:28.811301+00:00,2025-11-04 08:03:28.805736+00:00,overdue,925.0,14,,,
134489,1040,8000.0,2025-11-22 08:42:24.934841+00:00,2025-12-22 08:42:24.928414+00:00,overdue,1160.0,8,,,
5004,800,1000.0,2025-05-08 07:12:23.521133+00:00,2025-05-28 00:00:00+00:00,overdue,185.0,4,,,
2601,700,1000.0,2025-03-27 06:59:17.703464+00:00,2025-03-28 00:00:00+00:00,overdue,185.0,4,,,
4069,835,1000.0,2025-04-14 09:38:16.586192+00:00,2025-04-28 00:00:00+00:00,overdue,185.0,4,,,
1047,290,500.0,2025-03-05 13:25:49.989406+00:00,2025-03-28 00:00:00+00:00,overdue,92.5,4,,,
2555,774,100.0,2025-03-26 13:13:26.726840+00:00,2025-03-28 00:00:00+00:00,overdue,18.5,4,,,
19689,983,5000.0,2025-08-19 13:02:12.648140+00:00,2025-09-18 13:02:12.642893+00:00,overdue,725.0,8,,,
4790,289,1000.0,2025-05-05 00:26:35.608854+00:00,2025-05-28 00:00:00+00:00,overdue,185.0,4,,,
3363,729,900.0,2025-04-03 10:00:08.441739+00:00,2025-04-28 00:00:00+00:00,overdue,166.5,4,,,
162201,892,200.0,2025-12-09 18:03:50.978355+00:00,2026-01-08 18:03:50.970111+00:00,overdue,25.0,10,,,
1811,372,100.0,2025-03-20 14:27:56.668275+00:00,2025-03-28 00:00:00+00:00,overdue,18.5,4,,,
2132,647,150.0,2025-03-22 13:25:34.482679+00:00,2025-03-28 00:00:00+00:00,overdue,27.75,4,,,
1377,464,1000.0,2025-03-14 16:14:36.988161+00:00,2025-03-28 00:00:00+00:00,overdue,185.0,4,,,
115585,974,10000.0,2025-11-03 08:19:13.443202+00:00,2025-12-03 08:19:13.438368+00:00,overdue,1850.0,16,,,
20693,65,3500.0,2025-08-30 07:13:56.052843+00:00,2025-09-29 07:13:56.049024+00:00,overdue,647.5,4,,,
2005,687,1000.0,2025-03-21 10:13:34.555915+00:00,2025-03-28 00:00:00+00:00,overdue,185.0,4,,,
640,235,600.0,2025-02-19 07:41:43.811783+00:00,2025-02-28 00:00:00+00:00,overdue,111.0,4,,,
3465,681,100.0,2025-04-03 17:44:55.785148+00:00,2025-04-28 00:00:00+00:00,overdue,18.5,4,,,
1556,401,100.0,2025-03-17 16:40:49.791665+00:00,2025-03-28 00:00:00+00:00,overdue,18.5,4,,,
1997,695,1000.0,2025-03-21 09:50:53.914524+00:00,2025-03-28 00:00:00+00:00,overdue,185.0,4,,,
1375,371,1000.0,2025-03-14 16:05:01.069984+00:00,2025-03-28 00:00:00+00:00,overdue,185.0,4,,,
4141,864,1000.0,2025-04-16 10:03:56.547270+00:00,2025-04-28 00:00:00+00:00,overdue,185.0,4,,,
2158,706,100.0,2025-03-23 00:29:02.926698+00:00,2025-03-28 00:00:00+00:00,overdue,18.5,4,,,
3395,366,400.0,2025-04-03 11:51:24.755238+00:00,2025-04-28 00:00:00+00:00,overdue,74.0,4,,,
165429,974,5000.0,2025-12-12 17:22:52.289072+00:00,2026-01-11 17:22:52.272885+00:00,overdue,925.0,16,,,
5321,635,450.0,2025-05-29 06:26:15.678168+00:00,2025-06-28 00:00:00+00:00,overdue,83.25,4,,,
20842,47,2500.0,2025-09-01 04:05:11.140155+00:00,2025-10-01 04:05:11.135810+00:00,overdue,462.5,4,,,
2705,791,1000.0,2025-03-28 20:01:20.701972+00:00,2025-04-28 00:00:00+00:00,overdue,185.0,4,,,
848,328,100.0,2025-02-24 15:27:29.057009+00:00,2025-02-28 00:00:00+00:00,overdue,18.5,4,,,
1656,645,1000.0,2025-03-19 14:52:14.110151+00:00,2025-03-28 00:00:00+00:00,overdue,185.0,4,,,
18744,970,1000.0,2025-08-07 09:31:13.936027+00:00,2025-09-06 09:31:13.929815+00:00,overdue,185.0,14,,,
77611,876,2000.0,2025-09-29 10:19:03.516078+00:00,2025-10-29 10:19:03.511635+00:00,overdue,250.0,10,,,
2891,499,100.0,2025-04-01 15:27:19.476447+00:00,2025-04-28 00:00:00+00:00,overdue,18.5,4,,,
3852,390,500.0,2025-04-08 15:38:29.077301+00:00,2025-04-28 00:00:00+00:00,overdue,92.5,4,,,
138024,982,4000.0,2025-11-25 03:39:33.398211+00:00,2025-12-25 03:39:33.395190+00:00,overdue,580.0,8,,,
139926,52,4000.0,2025-11-26 05:32:46.368038+00:00,2025-12-26 05:32:46.362092+00:00,overdue,740.0,4,,,
1109,4,10.0,2025-03-07 17:42:45.347531+00:00,2025-03-28 00:00:00+00:00,fully_settled,1.25,1,,,
1998,662,1000.0,2025-03-21 09:51:05.689466+00:00,2025-03-28 00:00:00+00:00,overdue,185.0,4,,,
121269,992,500.0,2025-11-13 20:23:47.031942+00:00,2025-12-13 20:23:47.026279+00:00,overdue,92.5,16,,,
1554,238,1000.0,2025-03-17 14:54:55.173781+00:00,2025-03-28 00:00:00+00:00,overdue,185.0,4,,,
120854,902,130.0,2025-11-13 05:19:52.680684+00:00,2025-12-13 05:19:52.676349+00:00,overdue,16.25,10,,,
20548,72,11500.0,2025-08-29 14:54:54.462499+00:00,2025-09-28 14:54:54.457907+00:00,overdue,2127.5,4,,,
3768,467,500.0,2025-04-06 17:20:21.302633+00:00,2025-04-28 00:00:00+00:00,overdue,92.5,4,,,
3819,826,1000.0,2025-04-08 12:46:44.636406+00:00,2025-04-28 00:00:00+00:00,overdue,185.0,4,,,
165523,1052,2000.0,2025-12-12 18:41:07.807729+00:00,2026-01-11 18:41:07.799749+00:00,overdue,370.0,16,,,
1782,623,1000.0,2025-03-20 11:49:12.488858+00:00,2025-03-28 00:00:00+00:00,overdue,185.0,4,,,
164231,1052,3000.0,2025-12-11 17:19:21.364740+00:00,2026-01-10 17:19:21.355573+00:00,overdue,555.0,16,,,
2754,159,300.0,2025-03-30 06:36:56.938839+00:00,2025-04-28 00:00:00+00:00,overdue,55.5,4,,,
3658,457,1000.0,2025-04-04 16:45:50.365969+00:00,2025-04-28 00:00:00+00:00,overdue,185.0,4,,,
2212,220,400.0,2025-03-23 12:41:22.546291+00:00,2025-03-28 00:00:00+00:00,overdue,74.0,4,,,
2723,295,100.0,2025-03-29 08:48:53.837871+00:00,2025-04-28 00:00:00+00:00,overdue,18.5,4,,,
1428,394,200.0,2025-03-15 10:12:13.620006+00:00,2025-03-28 00:00:00+00:00,overdue,37.0,4,,,
1985,634,1000.0,2025-03-21 09:23:36.579287+00:00,2025-03-28 00:00:00+00:00,overdue,185.0,4,,,
21899,1001,5000.0,2025-09-10 08:44:40.574361+00:00,2025-10-10 08:44:40.569495+00:00,overdue,725.0,8,,,
1681,632,1000.0,2025-03-19 19:57:46.296576+00:00,2025-03-28 00:00:00+00:00,overdue,185.0,4,,,
1246,367,1000.0,2025-03-14 09:17:52.369054+00:00,2025-03-28 00:00:00+00:00,overdue,185.0,4,,,
1386,452,200.0,2025-03-14 17:38:27.875355+00:00,2025-03-28 00:00:00+00:00,overdue,37.0,4,,,
2569,650,230.0,2025-03-26 16:10:41.865554+00:00,2025-03-28 00:00:00+00:00,overdue,42.55,4,,,
154831,936,4000.0,2025-12-05 15:52:03.441593+00:00,2026-01-04 15:52:03.436185+00:00,overdue,580.0,8,,,
3269,618,1000.0,2025-04-03 07:15:54.260103+00:00,2025-04-28 00:00:00+00:00,overdue,185.0,4,,,
1232,298,200.0,2025-03-14 05:28:14.425630+00:00,2025-03-28 00:00:00+00:00,overdue,37.0,4,,,
93293,1039,2000.0,2025-10-09 16:25:10.170168+00:00,2025-11-08 16:25:10.164657+00:00,overdue,290.0,8,,,
16634,980,5000.0,2025-07-25 10:38:02.757110+00:00,2025-08-24 10:38:02.747702+00:00,overdue,725.0,8,,,
3886,368,650.0,2025-04-09 09:14:32.703156+00:00,2025-04-28 00:00:00+00:00,overdue,120.25,4,,,
113710,936,10000.0,2025-10-31 11:17:05.101401+00:00,2025-11-30 11:17:05.095371+00:00,overdue,1450.0,8,,,
1258,388,1000.0,2025-03-14 09:54:22.067987+00:00,2025-03-28 00:00:00+00:00,overdue,185.0,4,,,
5044,248,1000.0,2025-05-10 08:04:42.699699+00:00,2025-05-28 00:00:00+00:00,overdue,185.0,4,,,
2701,785,1000.0,2025-03-28 18:45:31.999472+00:00,2025-04-28 00:00:00+00:00,overdue,185.0,4,,,
2017,705,1000.0,2025-03-21 11:33:24.034566+00:00,2025-03-28 00:00:00+00:00,overdue,185.0,4,,,
4970,882,150.0,2025-05-07 03:41:13.203992+00:00,2025-05-28 00:00:00+00:00,overdue,27.75,4,,,
4860,399,1000.0,2025-05-05 16:06:08.140782+00:00,2025-05-28 00:00:00+00:00,overdue,185.0,4,,,
137133,896,2500.0,2025-11-24 10:05:10.148387+00:00,2025-12-24 10:05:10.143828+00:00,overdue,312.5,10,,,
20871,904,5000.0,2025-09-01 10:04:26.749367+00:00,2025-10-01 10:04:26.743796+00:00,overdue,925.0,4,,,
976,236,1000.0,2025-03-04 10:52:01.906421+00:00,2025-03-28 00:00:00+00:00,overdue,185.0,4,,,
19846,81,2000.0,2025-08-21 19:03:29.724351+00:00,2025-09-20 19:03:29.719455+00:00,overdue,370.0,4,,,
168200,902,300.0,2025-12-15 14:40:20.486547+00:00,2026-01-14 14:40:20.479937+00:00,overdue,37.5,10,,,
1599,423,200.0,2025-03-18 16:11:37.322832+00:00,2025-03-28 00:00:00+00:00,overdue,37.0,4,,,
83304,31,10.0,2025-10-02 07:51:20.645414+00:00,2025-11-01 07:51:20.640207+00:00,overdue,1.25,1,,,
392,4,10.0,2025-01-22 13:47:37.425422+00:00,2025-01-28 00:00:00+00:00,fully_settled,1.25,1,,,
154442,287,900.0,2025-12-05 12:12:11.835486+00:00,2026-01-04 12:12:11.829515+00:00,overdue,112.5,1,,,
2007,698,1000.0,2025-03-21 10:15:52.388707+00:00,2025-03-28 00:00:00+00:00,overdue,185.0,4,,,
4758,534,900.0,2025-05-04 13:28:56.172713+00:00,2025-05-28 00:00:00+00:00,overdue,166.5,4,,,
17717,970,5000.0,2025-07-31 14:52:30.734428+00:00,2025-08-30 14:52:30.728911+00:00,overdue,925.0,14,,,
3266,420,1000.0,2025-04-03 07:14:07.535237+00:00,2025-04-28 00:00:00+00:00,overdue,185.0,4,,,
130066,994,500.0,2025-11-19 18:24:49.521282+00:00,2025-12-19 18:24:49.516266+00:00,overdue,92.5,16,,,
1378,376,750.0,2025-03-14 16:17:59.065497+00:00,2025-03-28 00:00:00+00:00,overdue,138.75,4,,,
129694,1036,1000.0,2025-11-19 16:19:08.450247+00:00,2025-12-19 16:19:08.444724+00:00,overdue,185.0,16,,,
1536,268,1000.0,2025-03-17 12:45:51.074217+00:00,2025-03-28 00:00:00+00:00,overdue,185.0,4,,,
5852,401,200.0,2025-06-07 08:35:08.819245+00:00,2025-06-28 00:00:00+00:00,overdue,37.0,4,,,
1533,472,1000.0,2025-03-17 12:18:20.614243+00:00,2025-03-28 00:00:00+00:00,overdue,185.0,4,,,
167092,892,100.0,2025-12-14 12:06:16.753037+00:00,2026-01-13 12:06:16.743766+00:00,overdue,12.5,10,,,
1626,391,100.0,2025-03-19 08:49:06.418194+00:00,2025-03-28 00:00:00+00:00,overdue,18.5,4,,,
1448,456,100.0,2025-03-15 17:37:12.838853+00:00,2025-03-28 00:00:00+00:00,overdue,18.5,4,,,
4937,518,300.0,2025-05-06 10:10:12.861563+00:00,2025-05-28 00:00:00+00:00,overdue,55.5,4,,,
143933,982,3000.0,2025-11-28 22:10:33.577707+00:00,2025-12-28 22:10:33.567534+00:00,overdue,435.0,8,,,
22013,70,1000.0,2025-09-11 09:01:06.108296+00:00,2025-10-11 09:01:06.102291+00:00,overdue,185.0,4,,,
638,255,1000.0,2025-02-19 07:36:37.062537+00:00,2025-02-28 00:00:00+00:00,overdue,185.0,4,,,
2368,663,100.0,2025-03-24 10:31:33.582568+00:00,2025-03-28 00:00:00+00:00,overdue,18.5,4,,,
5828,437,100.0,2025-06-06 10:31:26.052392+00:00,2025-06-28 00:00:00+00:00,overdue,18.5,4,,,
5580,547,1000.0,2025-06-03 16:18:56.293432+00:00,2025-06-28 00:00:00+00:00,overdue,185.0,4,,,
5612,403,1000.0,2025-06-03 20:07:13.189748+00:00,2025-06-28 00:00:00+00:00,overdue,185.0,4,,,
1657,586,1000.0,2025-03-19 15:04:57.549432+00:00,2025-03-28 00:00:00+00:00,overdue,185.0,4,,,
4070,858,1000.0,2025-04-14 09:53:33.280235+00:00,2025-04-28 00:00:00+00:00,overdue,185.0,4,,,
6038,355,5000.0,2025-06-30 07:13:53.461569+00:00,2025-07-28 00:00:00+00:00,overdue,925.0,4,,,
2126,543,100.0,2025-03-22 12:42:14.356937+00:00,2025-03-28 00:00:00+00:00,overdue,18.5,4,,,
4793,872,1000.0,2025-05-05 06:10:04.420898+00:00,2025-05-28 00:00:00+00:00,overdue,185.0,4,,,
3975,716,550.0,2025-04-11 01:38:29.947054+00:00,2025-04-28 00:00:00+00:00,overdue,101.75,4,,,
67125,1023,7000.0,2025-09-22 14:52:50.691082+00:00,2025-10-22 14:52:50.684933+00:00,overdue,1015.0,8,,,
3153,763,100.0,2025-04-02 22:58:46.302725+00:00,2025-04-28 00:00:00+00:00,overdue,18.5,4,,,
4923,384,1000.0,2025-05-06 07:03:21.987935+00:00,2025-05-28 00:00:00+00:00,overdue,185.0,4,,,
19828,986,5000.0,2025-08-21 16:47:51.408871+00:00,2025-09-20 16:47:51.402760+00:00,overdue,725.0,8,,,
158495,992,1100.0,2025-12-07 13:36:30.649706+00:00,2026-01-06 13:36:30.644309+00:00,overdue,203.5,16,,,
744,349,1000.0,2025-02-21 20:08:05.838358+00:00,2025-02-28 00:00:00+00:00,overdue,125.0,1,,,
163832,287,90.0,2025-12-11 10:42:30.118994+00:00,2026-01-10 10:42:30.112144+00:00,overdue,11.25,1,,,
134400,1036,3100.0,2025-11-22 07:34:35.332982+00:00,2025-12-22 07:34:35.327048+00:00,overdue,573.5,16,,,
5806,823,1000.0,2025-06-05 14:13:19.722600+00:00,2025-06-28 00:00:00+00:00,overdue,185.0,4,,,
4213,665,100.0,2025-04-21 21:35:17.315857+00:00,2025-04-28 00:00:00+00:00,overdue,18.5,4,,,
105000,943,2000.0,2025-10-23 10:04:07.564116+00:00,2025-11-22 10:04:07.559195+00:00,overdue,290.0,8,,,
4074,854,1000.0,2025-04-14 11:41:14.995296+00:00,2025-04-28 00:00:00+00:00,overdue,185.0,4,,,
2194,199,300.0,2025-03-23 10:06:36.232640+00:00,2025-03-28 00:00:00+00:00,overdue,55.5,4,,,
3422,794,100.0,2025-04-03 14:03:50.105325+00:00,2025-04-28 00:00:00+00:00,overdue,18.5,4,,,
2706,798,1000.0,2025-03-28 22:05:42.169510+00:00,2025-04-28 00:00:00+00:00,overdue,185.0,4,,,
959,282,100.0,2025-03-04 10:40:34.969214+00:00,2025-03-28 00:00:00+00:00,overdue,18.5,4,,,
1563,418,100.0,2025-03-18 04:32:38.760307+00:00,2025-03-28 00:00:00+00:00,overdue,18.5,4,,,
135455,947,4500.0,2025-11-22 23:08:58.429986+00:00,2025-12-22 23:08:58.424267+00:00,overdue,652.5,8,,,
154556,1051,2000.0,2025-12-05 13:03:56.687311+00:00,2026-01-04 13:03:56.681338+00:00,overdue,370.0,16,,,
3773,452,200.0,2025-04-07 05:59:10.021816+00:00,2025-04-28 00:00:00+00:00,overdue,37.0,4,,,
153865,930,640.0,2025-12-05 06:40:37.577637+00:00,2026-01-04 06:40:37.571646+00:00,overdue,80.0,1,,,
21491,5,1000.0,2025-09-07 11:25:22.880870+00:00,2025-10-07 11:25:22.874087+00:00,overdue,125.0,1,,,
4827,879,1000.0,2025-05-05 08:36:06.615242+00:00,2025-05-28 00:00:00+00:00,overdue,185.0,4,,,
5271,283,100.0,2025-05-23 16:24:49.715486+00:00,2025-05-28 00:00:00+00:00,overdue,18.5,4,,,
3654,556,1000.0,2025-04-04 16:11:16.938888+00:00,2025-04-28 00:00:00+00:00,overdue,185.0,4,,,
2189,375,400.0,2025-03-23 09:34:26.382266+00:00,2025-03-28 00:00:00+00:00,overdue,74.0,4,,,
22010,952,10000.0,2025-09-11 08:19:01.111502+00:00,2025-10-11 08:19:01.105914+00:00,overdue,1850.0,13,,,
939,252,1000.0,2025-03-04 06:08:31.051007+00:00,2025-03-28 00:00:00+00:00,overdue,185.0,4,,,
3489,454,1000.0,2025-04-04 05:05:36.881482+00:00,2025-04-28 00:00:00+00:00,overdue,185.0,4,,,
4393,770,200.0,2025-05-01 16:04:45.867747+00:00,2025-05-28 00:00:00+00:00,overdue,37.0,4,,,
5190,635,200.0,2025-05-12 22:42:06.299057+00:00,2025-05-28 00:00:00+00:00,overdue,37.0,4,,,
4257,870,200.0,2025-04-23 19:03:54.260999+00:00,2025-04-28 00:00:00+00:00,overdue,37.0,4,,,
1568,527,1000.0,2025-03-18 07:00:15.860209+00:00,2025-03-28 00:00:00+00:00,overdue,185.0,4,,,
3806,820,1000.0,2025-04-07 19:59:00.244844+00:00,2025-04-28 00:00:00+00:00,overdue,185.0,4,,,
5847,470,1000.0,2025-06-06 20:30:55.994263+00:00,2025-06-28 00:00:00+00:00,overdue,185.0,4,,,
5320,635,150.0,2025-05-29 06:09:28.279844+00:00,2025-06-28 00:00:00+00:00,overdue,27.75,4,,,
1881,295,100.0,2025-03-21 04:11:26.986263+00:00,2025-03-28 00:00:00+00:00,overdue,18.5,4,,,
1651,452,150.0,2025-03-19 12:53:24.636003+00:00,2025-03-28 00:00:00+00:00,overdue,27.75,4,,,
20710,68,2000.0,2025-08-30 10:08:22.546453+00:00,2025-09-29 10:08:22.541253+00:00,overdue,370.0,4,,,
2364,755,1000.0,2025-03-24 09:36:53.625717+00:00,2025-03-28 00:00:00+00:00,overdue,185.0,4,,,
156665,982,2000.0,2025-12-06 15:28:05.342544+00:00,2026-01-05 15:28:05.334680+00:00,overdue,290.0,8,,,
2456,588,300.0,2025-03-25 08:48:47.804035+00:00,2025-03-28 00:00:00+00:00,overdue,55.5,4,,,
131218,1038,2000.0,2025-11-20 10:38:18.358106+00:00,2025-12-20 10:38:18.350862+00:00,overdue,290.0,8,,,
4381,770,200.0,2025-04-30 18:25:31.342542+00:00,2025-05-28 00:00:00+00:00,overdue,37.0,4,,,
3737,814,1000.0,2025-04-05 16:08:52.086343+00:00,2025-04-28 00:00:00+00:00,overdue,185.0,4,,,
5298,769,100.0,2025-05-27 14:43:45.315248+00:00,2025-05-28 00:00:00+00:00,overdue,18.5,4,,,
1670,610,1000.0,2025-03-19 17:58:28.733955+00:00,2025-03-28 00:00:00+00:00,overdue,185.0,4,,,
934,282,100.0,2025-03-03 15:57:59.592425+00:00,2025-03-28 00:00:00+00:00,overdue,18.5,4,,,
5990,938,1500.0,2025-06-24 10:16:22.501868+00:00,2025-06-28 00:00:00+00:00,overdue,217.5,8,,,
3152,763,100.0,2025-04-02 22:32:54.715843+00:00,2025-04-28 00:00:00+00:00,overdue,18.5,4,,,
47851,902,200.0,2025-09-16 09:09:49.605658+00:00,2025-10-16 09:09:49.599707+00:00,overdue,25.0,10,,,
3755,343,200.0,2025-04-06 12:29:04.695064+00:00,2025-04-28 00:00:00+00:00,overdue,37.0,4,,,
2532,713,150.0,2025-03-26 08:43:33.177015+00:00,2025-03-28 00:00:00+00:00,overdue,27.75,4,,,
113533,992,5000.0,2025-10-31 07:27:30.283178+00:00,2025-11-30 07:27:30.278510+00:00,overdue,925.0,16,,,
2003,588,300.0,2025-03-21 10:11:45.868330+00:00,2025-03-28 00:00:00+00:00,overdue,55.5,4,,,
735,30,50.0,2025-02-21 14:53:47.936718+00:00,2025-02-28 00:00:00+00:00,overdue,6.25,1,,,
1856,382,100.0,2025-03-20 17:22:33.742351+00:00,2025-03-28 00:00:00+00:00,overdue,18.5,4,,,
20269,953,3500.0,2025-08-26 13:03:55.909838+00:00,2025-09-25 13:03:55.902926+00:00,overdue,647.5,13,,,
2544,725,1000.0,2025-03-26 10:40:58.187700+00:00,2025-03-28 00:00:00+00:00,overdue,185.0,4,,,
2612,540,100.0,2025-03-27 09:11:35.829866+00:00,2025-03-28 00:00:00+00:00,overdue,18.5,4,,,
1596,543,350.0,2025-03-18 15:48:35.243751+00:00,2025-03-28 00:00:00+00:00,overdue,64.75,4,,,
104327,992,1000.0,2025-10-22 14:30:23.285111+00:00,2025-11-21 14:30:23.280881+00:00,overdue,185.0,16,,,
5860,566,640.0,2025-06-07 16:38:06.542155+00:00,2025-06-28 00:00:00+00:00,overdue,118.4,4,,,
137667,1048,8000.0,2025-11-24 17:22:41.616912+00:00,2025-12-24 17:22:41.611409+00:00,overdue,1160.0,8,,,
46681,1005,2000.0,2025-09-15 16:13:55.998698+00:00,2025-10-15 16:13:55.992610+00:00,overdue,290.0,8,,,
4844,857,1000.0,2025-05-05 11:34:16.238516+00:00,2025-05-28 00:00:00+00:00,overdue,185.0,4,,,
97925,1041,10000.0,2025-10-14 16:35:37.846326+00:00,2025-11-13 16:35:37.839344+00:00,overdue,1450.0,8,,,
4142,347,200.0,2025-04-16 10:38:37.504175+00:00,2025-04-28 00:00:00+00:00,overdue,37.0,4,,,
2580,768,200.0,2025-03-26 18:07:33.744641+00:00,2025-03-28 00:00:00+00:00,overdue,37.0,4,,,
4001,277,1000.0,2025-04-11 14:18:10.664701+00:00,2025-04-28 00:00:00+00:00,overdue,185.0,4,,,
1025,346,100.0,2025-03-04 20:13:24.758542+00:00,2025-03-28 00:00:00+00:00,overdue,18.5,4,,,
1507,374,100.0,2025-03-17 09:00:55.973627+00:00,2025-03-28 00:00:00+00:00,overdue,18.5,4,,,
1514,468,1000.0,2025-03-17 09:54:21.931948+00:00,2025-03-28 00:00:00+00:00,overdue,185.0,4,,,
22021,70,970.0,2025-09-11 11:04:50.622693+00:00,2025-10-11 11:04:50.615680+00:00,overdue,179.45,4,,,
119145,994,1000.0,2025-11-09 10:20:39.882428+00:00,2025-12-09 10:20:39.875200+00:00,overdue,185.0,16,,,
1619,581,800.0,2025-03-19 07:00:12.183208+00:00,2025-03-28 00:00:00+00:00,overdue,148.0,4,,,
648,328,500.0,2025-02-19 08:35:23.272466+00:00,2025-02-28 00:00:00+00:00,overdue,92.5,4,,,
2725,774,500.0,2025-03-29 09:15:38.095119+00:00,2025-04-28 00:00:00+00:00,overdue,92.5,4,,,
69640,944,2000.0,2025-09-24 17:39:12.995543+00:00,2025-10-24 17:39:12.990004+00:00,overdue,290.0,8,,,
3780,765,1000.0,2025-04-07 07:01:31.050974+00:00,2025-04-28 00:00:00+00:00,overdue,185.0,4,,,
95381,990,5000.0,2025-10-11 18:49:04.386278+00:00,2025-11-10 18:49:04.381672+00:00,overdue,725.0,8,,,
5330,566,105.0,2025-05-29 20:51:46.557246+00:00,2025-06-28 00:00:00+00:00,overdue,19.425,4,,,
2484,639,1000.0,2025-03-25 14:27:51.765908+00:00,2025-03-28 00:00:00+00:00,overdue,185.0,4,,,
4097,543,150.0,2025-04-15 08:38:30.963934+00:00,2025-04-28 00:00:00+00:00,overdue,27.75,4,,,
1442,466,1000.0,2025-03-15 16:31:17.370862+00:00,2025-03-28 00:00:00+00:00,overdue,185.0,4,,,
20691,56,8000.0,2025-08-30 06:16:15.029830+00:00,2025-09-29 06:16:15.025151+00:00,overdue,1480.0,4,,,
19002,902,650.0,2025-08-10 09:27:59.301395+00:00,2025-09-09 09:27:59.296799+00:00,overdue,81.25,10,,,
5016,853,1000.0,2025-05-08 14:54:49.954318+00:00,2025-05-28 00:00:00+00:00,overdue,185.0,4,,,
3625,406,900.0,2025-04-04 12:19:53.855353+00:00,2025-04-28 00:00:00+00:00,overdue,166.5,4,,,
3869,133,150.0,2025-04-09 05:29:12.610808+00:00,2025-04-28 00:00:00+00:00,overdue,27.75,4,,,
4030,839,100.0,2025-04-12 17:10:54.465353+00:00,2025-04-28 00:00:00+00:00,overdue,18.5,4,,,
4334,758,150.0,2025-04-29 06:09:55.883284+00:00,2025-05-28 00:00:00+00:00,overdue,27.75,4,,,
1391,456,300.0,2025-03-14 18:46:53.239104+00:00,2025-03-28 00:00:00+00:00,overdue,55.5,4,,,
48682,1015,10000.0,2025-09-16 13:09:30.541030+00:00,2025-10-16 13:09:30.534452+00:00,overdue,1450.0,8,,,
5181,518,500.0,2025-05-12 08:34:41.237008+00:00,2025-05-28 00:00:00+00:00,overdue,92.5,4,,,
114342,994,1000.0,2025-11-01 09:05:50.964695+00:00,2025-12-01 09:05:50.959223+00:00,overdue,185.0,16,,,
117741,897,400.0,2025-11-06 15:58:54.687010+00:00,2025-12-06 15:58:54.682733+00:00,overdue,50.0,10,,,
3347,712,1000.0,2025-04-03 09:20:56.096001+00:00,2025-04-28 00:00:00+00:00,overdue,185.0,4,,,
608,130,2000.0,2025-02-17 05:47:00.426826+00:00,2025-02-28 00:00:00+00:00,overdue,370.0,4,,,
134732,886,10000.0,2025-11-22 11:18:16.524113+00:00,2025-12-22 11:18:16.520045+00:00,overdue,1250.0,10,,,
860,190,300.0,2025-02-25 12:29:37.489177+00:00,2025-02-28 00:00:00+00:00,overdue,55.5,4,,,
3413,338,1000.0,2025-04-03 13:07:44.610632+00:00,2025-04-28 00:00:00+00:00,overdue,185.0,4,,,
1620,581,200.0,2025-03-19 07:02:37.817711+00:00,2025-03-28 00:00:00+00:00,overdue,37.0,4,,,
1576,503,1000.0,2025-03-18 08:29:06.906381+00:00,2025-03-28 00:00:00+00:00,overdue,185.0,4,,,
1577,402,100.0,2025-03-18 08:33:16.621111+00:00,2025-03-28 00:00:00+00:00,overdue,18.5,4,,,
2560,691,300.0,2025-03-26 14:11:57.049635+00:00,2025-03-28 00:00:00+00:00,overdue,55.5,4,,,
116517,1038,4000.0,2025-11-04 15:36:39.962414+00:00,2025-12-04 15:36:39.957361+00:00,overdue,580.0,8,,,
46592,1013,6000.0,2025-09-15 15:34:58.503158+00:00,2025-10-15 15:34:58.497849+00:00,overdue,870.0,8,,,
1061,329,500.0,2025-03-06 04:52:49.913764+00:00,2025-03-28 00:00:00+00:00,overdue,92.5,4,,,
1750,400,400.0,2025-03-20 09:53:34.104887+00:00,2025-03-28 00:00:00+00:00,overdue,74.0,4,,,
1410,431,1000.0,2025-03-15 06:35:17.063320+00:00,2025-03-28 00:00:00+00:00,overdue,185.0,4,,,
21311,995,3000.0,2025-09-06 10:16:39.297436+00:00,2025-10-06 10:16:39.292706+00:00,overdue,555.0,16,,,
3722,347,800.0,2025-04-05 10:29:09.478607+00:00,2025-04-28 00:00:00+00:00,overdue,148.0,4,,,
2120,660,100.0,2025-03-22 08:48:51.237288+00:00,2025-03-28 00:00:00+00:00,overdue,18.5,4,,,
157202,892,300.0,2025-12-06 20:22:08.318061+00:00,2026-01-05 20:22:08.312795+00:00,overdue,37.5,10,,,
2143,676,100.0,2025-03-22 16:13:40.054505+00:00,2025-03-28 00:00:00+00:00,overdue,18.5,4,,,
1638,571,1000.0,2025-03-19 09:57:04.319188+00:00,2025-03-28 00:00:00+00:00,overdue,185.0,4,,,
3740,717,600.0,2025-04-05 16:50:14.565841+00:00,2025-04-28 00:00:00+00:00,overdue,111.0,4,,,
3003,445,485.0,2025-04-02 13:35:08.941772+00:00,2025-04-28 00:00:00+00:00,overdue,89.725,4,,,
909,342,900.0,2025-03-01 13:16:18.814687+00:00,2025-03-28 00:00:00+00:00,overdue,166.5,4,,,
91361,1035,3000.0,2025-10-07 15:45:11.454085+00:00,2025-11-06 15:45:11.431499+00:00,overdue,435.0,8,,,
2821,295,100.0,2025-03-31 04:49:54.085966+00:00,2025-04-28 00:00:00+00:00,overdue,18.5,4,,,
2839,713,100.0,2025-03-31 09:03:27.137244+00:00,2025-04-28 00:00:00+00:00,overdue,18.5,4,,,
5022,891,1000.0,2025-05-08 19:54:19.054284+00:00,2025-05-28 00:00:00+00:00,overdue,125.0,10,,,
4361,518,100.0,2025-04-30 11:32:11.149291+00:00,2025-05-28 00:00:00+00:00,overdue,18.5,4,,,
2488,427,400.0,2025-03-25 16:07:29.429114+00:00,2025-03-28 00:00:00+00:00,overdue,74.0,4,,,
1401,451,1000.0,2025-03-15 06:11:07.397077+00:00,2025-03-28 00:00:00+00:00,overdue,185.0,4,,,
124749,1036,500.0,2025-11-18 09:38:10.706280+00:00,2025-12-18 09:38:10.700281+00:00,overdue,92.5,16,,,
2178,707,1000.0,2025-03-23 08:19:20.073545+00:00,2025-03-28 00:00:00+00:00,overdue,185.0,4,,,
1371,304,1000.0,2025-03-14 15:47:34.016453+00:00,2025-03-28 00:00:00+00:00,overdue,185.0,4,,,
5875,561,700.0,2025-06-08 19:32:38.367944+00:00,2025-06-28 00:00:00+00:00,overdue,129.5,4,,,
2478,752,1000.0,2025-03-25 13:24:11.636804+00:00,2025-03-28 00:00:00+00:00,overdue,185.0,4,,,
139571,982,2000.0,2025-11-25 19:31:59.945819+00:00,2025-12-25 19:31:59.938108+00:00,overdue,290.0,8,,,
3802,474,800.0,2025-04-07 17:20:18.735051+00:00,2025-04-28 00:00:00+00:00,overdue,148.0,4,,,
1649,467,150.0,2025-03-19 12:29:26.867617+00:00,2025-03-28 00:00:00+00:00,overdue,27.75,4,,,
3896,834,1000.0,2025-04-09 12:40:11.093359+00:00,2025-04-28 00:00:00+00:00,overdue,185.0,4,,,
111237,1017,2000.0,2025-10-28 09:02:04.737157+00:00,2025-11-27 09:02:04.733370+00:00,overdue,290.0,8,,,
6040,354,5000.0,2025-06-30 08:36:10.571882+00:00,2025-07-28 00:00:00+00:00,overdue,925.0,4,,,
2653,592,300.0,2025-03-27 21:42:56.363441+00:00,2025-03-28 00:00:00+00:00,overdue,55.5,4,,,
162772,992,1900.0,2025-12-10 09:04:44.089628+00:00,2026-01-09 09:04:44.081788+00:00,overdue,351.5,16,,,
4109,729,100.0,2025-04-15 12:45:41.662485+00:00,2025-04-28 00:00:00+00:00,overdue,18.5,4,,,
1127,120,2000.0,2025-03-10 09:39:36.480326+00:00,2025-03-28 00:00:00+00:00,overdue,370.0,4,,,
3494,704,1000.0,2025-04-04 05:40:07.019885+00:00,2025-04-28 00:00:00+00:00,overdue,185.0,4,,,
2134,647,350.0,2025-03-22 13:31:44.760678+00:00,2025-03-28 00:00:00+00:00,overdue,64.75,4,,,
867,282,100.0,2025-02-26 16:05:52.858073+00:00,2025-02-28 00:00:00+00:00,overdue,18.5,4,,,
5226,907,200.0,2025-05-17 13:49:27.556788+00:00,2025-05-28 00:00:00+00:00,overdue,37.0,4,,,
3750,199,1000.0,2025-04-06 06:51:48.875913+00:00,2025-04-28 00:00:00+00:00,overdue,185.0,4,,,
2123,659,200.0,2025-03-22 11:04:33.228170+00:00,2025-03-28 00:00:00+00:00,overdue,37.0,4,,,
1034,220,1500.0,2025-03-05 09:02:48.569913+00:00,2025-03-28 00:00:00+00:00,overdue,277.5,4,,,
166903,1052,550.0,2025-12-14 08:55:54.579025+00:00,2026-01-13 08:55:54.571811+00:00,overdue,101.75,16,,,
4285,839,100.0,2025-04-27 17:32:38.110015+00:00,2025-04-28 00:00:00+00:00,overdue,18.5,4,,,
5841,283,150.0,2025-06-06 18:40:01.265484+00:00,2025-06-28 00:00:00+00:00,overdue,27.75,4,,,
4239,518,100.0,2025-04-23 01:52:40.281762+00:00,2025-04-28 00:00:00+00:00,overdue,18.5,4,,,
18879,88,10000.0,2025-08-08 17:40:40.291238+00:00,2025-09-07 17:40:40.286591+00:00,overdue,1850.0,4,,,
908,350,1000.0,2025-03-01 13:02:48.860345+00:00,2025-03-14 00:00:00+00:00,overdue,185.0,4,,,
18846,881,4000.0,2025-08-08 12:19:33.387948+00:00,2025-09-07 12:19:33.381936+00:00,overdue,500.0,10,,,
1667,232,1000.0,2025-03-19 17:02:34.618483+00:00,2025-03-28 00:00:00+00:00,overdue,185.0,4,,,
3345,526,100.0,2025-04-03 09:17:05.694826+00:00,2025-04-28 00:00:00+00:00,overdue,18.5,4,,,
19449,881,2000.0,2025-08-16 06:21:36.213200+00:00,2025-09-15 06:21:36.208360+00:00,overdue,250.0,10,,,
19576,62,2000.0,2025-08-17 18:09:58.173622+00:00,2025-09-16 18:09:58.168541+00:00,overdue,370.0,4,,,
3719,816,1000.0,2025-04-05 10:08:26.325283+00:00,2025-04-28 00:00:00+00:00,overdue,185.0,4,,,
2460,622,300.0,2025-03-25 09:10:13.088922+00:00,2025-03-28 00:00:00+00:00,overdue,55.5,4,,,
157382,63,4000.0,2025-12-07 03:30:26.509482+00:00,2026-01-06 03:30:26.501310+00:00,overdue,740.0,4,,,
1709,608,1000.0,2025-03-20 06:54:21.181506+00:00,2025-03-28 00:00:00+00:00,overdue,185.0,4,,,
2502,660,100.0,2025-03-25 19:18:09.441193+00:00,2025-03-28 00:00:00+00:00,overdue,18.5,4,,,
4237,190,100.0,2025-04-22 19:25:24.768212+00:00,2025-04-28 00:00:00+00:00,overdue,18.5,4,,,
